scenario,configuration,replicate,seed,windows,level,quantity,truth,median,lo,hi,contraction,bias_log,covered,rank,n_par,least_fisher_eigenvalue,least_informed_contraction
reference,E2_ceus,0,0,ceus,independent,phi,0.028000000000000004,0.02398095894785949,0.006832260057555617,0.08417220468985946,0.8382622365671352,-0.15494437189001076,True,6,9,0.0,1.0
reference,E2_ceus,0,0,ceus,independent,k,3.4999999999999997e-13,3.162277660168375e-13,9.999999999999987e-15,9.999999999999985e-12,1.0,-0.10147042199834644,True,6,9,0.0,1.0
reference,E2_ceus,0,0,ceus,independent,D,1.0000000000000004e-06,1.0108229547327233e-06,9.843704402080861e-07,1.0379863149878847e-06,0.011516531994237175,0.010764805744488015,True,6,9,0.0,1.0
reference,E2_ceus,0,0,ceus,independent,vmag,0.0010488088481701513,0.0010542827453395996,0.0010460064148611276,0.001062624560737873,0.0034227508573653528,0.005205583577390094,True,6,9,0.0,1.0
reference,E2_ceus,0,0,ceus,independent,S_v,2.8000000000000023e-05,2.2360679774997884e-05,1.4338978448964585e-06,0.0003486998755034075,1.0,-0.22490046096410943,True,6,9,0.0,1.0
reference,E2_ceus,1,1,ceus,independent,phi,0.028000000000000004,0.023774007145274393,0.00677330238142719,0.08344576750233096,0.8382618792955064,-0.16361166306687158,True,6,9,0.0,1.0
reference,E2_ceus,1,1,ceus,independent,k,3.4999999999999997e-13,3.162277660168375e-13,9.999999999999987e-15,9.999999999999985e-12,1.0,-0.10147042199834644,True,6,9,0.0,1.0
reference,E2_ceus,1,1,ceus,independent,D,1.0000000000000004e-06,9.74620828549902e-07,9.492410936035797e-07,1.0006791381494773e-06,0.01145915742174786,-0.025706777418065485,True,6,9,0.0,1.0
reference,E2_ceus,1,1,ceus,independent,vmag,0.0010488088481701513,0.0010431881263180248,0.001035057640724411,0.0010513824777229586,0.003398099588620934,-0.00537355975710696,True,6,9,0.0,1.0
reference,E2_ceus,1,1,ceus,independent,S_v,2.8000000000000023e-05,2.2360679774997884e-05,1.4338978448964585e-06,0.0003486998755034075,1.0,-0.22490046096410943,True,6,9,0.0,1.0
reference,E2_ceus,2,2,ceus,independent,phi,0.028000000000000004,0.02389702010868364,0.006808348439153133,0.08387754756950475,0.8382619567194375,-0.15845074065617748,True,6,9,0.0,1.0
reference,E2_ceus,2,2,ceus,independent,k,3.4999999999999997e-13,3.162277660168375e-13,9.999999999999987e-15,9.999999999999985e-12,1.0,-0.10147042199834644,True,6,9,0.0,1.0
reference,E2_ceus,2,2,ceus,independent,D,1.0000000000000004e-06,1.0032226116259344e-06,9.769825306012046e-07,1.030167456380432e-06,0.011510513976545527,0.003217430142044009,True,6,9,0.0,1.0
reference,E2_ceus,2,2,ceus,independent,vmag,0.0010488088481701513,0.0010505932544746693,0.0010423702244466218,0.0010588811541826597,0.0034126108526809245,0.001699918974048309,True,6,9,0.0,1.0
reference,E2_ceus,2,2,ceus,independent,S_v,2.8000000000000023e-05,2.2360679774997884e-05,1.4338978448964585e-06,0.0003486998755034075,1.0,-0.22490046096410943,True,6,9,0.0,1.0
reference,E2_ceus,3,3,ceus,independent,phi,0.028000000000000004,0.023881707300250528,0.006803985787006096,0.08382379996502014,0.8382619544639669,-0.15909172922108183,True,6,9,0.0,1.0
reference,E2_ceus,3,3,ceus,independent,k,3.4999999999999997e-13,3.162277660168375e-13,9.999999999999987e-15,9.999999999999985e-12,1.0,-0.10147042199834644,True,6,9,0.0,1.0
reference,E2_ceus,3,3,ceus,independent,D,1.0000000000000004e-06,9.944867125549277e-07,9.68537091952809e-07,1.021131590793526e-06,0.011482727344356814,-0.005528541707557011,True,6,9,0.0,1.0
reference,E2_ceus,3,3,ceus,independent,vmag,0.0010488088481701513,0.0010472044275500751,0.0010390258914228458,0.0010554473397951054,0.0034050998813712086,-0.0015309263085523384,True,6,9,0.0,1.0
reference,E2_ceus,3,3,ceus,independent,S_v,2.8000000000000023e-05,2.2360679774997884e-05,1.4338978448964585e-06,0.0003486998755034075,1.0,-0.22490046096410943,True,6,9,0.0,1.0
reference,E2_ceus,4,4,ceus,independent,phi,0.028000000000000004,0.023811070055248153,0.0067838616922585694,0.08357585736497725,0.8382618841189876,-0.162053909264674,True,6,9,0.0,1.0
reference,E2_ceus,4,4,ceus,independent,k,3.4999999999999997e-13,3.162277660168375e-13,9.999999999999987e-15,9.999999999999985e-12,1.0,-0.10147042199834644,True,6,9,0.0,1.0
reference,E2_ceus,4,4,ceus,independent,D,1.0000000000000004e-06,9.827006658063996e-07,9.571017767269842e-07,1.0089842293248709e-06,0.011463127860467347,-0.017450716086358398,True,6,9,0.0,1.0
reference,E2_ceus,4,4,ceus,independent,vmag,0.0010488088481701513,0.0010508310917172272,0.0010426483446000882,0.001059078057370491,0.003395056054514377,0.001926277104908003,True,6,9,0.0,1.0
reference,E2_ceus,4,4,ceus,independent,S_v,2.8000000000000023e-05,2.2360679774997884e-05,1.4338978448964585e-06,0.0003486998755034075,1.0,-0.22490046096410943,True,6,9,0.0,1.0
reference,E2_ceus_Acal,0,0,ceus,independent,phi,0.028000000000000004,0.0282636754809153,0.025610410363604147,0.031191821620544808,0.06581262651396086,0.009372918104547878,True,6,9,0.0,1.0
reference,E2_ceus_Acal,0,0,ceus,independent,k,3.4999999999999997e-13,3.162277660168375e-13,9.999999999999987e-15,9.999999999999985e-12,1.0,-0.10147042199834644,True,6,9,0.0,1.0
reference,E2_ceus_Acal,0,0,ceus,independent,D,1.0000000000000004e-06,1.0107732471401278e-06,9.843245332326927e-07,1.0379326356713682e-06,0.011515429052202163,0.010715629165545693,True,6,9,0.0,1.0
reference,E2_ceus_Acal,0,0,ceus,independent,vmag,0.0010488088481701513,0.0010542804932348522,0.0010460042632444596,0.0010626222066895679,0.003422716475744442,0.00520344742637846,True,6,9,0.0,1.0
reference,E2_ceus_Acal,0,0,ceus,independent,S_v,2.8000000000000023e-05,2.2360679774997884e-05,1.4338978448964585e-06,0.0003486998755034075,1.0,-0.22490046096410943,True,6,9,0.0,1.0
reference,E2_ceus_Acal,1,1,ceus,independent,phi,0.028000000000000004,0.02745503998989932,0.02487958772546506,0.030297094516379523,0.06576159087857708,-0.019654752883807358,True,6,9,0.0,1.0
reference,E2_ceus_Acal,1,1,ceus,independent,k,3.4999999999999997e-13,3.162277660168375e-13,9.999999999999987e-15,9.999999999999985e-12,1.0,-0.10147042199834644,True,6,9,0.0,1.0
reference,E2_ceus_Acal,1,1,ceus,independent,D,1.0000000000000004e-06,9.745808104430785e-07,9.49204525068487e-07,1.000635512157253e-06,0.011458055915685675,-0.02574783844123374,True,6,9,0.0,1.0
reference,E2_ceus_Acal,1,1,ceus,independent,vmag,0.0010488088481701513,0.0010431862838690634,0.001035055888914605,0.0010513805433189788,0.0033980675829182474,-0.005375325929997565,True,6,9,0.0,1.0
reference,E2_ceus_Acal,1,1,ceus,independent,S_v,2.8000000000000023e-05,2.2360679774997884e-05,1.4338978448964585e-06,0.0003486998755034075,1.0,-0.22490046096410943,True,6,9,0.0,1.0
reference,E2_ceus_Acal,2,2,ceus,independent,phi,0.028000000000000004,0.027933748068344554,0.025312970502884346,0.03082586775253543,0.06577265560916702,-0.0023689441500591712,True,6,9,0.0,1.0
reference,E2_ceus_Acal,2,2,ceus,independent,k,3.4999999999999997e-13,3.162277660168375e-13,9.999999999999987e-15,9.999999999999985e-12,1.0,-0.10147042199834644,True,6,9,0.0,1.0
reference,E2_ceus_Acal,2,2,ceus,independent,D,1.0000000000000004e-06,1.0031770215960352e-06,9.769405922115698e-07,1.0301180488161661e-06,0.011509420750380379,0.003171985526572385,True,6,9,0.0,1.0
reference,E2_ceus_Acal,2,2,ceus,independent,vmag,0.0010488088481701513,0.0010505912846967987,0.0010423683475570106,0.0010588790901677897,0.003412578575112563,0.0016980440527039065,True,6,9,0.0,1.0
reference,E2_ceus_Acal,2,2,ceus,independent,S_v,2.8000000000000023e-05,2.2360679774997884e-05,1.4338978448964585e-06,0.0003486998755034075,1.0,-0.22490046096410943,True,6,9,0.0,1.0
reference,E2_ceus_Acal,3,3,ceus,independent,phi,0.028000000000000004,0.027873800179789462,0.025258659134728217,0.03075969837981627,0.06577233478773918,-0.004517324198800576,True,6,9,0.0,1.0
reference,E2_ceus_Acal,3,3,ceus,independent,k,3.4999999999999997e-13,3.162277660168375e-13,9.999999999999987e-15,9.999999999999985e-12,1.0,-0.10147042199834644,True,6,9,0.0,1.0
reference,E2_ceus_Acal,3,3,ceus,independent,D,1.0000000000000004e-06,9.944434412379732e-07,9.684973814881278e-07,1.0210845963276824e-06,0.011481636894098382,-0.005572053860941395,True,6,9,0.0,1.0
reference,E2_ceus_Acal,3,3,ceus,independent,vmag,0.0010488088481701513,0.0010472028441497465,0.0010390243952413216,0.001055445667895619,0.003405068594240562,-0.0015324383357020466,True,6,9,0.0,1.0
reference,E2_ceus_Acal,3,3,ceus,independent,S_v,2.8000000000000023e-05,2.2360679774997884e-05,1.4338978448964585e-06,0.0003486998755034075,1.0,-0.22490046096410943,True,6,9,0.0,1.0
reference,E2_ceus_Acal,4,4,ceus,independent,phi,0.028000000000000004,0.027598729757719428,0.0250097725530018,0.030455690175727163,0.06576228367040478,-0.014434761782238237,True,6,9,0.0,1.0
reference,E2_ceus_Acal,4,4,ceus,independent,k,3.4999999999999997e-13,3.162277660168375e-13,9.999999999999987e-15,9.999999999999985e-12,1.0,-0.10147042199834644,True,6,9,0.0,1.0
reference,E2_ceus_Acal,4,4,ceus,independent,D,1.0000000000000004e-06,9.826584621359797e-07,9.570630834094171e-07,1.0089383552101466e-06,0.011462033814464498,-0.017493663626913403,True,6,9,0.0,1.0
reference,E2_ceus_Acal,4,4,ceus,independent,vmag,0.0010488088481701513,0.0010508289682365046,0.001042646312109631,0.001059075841596502,0.0033950250417529664,0.0019242563397394719,True,6,9,0.0,1.0
reference,E2_ceus_Acal,4,4,ceus,independent,S_v,2.8000000000000023e-05,2.2360679774997884e-05,1.4338978448964585e-06,0.0003486998755034075,1.0,-0.22490046096410943,True,6,9,0.0,1.0
reference,E3_joint_independent,0,0,swe+ceus,independent,mu,2999.9999999999977,3009.5961485033613,2999.4645820313935,3019.761937296136,0.0029289686216141587,0.003193611158646803,True,12,13,0.0,1.0
reference,E3_joint_independent,0,0,swe+ceus,independent,eta_s,1.5,1.4883312694732653,1.4686573697092147,1.5082687176590983,0.005779117357404331,-0.007809569140868167,True,12,13,0.0,1.0
reference,E3_joint_independent,0,0,swe+ceus,independent,phi,0.028000000000000004,0.028040621478243925,0.0254092926843191,0.030944444721650644,0.06578642954826357,0.0014497157342954203,True,12,13,0.0,1.0
reference,E3_joint_independent,0,0,swe+ceus,independent,k,3.4999999999999997e-13,3.193687979537769e-13,1.0125800118806994e-14,1.0072925389569851e-11,0.999242088959781,-0.09158661303685989,True,12,13,0.0,1.0
reference,E3_joint_independent,0,0,swe+ceus,independent,D,1.0000000000000004e-06,9.949490484879548e-07,9.690316173407988e-07,1.0215596595326984e-06,0.0114628936775557,-0.005063750684490387,True,12,13,0.0,1.0
reference,E3_joint_independent,0,0,swe+ceus,independent,vmag,0.0010488088481701513,0.0010475233184292522,0.0010393457109180596,0.001055765267635325,0.0034036711894509107,-0.0012264563054671385,True,12,13,0.0,1.0
reference,E3_joint_independent,0,0,swe+ceus,independent,S_v,2.8000000000000023e-05,2.2360679774997884e-05,1.4338978448964585e-06,0.0003486998755034075,1.0,-0.22490046096410943,True,12,13,0.0,1.0
reference,E3_joint_independent,1,1,swe+ceus,independent,mu,2999.9999999999977,2993.5351435133166,2983.4944786860947,3003.6095992360447,0.002918245152918718,-0.00215727741277405,True,12,13,0.0,1.0
reference,E3_joint_independent,1,1,swe+ceus,independent,eta_s,1.5,1.471606855577898,1.452056512391826,1.4914204226229806,0.005808283411941782,-0.019110205282671044,False,12,13,0.0,1.0
reference,E3_joint_independent,1,1,swe+ceus,independent,phi,0.028000000000000004,0.02733437379076155,0.02476954827518261,0.030164780650508788,0.0657802552605662,-0.024059486787867623,True,12,13,0.0,1.0
reference,E3_joint_independent,1,1,swe+ceus,independent,k,3.4999999999999997e-13,3.12119726357709e-13,9.893840643127744e-15,9.846401119193098e-12,0.9993042042956533,-0.11454630195670745,True,12,13,0.0,1.0
reference,E3_joint_independent,1,1,swe+ceus,independent,D,1.0000000000000004e-06,9.774722739394807e-07,9.519095777476113e-07,1.0037214339004654e-06,0.011508750907313889,-0.022785351781175578,True,12,13,0.0,1.0
reference,E3_joint_independent,1,1,swe+ceus,independent,vmag,0.0010488088481701513,0.0010542575982648874,0.0010460225703999302,0.0010625574580807563,0.0034056841950164765,0.005181730986862476,True,12,13,0.0,1.0
reference,E3_joint_independent,1,1,swe+ceus,independent,S_v,2.8000000000000023e-05,2.2360679774997884e-05,1.4338978448964585e-06,0.0003486998755034075,1.0,-0.22490046096410943,True,12,13,0.0,1.0
reference,E3_joint_independent,2,2,swe+ceus,independent,mu,2999.9999999999977,3002.9742558428343,2992.8132457044617,3013.169763999812,0.0029439834931341263,0.0009909274834285497,True,12,13,0.0,1.0
reference,E3_joint_independent,2,2,swe+ceus,independent,eta_s,1.5,1.493801595741714,1.4737206312335094,1.514156184115279,0.0058777556017218765,-0.004140830924691141,True,12,13,0.0,1.0
reference,E3_joint_independent,2,2,swe+ceus,independent,phi,0.028000000000000004,0.027795818207054745,0.025188780359030435,0.030672684377219095,0.06575147887325603,-0.007318925000132204,True,12,13,0.0,1.0
reference,E3_joint_independent,2,2,swe+ceus,independent,k,3.4999999999999997e-13,3.3666864108362923e-13,1.0673576450749277e-14,1.0619287210065449e-11,0.9992618006006923,-0.038833968728621215,True,12,13,0.0,1.0
reference,E3_joint_independent,2,2,swe+ceus,independent,D,1.0000000000000004e-06,9.920438397585175e-07,9.66193563899281e-07,1.0185857335160371e-06,0.01146672444225962,-0.007987979368802911,True,12,13,0.0,1.0
reference,E3_joint_independent,2,2,swe+ceus,independent,vmag,0.0010488088481701513,0.00104442415678689,0.001036282697709261,0.0010526295784840432,0.0033986611705644817,-0.004189402504056083,True,12,13,0.0,1.0
reference,E3_joint_independent,2,2,swe+ceus,independent,S_v,2.8000000000000023e-05,2.2360679774997884e-05,1.4338978448964585e-06,0.0003486998755034075,1.0,-0.22490046096410943,True,12,13,0.0,1.0
reference,E3_joint_independent,3,3,swe+ceus,independent,mu,2999.9999999999977,2992.655172174676,2982.474499697663,3002.8705963627585,0.002959878295671366,-0.002451277870017421,True,12,13,0.0,1.0
reference,E3_joint_independent,3,3,swe+ceus,independent,eta_s,1.5,1.4936478418615275,1.4734297229745472,1.5141433898820147,0.005918789233854285,-0.004243764134797934,True,12,13,0.0,1.0
reference,E3_joint_independent,3,3,swe+ceus,independent,phi,0.028000000000000004,0.027751779800775388,0.02514795612889547,0.030625203820273696,0.0657758037777532,-0.008904535074568898,True,12,13,0.0,1.0
reference,E3_joint_independent,3,3,swe+ceus,independent,k,3.4999999999999997e-13,3.6759771080222745e-13,1.1658737565899663e-14,1.1590283787008863e-11,0.999147514386453,0.04905600856363179,True,12,13,0.0,1.0
reference,E3_joint_independent,3,3,swe+ceus,independent,D,1.0000000000000004e-06,9.884932100354804e-07,9.627011429435615e-07,1.014976281526584e-06,0.011482203068040148,-0.011573505352588498,True,12,13,0.0,1.0
reference,E3_joint_independent,3,3,swe+ceus,independent,vmag,0.0010488088481701513,0.0010465944170917453,0.0010384176680554077,0.0010548355518053111,0.003406344948058477,-0.002113609288963758,True,12,13,0.0,1.0
reference,E3_joint_independent,3,3,swe+ceus,independent,S_v,2.8000000000000023e-05,2.2360679774997884e-05,1.4338978448964585e-06,0.0003486998755034075,1.0,-0.22490046096410943,True,12,13,0.0,1.0
reference,E3_joint_independent,4,4,swe+ceus,independent,mu,2999.9999999999977,2995.262174826562,2985.15045181775,3005.40814969097,0.0029372352472927556,-0.0015805234271848434,True,12,13,0.0,1.0
reference,E3_joint_independent,4,4,swe+ceus,independent,eta_s,1.5,1.497142396807375,1.4777111625309447,1.516829143037074,0.005673555132632086,-0.0019068857466189026,True,12,13,0.0,1.0
reference,E3_joint_independent,4,4,swe+ceus,independent,phi,0.028000000000000004,0.028327404035793733,0.02566899589788191,0.031261130065212916,0.06579079120728941,0.011625166422195132,True,12,13,0.0,1.0
reference,E3_joint_independent,4,4,swe+ceus,independent,k,3.4999999999999997e-13,2.9479211260343575e-13,9.345959821469743e-15,9.298391103026429e-12,0.9992612998671367,-0.17166274960274208,True,12,13,0.0,1.0
reference,E3_joint_independent,4,4,swe+ceus,independent,D,1.0000000000000004e-06,9.974907551220498e-07,9.715771966032859e-07,1.024095470779385e-06,0.011431566131298525,-0.0025123983091379642,True,12,13,0.0,1.0
reference,E3_joint_independent,4,4,swe+ceus,independent,vmag,0.0010488088481701513,0.0010397644938862798,0.0010316479663530736,0.0010479448784921949,0.0034034565571926007,-0.008660850578412038,False,12,13,0.0,1.0
reference,E3_joint_independent,4,4,swe+ceus,independent,S_v,2.8000000000000023e-05,2.2360679774997884e-05,1.4338978448964585e-06,0.0003486998755034075,1.0,-0.22490046096410943,True,12,13,0.0,1.0
reference,E4_joint_constitutive_Cvcal,0,0,swe+ceus,constitutive,mu,2999.9999999999977,3009.5961423852655,2999.4645759869727,3019.7619311039366,0.002928968606243553,0.003193609125784036,True,12,13,0.0,1.0
reference,E4_joint_constitutive_Cvcal,0,0,swe+ceus,constitutive,eta_s,1.5,1.488331291982986,1.468657396687282,1.508268735575917,0.0057791159480880165,-0.0078095540167347766,True,12,13,0.0,1.0
reference,E4_joint_constitutive_Cvcal,0,0,swe+ceus,constitutive,phi,0.028000000000000004,0.02804062289499705,0.025409293968488497,0.030944446284675946,0.06578642953869378,0.001449766259320029,True,12,13,0.0,1.0
reference,E4_joint_constitutive_Cvcal,0,0,swe+ceus,constitutive,k,3.4999999999999997e-13,3.1937130539643435e-13,1.0125880090078754e-14,1.0073004005899623e-11,0.9992420754886046,-0.09157876182274549,True,12,13,0.0,1.0
reference,E4_joint_constitutive_Cvcal,0,0,swe+ceus,constitutive,D,1.0000000000000004e-06,9.949490404036497e-07,9.690316094794223e-07,1.0215596512191636e-06,0.01146289367202566,-0.005063758809836116,True,12,13,0.0,1.0
reference,E4_joint_constitutive_Cvcal,0,0,swe+ceus,constitutive,vmag,0.0010488088481701513,0.0010475233170359828,0.0010393457095471672,0.0010557652662194115,0.0034036711846453798,-0.0012264576355276446,True,12,13,0.0,1.0
reference,E4_joint_constitutive_Cvcal,0,0,swe+ceus,constitutive,S_v,2.800000000000001e-05,2.804062289499707e-05,1.8474419530053275e-05,4.256028348064511e-05,0.2688967748655283,0.001449766259320029,True,12,13,0.0,1.0
reference,E4_joint_constitutive_Cvcal,0,0,swe+ceus,constitutive,C_v,0.0010000000000000002,0.0010000000000000002,0.0006666666666666666,0.0015000000000000007,1.0,0.0,True,12,13,0.0,1.0
reference,E4_joint_constitutive_Cvcal,1,1,swe+ceus,constitutive,mu,2999.9999999999977,2993.5351435133166,2983.4944786860947,3003.6095992360447,0.002918245152918718,-0.00215727741277405,True,12,13,0.0,1.0
reference,E4_joint_constitutive_Cvcal,1,1,swe+ceus,constitutive,eta_s,1.5,1.471606855577898,1.452056512391826,1.4914204226229806,0.005808283411941782,-0.019110205282671044,False,12,13,0.0,1.0
reference,E4_joint_constitutive_Cvcal,1,1,swe+ceus,constitutive,phi,0.028000000000000004,0.02733437379076155,0.02476954827518261,0.030164780650508788,0.0657802552605662,-0.024059486787867623,True,12,13,0.0,1.0
reference,E4_joint_constitutive_Cvcal,1,1,swe+ceus,constitutive,k,3.4999999999999997e-13,3.12119726357709e-13,9.893840643127744e-15,9.846401119193098e-12,0.9993042042956533,-0.11454630195670745,True,12,13,0.0,1.0
reference,E4_joint_constitutive_Cvcal,1,1,swe+ceus,constitutive,D,1.0000000000000004e-06,9.774722739394807e-07,9.519095777476113e-07,1.0037214339004654e-06,0.011508750907313889,-0.022785351781175578,True,12,13,0.0,1.0
reference,E4_joint_constitutive_Cvcal,1,1,swe+ceus,constitutive,vmag,0.0010488088481701513,0.0010542575982648874,0.0010460225703999302,0.0010625574580807563,0.0034056841950164765,0.005181730986862476,True,12,13,0.0,1.0
reference,E4_joint_constitutive_Cvcal,1,1,swe+ceus,constitutive,S_v,2.800000000000001e-05,2.7334373790761553e-05,1.8009150286716465e-05,4.1488242290042006e-05,0.2688953675019634,-0.024059486787868067,True,12,13,0.0,1.0
reference,E4_joint_constitutive_Cvcal,1,1,swe+ceus,constitutive,C_v,0.0010000000000000002,0.0010000000000000002,0.0006666666666666666,0.0015000000000000007,1.0,0.0,True,12,13,0.0,1.0
reference,E4_joint_constitutive_Cvcal,2,2,swe+ceus,constitutive,mu,2999.9999999999977,3002.974254829707,2992.8132442439187,3013.1697634371553,0.002943983623980365,0.000990927146053977,True,12,13,0.0,1.0
reference,E4_joint_constitutive_Cvcal,2,2,swe+ceus,constitutive,eta_s,1.5,1.4938015639764157,1.4737205963503612,1.5141561555592755,0.0058777566463676,-0.004140852189428446,True,12,13,0.0,1.0
reference,E4_joint_constitutive_Cvcal,2,2,swe+ceus,constitutive,phi,0.028000000000000004,0.027795824780713154,0.02518878631617294,0.0306726916311978,0.06575147887209991,-0.007318688502052417,True,12,13,0.0,1.0
reference,E4_joint_constitutive_Cvcal,2,2,swe+ceus,constitutive,k,3.4999999999999997e-13,3.366804654025912e-13,1.0673953219877386e-14,1.0619658288609916e-11,0.999261749151443,-0.038798847811850834,True,12,13,0.0,1.0
reference,E4_joint_constitutive_Cvcal,2,2,swe+ceus,constitutive,D,1.0000000000000004e-06,9.920438383492283e-07,9.661935625267195e-07,1.0185857320690374e-06,0.011466724442257546,-0.007987980789394555,True,12,13,0.0,1.0
reference,E4_joint_constitutive_Cvcal,2,2,swe+ceus,constitutive,vmag,0.0010488088481701513,0.0010444241565902965,0.0010362826975154607,0.0010526295782846242,0.003398661170036036,-0.004189402692287736,True,12,13,0.0,1.0
reference,E4_joint_constitutive_Cvcal,2,2,swe+ceus,constitutive,S_v,2.800000000000001e-05,2.779582478071315e-05,1.8313361906856062e-05,4.218820548459003e-05,0.26888880986381164,-0.0073186885020533055,True,12,13,0.0,1.0
reference,E4_joint_constitutive_Cvcal,2,2,swe+ceus,constitutive,C_v,0.0010000000000000002,0.0010000000000000002,0.0006666666666666666,0.0015000000000000007,1.0,0.0,True,12,13,0.0,1.0
reference,E4_joint_constitutive_Cvcal,3,3,swe+ceus,constitutive,mu,2999.9999999999977,2992.6551703991245,2982.4744975688927,3002.8705949428613,0.0029598784003000145,-0.0024512784633206053,True,12,13,0.0,1.0
reference,E4_joint_constitutive_Cvcal,3,3,swe+ceus,constitutive,eta_s,1.5,1.493647824907875,1.4734297041071094,1.5141433748982214,0.005918789865585015,-0.00424377548529975,True,12,13,0.0,1.0
reference,E4_joint_constitutive_Cvcal,3,3,swe+ceus,constitutive,phi,0.028000000000000004,0.027751774268974305,0.025147951116127616,0.03062519771569752,0.06577580377750328,-0.00890473440598738,True,12,13,0.0,1.0
reference,E4_joint_constitutive_Cvcal,3,3,swe+ceus,constitutive,k,3.4999999999999997e-13,3.67606795847335e-13,1.1659027399427401e-14,1.1590568554610395e-11,0.9991474723682365,0.049080722898285245,True,12,13,0.0,1.0
reference,E4_joint_constitutive_Cvcal,3,3,swe+ceus,constitutive,D,1.0000000000000004e-06,9.884932098521996e-07,9.627011427673253e-07,1.0149762813360074e-06,0.011482203067019543,-0.011573505538002848,True,12,13,0.0,1.0
reference,E4_joint_constitutive_Cvcal,3,3,swe+ceus,constitutive,vmag,0.0010488088481701513,0.0010465944170772404,0.001038417668041776,0.0010548355517899202,0.0034063449477407673,-0.002113609302822894,True,12,13,0.0,1.0
reference,E4_joint_constitutive_Cvcal,3,3,swe+ceus,constitutive,S_v,2.800000000000001e-05,2.7751774268974313e-05,1.8284181822926893e-05,4.212170839990143e-05,0.2688943529092961,-0.008904734405987824,True,12,13,0.0,1.0
reference,E4_joint_constitutive_Cvcal,3,3,swe+ceus,constitutive,C_v,0.0010000000000000002,0.0010000000000000002,0.0006666666666666666,0.0015000000000000007,1.0,0.0,True,12,13,0.0,1.0
reference,E4_joint_constitutive_Cvcal,4,4,swe+ceus,constitutive,mu,2999.9999999999977,2995.262178569552,2985.150455207231,3005.4081537898246,0.0029372353464759597,-0.001580522177548005,True,12,13,0.0,1.0
reference,E4_joint_constitutive_Cvcal,4,4,swe+ceus,constitutive,eta_s,1.5,1.4971423596412454,1.4777111148330215,1.5168291166879626,0.0056735583696603505,-0.0019069105713316326,True,12,13,0.0,1.0
reference,E4_joint_constitutive_Cvcal,4,4,swe+ceus,constitutive,phi,0.028000000000000004,0.02832740140404886,0.025668993513199036,0.031261127160809504,0.06579079120511035,0.011625073517635531,True,12,13,0.0,1.0
reference,E4_joint_constitutive_Cvcal,4,4,swe+ceus,constitutive,k,3.4999999999999997e-13,2.94794018927008e-13,9.346020468465416e-15,9.298451023979666e-12,0.9992612933693269,-0.17165628295276392,True,12,13,0.0,1.0
reference,E4_joint_constitutive_Cvcal,4,4,swe+ceus,constitutive,D,1.0000000000000004e-06,9.974907534042056e-07,9.715771949324785e-07,1.0240954690131837e-06,0.011431566130221425,-0.0025124000313034855,True,12,13,0.0,1.0
reference,E4_joint_constitutive_Cvcal,4,4,swe+ceus,constitutive,vmag,0.0010488088481701513,0.0010397644938045763,0.001031647966274961,0.0010479448784068487,0.0034034565559494783,-0.00866085065699096,False,12,13,0.0,1.0
reference,E4_joint_constitutive_Cvcal,4,4,swe+ceus,constitutive,S_v,2.800000000000001e-05,2.8327401404048867e-05,1.866333327374408e-05,4.2995624550894106e-05,0.2688977691379642,0.011625073517635087,True,12,13,0.0,1.0
reference,E4_joint_constitutive_Cvcal,4,4,swe+ceus,constitutive,C_v,0.0010000000000000002,0.0010000000000000002,0.0006666666666666666,0.0015000000000000007,1.0,0.0,True,12,13,0.0,1.0
reference,E5_joint_network,0,0,swe+ceus,network,mu,2999.9999999999977,3009.5387834892967,2999.4094628712032,3019.7023118864395,0.0029283741755514697,0.003174550275408805,True,12,13,0.0,1.0
reference,E5_joint_network,0,0,swe+ceus,network,eta_s,1.5,1.4881502086431329,1.4684916667866934,1.5080719173098867,0.005775283192775919,-0.007931230123264243,True,12,13,0.0,1.0
reference,E5_joint_network,0,0,swe+ceus,network,phi,0.028000000000000004,0.02802259816022043,0.025396228483445533,0.030920575791837088,0.06570051976090203,0.0008067516390961593,True,12,13,0.0,1.0
reference,E5_joint_network,0,0,swe+ceus,network,k,3.4999999999999997e-13,5.118610771482916e-13,9.556960970783783e-14,2.741475696095912e-12,0.48588819589456744,0.3801201000436585,True,12,13,0.0,1.0
reference,E5_joint_network,0,0,swe+ceus,network,D,1.0000000000000004e-06,9.948856310103769e-07,9.689744423607338e-07,1.0214897065597012e-06,0.01146083619405713,-0.005127492138242928,True,12,13,0.0,1.0
reference,E5_joint_network,0,0,swe+ceus,network,vmag,0.0010488088481701513,0.001047516595865274,0.0010393392489351533,0.001055758280789831,0.0034035842332782516,-0.0012328739053728555,True,12,13,0.0,1.0
reference,E5_joint_network,0,0,swe+ceus,network,S_v,2.800000000000001e-05,2.802259816022041e-05,2.79637555715322e-06,0.0002808156456812292,0.839011538328329,0.0008067516390948271,True,12,13,0.0,1.0
reference,E5_joint_network,0,0,swe+ceus,network,C_v,0.0010000000000000002,0.0010000000000000002,0.00010000000000000009,0.009999999999999995,1.0,0.0,True,12,13,0.0,1.0
reference,E5_joint_network,1,1,swe+ceus,network,mu,2999.9999999999977,2993.4847955188275,2983.446463199477,3003.556903579421,0.0029176152404823265,-0.002174096462987052,True,12,13,0.0,1.0
reference,E5_joint_network,1,1,swe+ceus,network,eta_s,1.5,1.471452267431848,1.4519163836971813,1.4912510111752448,0.005804572613699571,-0.01921525797766027,False,12,13,0.0,1.0
reference,E5_joint_network,1,1,swe+ceus,network,phi,0.028000000000000004,0.02731717277963793,0.024757146651141086,0.0301419197934184,0.06569435054624563,-0.024688966199559736,True,12,13,0.0,1.0
reference,E5_joint_network,1,1,swe+ceus,network,k,3.4999999999999997e-13,4.821138706272783e-13,9.000546447081455e-14,2.5824408064310996e-12,0.48592049939597176,0.32024717778010725,True,12,13,0.0,1.0
reference,E5_joint_network,1,1,swe+ceus,network,D,1.0000000000000004e-06,9.774130933673797e-07,9.518565341601586e-07,1.0036558250124342e-06,0.011506656984428687,-0.022845898116125696,True,12,13,0.0,1.0
reference,E5_joint_network,1,1,swe+ceus,network,vmag,0.0010488088481701513,0.0010542509894465278,0.0010460162312731155,0.0010625505757173896,0.003405593655282105,0.005175462273139253,True,12,13,0.0,1.0
reference,E5_joint_network,1,1,swe+ceus,network,S_v,2.800000000000001e-05,2.7317172779637924e-05,2.7259822217334696e-06,0.000273746439988908,0.8390113946906693,-0.024688966199560625,True,12,13,0.0,1.0
reference,E5_joint_network,1,1,swe+ceus,network,C_v,0.0010000000000000002,0.0010000000000000002,0.00010000000000000009,0.009999999999999995,1.0,0.0,True,12,13,0.0,1.0
reference,E5_joint_network,2,2,swe+ceus,network,mu,2999.9999999999977,3002.921239835265,2992.7630242196747,3013.1139350750886,0.002943224502669923,0.000973272828062477,True,12,13,0.0,1.0
reference,E5_joint_network,2,2,swe+ceus,network,eta_s,1.5,1.4936445808020808,1.4735778393753827,1.5139845851000884,0.0058741858214085,-0.004245947422528373,True,12,13,0.0,1.0
reference,E5_joint_network,2,2,swe+ceus,network,phi,0.028000000000000004,0.027782628153421255,0.025180058510016593,0.030654195136370504,0.06566580557988111,-0.007793571369178576,True,12,13,0.0,1.0
reference,E5_joint_network,2,2,swe+ceus,network,k,3.4999999999999997e-13,5.121110379483423e-13,9.560861808211034e-14,2.7430342624897785e-12,0.48591139710143394,0.3806083180357902,True,12,13,0.0,1.0
reference,E5_joint_network,2,2,swe+ceus,network,D,1.0000000000000004e-06,9.919912365136973e-07,9.66146880408254e-07,1.0185269271936752e-06,0.011464679590108133,-0.008041005895865538,True,12,13,0.0,1.0
reference,E5_joint_network,2,2,swe+ceus,network,vmag,0.0010488088481701513,0.001044417678373705,0.001036276463129827,0.0010526228527906467,0.003398580146184736,-0.004195605379808676,True,12,13,0.0,1.0
reference,E5_joint_network,2,2,swe+ceus,network,S_v,2.800000000000001e-05,2.7782628153421262e-05,2.7724350999871456e-06,0.0002784102780674125,0.8390107302542509,-0.00779357136917902,True,12,13,0.0,1.0
reference,E5_joint_network,2,2,swe+ceus,network,C_v,0.0010000000000000002,0.0010000000000000002,0.00010000000000000009,0.009999999999999995,1.0,0.0,True,12,13,0.0,1.0
reference,E5_joint_network,3,3,swe+ceus,network,mu,2999.9999999999977,2992.6076819611258,2982.430719186054,3002.819371635521,0.0029588449499670173,-0.0024671469186152706,True,12,13,0.0,1.0
reference,E5_joint_network,3,3,swe+ceus,network,eta_s,1.5,1.493508779302705,1.473308444630417,1.5139860780569951,0.00591410173957906,-0.004336871110131979,True,12,13,0.0,1.0
reference,E5_joint_network,3,3,swe+ceus,network,phi,0.028000000000000004,0.02774442874829078,0.02514452643247606,0.0306131566500608,0.06568999446166837,-0.009169455966276274,True,12,13,0.0,1.0
reference,E5_joint_network,3,3,swe+ceus,network,k,3.4999999999999997e-13,5.254447212745804e-13,9.809836456465866e-14,2.8144419770968094e-12,0.4859101774886102,0.4063118376735453,True,12,13,0.0,1.0
reference,E5_joint_network,3,3,swe+ceus,network,D,1.0000000000000004e-06,9.88455382826476e-07,9.626688855265307e-07,1.014932609257691e-06,0.01148013560079093,-0.011611773630423983,True,12,13,0.0,1.0
reference,E5_joint_network,3,3,swe+ceus,network,vmag,0.0010488088481701513,0.0010465886955912241,0.0010384121720490313,0.0010548296016002598,0.0034062693348292663,-0.0021190760830407385,True,12,13,0.0,1.0
reference,E5_joint_network,3,3,swe+ceus,network,S_v,2.800000000000001e-05,2.77444287482908e-05,2.768618890360355e-06,0.0002780279110458559,0.8390112932761784,-0.009169455966276274,True,12,13,0.0,1.0
reference,E5_joint_network,3,3,swe+ceus,network,C_v,0.0010000000000000002,0.0010000000000000002,0.00010000000000000009,0.009999999999999995,1.0,0.0,True,12,13,0.0,1.0
reference,E5_joint_network,4,4,swe+ceus,network,mu,2999.9999999999977,2995.2018222913343,2985.0915876966915,3005.3462993340077,0.0029368614396138295,-0.001600672963267158,True,12,13,0.0,1.0
reference,E5_joint_network,4,4,swe+ceus,network,eta_s,1.5,1.496928843875176,1.4775104413836284,1.5166024556327713,0.005670598088445613,-0.0020495362818896967,True,12,13,0.0,1.0
reference,E5_joint_network,4,4,swe+ceus,network,phi,0.028000000000000004,0.02830242481521053,0.025649663291901825,0.031229542520877736,0.06570482940314537,0.010742973319723959,True,12,13,0.0,1.0
reference,E5_joint_network,4,4,swe+ceus,network,k,3.4999999999999997e-13,5.064833338077496e-13,9.457384596543565e-14,2.7124345510783796e-12,0.48586273908857985,0.36955826403952585,True,12,13,0.0,1.0
reference,E5_joint_network,4,4,swe+ceus,network,D,1.0000000000000004e-06,9.974104033135592e-07,9.71503526770012e-07,1.0240081329870728e-06,0.011429512215581283,-0.0025929554918278086,True,12,13,0.0,1.0
reference,E5_joint_network,4,4,swe+ceus,network,vmag,0.0010488088481701513,0.0010397569670538452,0.0010316407300644996,0.0010479370569921364,0.00340335898012631,-0.008668089582746674,False,12,13,0.0,1.0
reference,E5_joint_network,4,4,swe+ceus,network,S_v,2.800000000000001e-05,2.830242481521055e-05,2.8242986853966647e-06,0.0002836198786489695,0.8390116386776014,0.010742973319723959,True,12,13,0.0,1.0
reference,E5_joint_network,4,4,swe+ceus,network,C_v,0.0010000000000000002,0.0010000000000000002,0.00010000000000000009,0.009999999999999995,1.0,0.0,True,12,13,0.0,1.0
reference,E8_relax_constitutive_Cvcal,0,0,swe+ceus+relax,constitutive,mu,2999.9999999999977,3009.5767950725135,2999.4503717330645,3019.737406158697,0.002927498124953555,0.003187180563935854,True,14,16,0.0,1.0
reference,E8_relax_constitutive_Cvcal,0,0,swe+ceus+relax,constitutive,eta_s,1.5,1.4882701225284363,1.468624374378988,1.5081786713143748,0.005771031445828638,-0.007850654215276753,True,14,16,0.0,1.0
reference,E8_relax_constitutive_Cvcal,0,0,swe+ceus+relax,constitutive,phi,0.028000000000000004,0.028008420026972333,0.025386203870445843,0.030901492653676057,0.0656262305751033,0.0003006700432437448,True,14,16,0.0,1.0
reference,E8_relax_constitutive_Cvcal,0,0,swe+ceus+relax,constitutive,k,3.4999999999999997e-13,3.8455712235631737e-13,2.4388746152727365e-13,6.063623747973364e-13,0.1318475905896671,0.09415918612312879,True,14,16,0.0,1.0
reference,E8_relax_constitutive_Cvcal,0,0,swe+ceus+relax,constitutive,D,1.0000000000000004e-06,9.948738502809877e-07,9.689622647109193e-07,1.0214783526871471e-06,0.011461151615316906,-0.005139333498467735,True,14,16,0.0,1.0
reference,E8_relax_constitutive_Cvcal,0,0,swe+ceus+relax,constitutive,vmag,0.0010488088481701513,0.001047520477747277,0.0010393430199958137,0.0010557622750035915,0.0034036178780141734,-0.0012291681170104596,True,14,16,0.0,1.0
reference,E8_relax_constitutive_Cvcal,0,0,swe+ceus+relax,constitutive,S_v,2.800000000000001e-05,2.7468085754769217e-05,1.8437001566258977e-05,4.0922908875385494e-05,0.25690919971061965,-0.019179697433544973,True,14,16,0.0,1.0
reference,E8_relax_constitutive_Cvcal,0,0,swe+ceus+relax,constitutive,C_v,0.0010000000000000002,0.0009807081487751633,0.0006650454822182929,0.0014461995439257979,0.9579603056040045,-0.019480367476787386,True,14,16,0.0,1.0
reference,E8_relax_constitutive_Cvcal,1,1,swe+ceus+relax,constitutive,mu,2999.9999999999977,2993.5211275108036,2983.485368484316,3003.59064452394,0.0029168306012136106,-0.0021619595142539083,True,14,16,0.0,1.0
reference,E8_relax_constitutive_Cvcal,1,1,swe+ceus+relax,constitutive,eta_s,1.5,1.471563799505356,1.4520389680740422,1.491351171440612,0.005800824045785347,-0.019139463574215032,False,14,16,0.0,1.0
reference,E8_relax_constitutive_Cvcal,1,1,swe+ceus+relax,constitutive,phi,0.028000000000000004,0.02730432771309431,0.024748259025267318,0.03012439424942527,0.06562006268518425,-0.02515929625876856,True,14,16,0.0,1.0
reference,E8_relax_constitutive_Cvcal,1,1,swe+ceus+relax,constitutive,k,3.4999999999999997e-13,3.596150013293078e-13,2.28264003182189e-13,5.665499044010847e-13,0.13160024705345086,0.027100863954977683,True,14,16,0.0,1.0
reference,E8_relax_constitutive_Cvcal,1,1,swe+ceus+relax,constitutive,D,1.0000000000000004e-06,9.774016277978957e-07,9.518446482326159e-07,1.0036448109424183e-06,0.011506985564334271,-0.02285762871070318,True,14,16,0.0,1.0
reference,E8_relax_constitutive_Cvcal,1,1,swe+ceus+relax,constitutive,vmag,0.0010488088481701513,0.0010542542157529634,0.0010460193353611898,0.001062553925974143,0.0034056339358348037,0.005178522551508635,True,14,16,0.0,1.0
reference,E8_relax_constitutive_Cvcal,1,1,swe+ceus+relax,constitutive,S_v,2.800000000000001e-05,2.6800004795052973e-05,1.7988687690321e-05,3.992732929602858e-05,0.2569051753203152,-0.04380244373852271,True,14,16,0.0,1.0
reference,E8_relax_constitutive_Cvcal,1,1,swe+ceus+relax,constitutive,C_v,0.0010000000000000002,0.000981529561051983,0.0006656051588329689,0.0014474050665533676,0.9579504712186229,-0.018643147479754596,True,14,16,0.0,1.0
reference,E8_relax_constitutive_Cvcal,2,2,swe+ceus+relax,constitutive,mu,2999.9999999999977,3002.971258891164,2992.816022699214,3013.1609538742096,0.0029423106930411965,0.0009899294884707643,True,14,16,0.0,1.0
reference,E8_relax_constitutive_Cvcal,2,2,swe+ceus+relax,constitutive,eta_s,1.5,1.4937926987408214,1.4737385756529864,1.5141197113760068,0.00586988090532243,-0.004146786887928078,True,14,16,0.0,1.0
reference,E8_relax_constitutive_Cvcal,2,2,swe+ceus+relax,constitutive,phi,0.028000000000000004,0.027771772139529975,0.02517301976704351,0.030638808331597978,0.06559153382138387,-0.008184396001330807,True,14,16,0.0,1.0
reference,E8_relax_constitutive_Cvcal,2,2,swe+ceus+relax,constitutive,k,3.4999999999999997e-13,3.466364587377666e-13,2.1985604743770814e-13,5.465250372987964e-13,0.13182388219306596,-0.009656593069351516,True,14,16,0.0,1.0
reference,E8_relax_constitutive_Cvcal,2,2,swe+ceus+relax,constitutive,D,1.0000000000000004e-06,9.919865495071917e-07,9.661416048258303e-07,1.0185228640273494e-06,0.011464999053763879,-0.008045730753712732,True,14,16,0.0,1.0
reference,E8_relax_constitutive_Cvcal,2,2,swe+ceus+relax,constitutive,vmag,0.0010488088481701513,0.0010444215202523532,0.001036280185113345,0.0010526268162185564,0.003398617842374856,-0.0041919268978549695,True,14,16,0.0,1.0
reference,E8_relax_constitutive_Cvcal,2,2,swe+ceus+relax,constitutive,S_v,2.800000000000001e-05,2.7367391531748508e-05,1.8369662165959396e-05,4.077234042115021e-05,0.2569004957175144,-0.02285229558290247,True,14,16,0.0,1.0
reference,E8_relax_constitutive_Cvcal,2,2,swe+ceus+relax,constitutive,C_v,0.0010000000000000002,0.0009854391500207552,0.0006682554385566244,0.001453172338546323,0.9579539105620245,-0.01466789958157122,True,14,16,0.0,1.0
reference,E8_relax_constitutive_Cvcal,3,3,swe+ceus+relax,constitutive,mu,2999.9999999999977,2992.662609842134,2982.488767133074,3002.8711574850768,0.0029578818941767933,-0.002448792565902025,True,14,16,0.0,1.0
reference,E8_relax_constitutive_Cvcal,3,3,swe+ceus+relax,constitutive,eta_s,1.5,1.4936697190747081,1.4734826068827473,1.5141334001903515,0.0059095629361401785,-0.0042291174072675575,True,14,16,0.0,1.0
reference,E8_relax_constitutive_Cvcal,3,3,swe+ceus+relax,constitutive,phi,0.028000000000000004,0.02773175589889144,0.025135838346174354,0.03059576826697522,0.0656156956602473,-0.00962633127954371,True,14,16,0.0,1.0
reference,E8_relax_constitutive_Cvcal,3,3,swe+ceus+relax,constitutive,k,3.4999999999999997e-13,3.4272711005656713e-13,2.1732300629008695e-13,5.404944187590332e-13,0.13189516986342043,-0.02099862147589704,True,14,16,0.0,1.0
reference,E8_relax_constitutive_Cvcal,3,3,swe+ceus+relax,constitutive,D,1.0000000000000004e-06,9.88446408698259e-07,9.62659434700865e-07,1.0149241441466628e-06,0.011480456276415323,-0.011620852612754362,True,14,16,0.0,1.0
reference,E8_relax_constitutive_Cvcal,3,3,swe+ceus+relax,constitutive,vmag,0.0010488088481701513,0.0010465922406867722,0.0010384156008873724,0.0010548332645712647,0.0034063063735098376,-0.0021156888024798093,True,14,16,0.0,1.0
reference,E8_relax_constitutive_Cvcal,3,3,swe+ceus+relax,constitutive,S_v,2.800000000000001e-05,2.739447686212034e-05,1.838769303512971e-05,4.0813024293776115e-05,0.2569057339721635,-0.021863091475195162,True,14,16,0.0,1.0
reference,E8_relax_constitutive_Cvcal,3,3,swe+ceus+relax,constitutive,C_v,0.0010000000000000002,0.0009878378045010637,0.0006698816124959672,0.0014567104243473413,0.9579554738849707,-0.012236760195651009,True,14,16,0.0,1.0
reference,E8_relax_constitutive_Cvcal,4,4,swe+ceus+relax,constitutive,mu,2999.9999999999977,2995.253198178338,2985.1456044926463,3005.3950158060584,0.002936042553398111,-0.001583520380757264,True,14,16,0.0,1.0
reference,E8_relax_constitutive_Cvcal,4,4,swe+ceus+relax,constitutive,eta_s,1.5,1.4971105738536516,1.4777053521499703,1.5167706248633386,0.005666031414846631,-0.00192814176876277,True,14,16,0.0,1.0
reference,E8_relax_constitutive_Cvcal,4,4,swe+ceus+relax,constitutive,phi,0.028000000000000004,0.02830665535982215,0.0256563509896106,0.031230736513708314,0.0656305683194983,0.010892438550616834,True,14,16,0.0,1.0
reference,E8_relax_constitutive_Cvcal,4,4,swe+ceus+relax,constitutive,k,3.4999999999999997e-13,3.2645152871787323e-13,2.068403597230029e-13,5.152311702849189e-13,0.1321222815178923,-0.06965167400721484,True,14,16,0.0,1.0
reference,E8_relax_constitutive_Cvcal,4,4,swe+ceus+relax,constitutive,D,1.0000000000000004e-06,9.974424257468518e-07,9.715340047308093e-07,1.0240417605922365e-06,0.01142983081390228,-0.0025608504334204696,True,14,16,0.0,1.0
reference,E8_relax_constitutive_Cvcal,4,4,swe+ceus+relax,constitutive,vmag,0.0010488088481701513,0.00103976269289267,0.0010316462721322772,0.001047942969150571,0.003403417527150436,-0.008662582696771892,False,14,16,0.0,1.0
reference,E8_relax_constitutive_Cvcal,4,4,swe+ceus+relax,constitutive,S_v,2.800000000000001e-05,2.7957756226240706e-05,1.8765704848284354e-05,4.165237274726516e-05,0.25690820619289967,-0.0015098454488970958,True,14,16,0.0,1.0
reference,E8_relax_constitutive_Cvcal,4,4,swe+ceus+relax,constitutive,C_v,0.0010000000000000002,0.000987674307361771,0.000669771196035565,0.0014564683330615413,0.9579537957980157,-0.012402283999513486,True,14,16,0.0,1.0
reference,E8_relax_constitutive_Cvcal_norm,0,0,swe+ceus+relax,constitutive,mu,2999.9999999999977,3009.598020323874,2999.4711870686688,3019.759043856426,0.0029275961475645294,0.0031942331091805443,True,12,16,0.0,1.0
reference,E8_relax_constitutive_Cvcal_norm,0,0,swe+ceus+relax,constitutive,eta_s,1.5,1.4883374932538869,1.4686882593323116,1.5082496096430327,0.005771799222006372,-0.007805387432308852,True,12,16,0.0,1.0
reference,E8_relax_constitutive_Cvcal_norm,0,0,swe+ceus+relax,constitutive,phi,0.028000000000000004,0.022238618729128416,0.007966089721062022,0.06208267547777605,0.6853994406088433,-0.23037415022479202,True,12,16,0.0,1.0
reference,E8_relax_constitutive_Cvcal_norm,0,0,swe+ceus+relax,constitutive,k,3.4999999999999997e-13,3.1224064869776327e-13,1.1158346879287033e-13,8.737335714143836e-13,0.2979263882389105,-0.11415895405188436,True,12,16,0.0,1.0
reference,E8_relax_constitutive_Cvcal_norm,0,0,swe+ceus+relax,constitutive,D,1.0000000000000004e-06,1.0014059799283323e-06,9.690135846637508e-07,1.034881195173545e-06,0.014280314978528075,0.0014049924640140432,True,12,16,0.0,1.0
reference,E8_relax_constitutive_Cvcal_norm,0,0,swe+ceus+relax,constitutive,vmag,0.0010488088481701513,0.0010501832221095646,0.0010430851545155805,0.0010573295911901056,0.002945311205906921,0.0013095562916003445,True,12,16,0.0,1.0
reference,E8_relax_constitutive_Cvcal_norm,0,0,swe+ceus+relax,constitutive,S_v,2.800000000000001e-05,2.2229088860339433e-05,8.026491986027842e-06,6.156268422382158e-05,0.6564446045625667,-0.2308027699783839,True,12,16,0.0,1.0
reference,E8_relax_constitutive_Cvcal_norm,0,0,swe+ceus+relax,constitutive,C_v,0.0010000000000000002,0.0009995714720907325,0.0006717030319540724,0.001487477471868774,0.9803811108904142,-0.00042861975359187454,True,12,16,0.0,1.0
reference,E8_relax_constitutive_Cvcal_norm,1,1,swe+ceus+relax,constitutive,mu,2999.9999999999977,2993.5394878476554,2983.503366072237,3003.60936984652,0.0029169182885721815,-0.0021558261750307395,True,12,16,0.0,1.0
reference,E8_relax_constitutive_Cvcal_norm,1,1,swe+ceus+relax,constitutive,eta_s,1.5,1.4716204449644605,1.4520927956742924,1.491410700809758,0.005801442032672213,-0.019100970938752015,False,12,16,0.0,1.0
reference,E8_relax_constitutive_Cvcal_norm,1,1,swe+ceus+relax,constitutive,phi,0.028000000000000004,0.02206338508781043,0.007903857620320249,0.06158928777784483,0.6853539707709742,-0.23828505899184194,True,12,16,0.0,1.0
reference,E8_relax_constitutive_Cvcal_norm,1,1,swe+ceus+relax,constitutive,k,3.4999999999999997e-13,2.9667722987062157e-13,1.0604067309283816e-13,8.300341383786463e-13,0.2978744930128537,-0.16528837475380698,True,12,16,0.0,1.0
reference,E8_relax_constitutive_Cvcal_norm,1,1,swe+ceus+relax,constitutive,D,1.0000000000000004e-06,9.877720230695869e-07,9.557328725203324e-07,1.0208852260004557e-06,0.014320197496873327,-0.012303353741181411,True,12,16,0.0,1.0
reference,E8_relax_constitutive_Cvcal_norm,1,1,swe+ceus+relax,constitutive,vmag,0.0010488088481701513,0.0010500524539460714,0.0010429454311460657,0.00105720790667498,0.0029494082814968915,0.0011850291586190664,True,12,16,0.0,1.0
reference,E8_relax_constitutive_Cvcal_norm,1,1,swe+ceus+relax,constitutive,S_v,2.800000000000001e-05,2.2041715943300038e-05,7.959464694274992e-06,6.103893419799643e-05,0.6563936421340523,-0.2392676730544938,True,12,16,0.0,1.0
reference,E8_relax_constitutive_Cvcal_norm,1,1,swe+ceus+relax,constitutive,C_v,0.0010000000000000002,0.0009990178685444612,0.0006713316507326446,0.001486652238996822,0.9803787766683081,-0.0009826140626518765,True,12,16,0.0,1.0
reference,E8_relax_constitutive_Cvcal_norm,2,2,swe+ceus+relax,constitutive,mu,2999.9999999999977,3002.988033767018,2992.832460372968,3013.178068051321,0.0029423920930589046,0.0009955155655774206,True,12,16,0.0,1.0
reference,E8_relax_constitutive_Cvcal_norm,2,2,swe+ceus+relax,constitutive,eta_s,1.5,1.4938426083249103,1.4737865257113603,1.5141716249372343,0.005870260891553466,-0.004113376127266977,True,12,16,0.0,1.0
reference,E8_relax_constitutive_Cvcal_norm,2,2,swe+ceus+relax,constitutive,phi,0.028000000000000004,0.02281635822138493,0.008173446611889037,0.06369237204404302,0.6853663605283546,-0.20472676562017522,True,12,16,0.0,1.0
reference,E8_relax_constitutive_Cvcal_norm,2,2,swe+ceus+relax,constitutive,k,3.4999999999999997e-13,2.9020526376791957e-13,1.0369954772710838e-13,8.1214525004714e-13,0.2979522821151564,-0.18734467578326175,True,12,16,0.0,1.0
reference,E8_relax_constitutive_Cvcal_norm,2,2,swe+ceus+relax,constitutive,D,1.0000000000000004e-06,1.0053830051946202e-06,9.728751428666404e-07,1.0389770923284074e-06,0.014274432488854063,0.005368568607133639,True,12,16,0.0,1.0
reference,E8_relax_constitutive_Cvcal_norm,2,2,swe+ceus+relax,constitutive,vmag,0.0010488088481701513,0.0010486600728438719,0.001041570669873445,0.0010557977295103087,0.002945990921696827,-0.0001418617697153124,True,12,16,0.0,1.0
reference,E8_relax_constitutive_Cvcal_norm,2,2,swe+ceus+relax,constitutive,S_v,2.800000000000001e-05,2.2849693319384984e-05,8.251055069069823e-06,6.327778452808294e-05,0.6564075149338433,-0.20326681439617644,True,12,16,0.0,1.0
reference,E8_relax_constitutive_Cvcal_norm,2,2,swe+ceus+relax,constitutive,C_v,0.0010000000000000002,0.0010014610174716148,0.0006729732552097061,0.0014902883015800671,0.9803794039503175,0.001459951223999667,True,12,16,0.0,1.0
reference,E8_relax_constitutive_Cvcal_norm,3,3,swe+ceus+relax,constitutive,mu,2999.9999999999977,2992.677928804105,2982.503755072383,3002.886809553697,0.0029579631306222193,-0.002443673738703467,True,12,16,0.0,1.0
reference,E8_relax_constitutive_Cvcal_norm,3,3,swe+ceus+relax,constitutive,eta_s,1.5,1.4937147125102446,1.4735258110156377,1.514180223848067,0.005909911076205985,-0.00419899511362215,True,12,16,0.0,1.0
reference,E8_relax_constitutive_Cvcal_norm,3,3,swe+ceus+relax,constitutive,phi,0.028000000000000004,0.023134641270815406,0.008287405990862537,0.06458132102124897,0.6853710616474663,-0.19087339384458923,True,12,16,0.0,1.0
reference,E8_relax_constitutive_Cvcal_norm,3,3,swe+ceus+relax,constitutive,k,3.4999999999999997e-13,2.9091063894330595e-13,1.0394338082960868e-13,8.141836370430585e-13,0.2979751771695084,-0.18491701714055608,True,12,16,0.0,1.0
reference,E8_relax_constitutive_Cvcal_norm,3,3,swe+ceus+relax,constitutive,D,1.0000000000000004e-06,9.732759982323067e-07,9.416182967677914e-07,1.0059980482395982e-06,0.014361124679061685,-0.027087580048654303,True,12,16,0.0,1.0
reference,E8_relax_constitutive_Cvcal_norm,3,3,swe+ceus+relax,constitutive,vmag,0.0010488088481701513,0.0010464998939898487,0.001039400861340719,0.0010536474125181306,0.0029561162984710334,-0.0022039282979644526,True,12,16,0.0,1.0
reference,E8_relax_constitutive_Cvcal_norm,3,3,swe+ceus+relax,constitutive,S_v,2.800000000000001e-05,2.3192243832838697e-05,8.374682084822364e-06,6.422693644414963e-05,0.656412781037587,-0.18838660494956727,True,12,16,0.0,1.0
reference,E8_relax_constitutive_Cvcal_norm,3,3,swe+ceus+relax,constitutive,C_v,0.0010000000000000002,0.001002489883519221,0.0006736645789983451,0.0014918195165503124,0.9803796434285892,0.002486788895022407,True,12,16,0.0,1.0
reference,E8_relax_constitutive_Cvcal_norm,4,4,swe+ceus+relax,constitutive,mu,2999.9999999999977,2995.2675659398737,2985.1596695287,3005.4096881818805,0.0029361165296289435,-0.0015787235485280604,True,12,16,0.0,1.0
reference,E8_relax_constitutive_Cvcal_norm,4,4,swe+ceus+relax,constitutive,eta_s,1.5,1.4971618513777654,1.4777538899435707,1.51682470570691,0.0056666412567206136,-0.0018938913620953346,True,12,16,0.0,1.0
reference,E8_relax_constitutive_Cvcal_norm,4,4,swe+ceus+relax,constitutive,phi,0.028000000000000004,0.023422413826282903,0.00839055666666549,0.06538415640873951,0.6853660199832885,-0.17851109043865243,True,12,16,0.0,1.0
reference,E8_relax_constitutive_Cvcal_norm,4,4,swe+ceus+relax,constitutive,k,3.4999999999999997e-13,2.7519368967327703e-13,9.830100340559026e-14,7.704048200151449e-13,0.29805368012279165,-0.2404579786534562,True,12,16,0.0,1.0
reference,E8_relax_constitutive_Cvcal_norm,4,4,swe+ceus+relax,constitutive,D,1.0000000000000004e-06,9.876345042749989e-07,9.555729109504904e-07,1.0207718352587968e-06,0.014332424498919683,-0.012442584621414454,True,12,16,0.0,1.0
reference,E8_relax_constitutive_Cvcal_norm,4,4,swe+ceus+relax,constitutive,vmag,0.0010488088481701513,0.0010461281948460032,0.001039038637359733,0.0010532661257262397,0.0029532097980459185,-0.0025591745548005917,True,12,16,0.0,1.0
reference,E8_relax_constitutive_Cvcal_norm,4,4,swe+ceus+relax,constitutive,S_v,2.800000000000001e-05,2.350255117244121e-05,8.486807539351052e-06,6.508571203624289e-05,0.6564071641867119,-0.17509553438794612,True,12,16,0.0,1.0
reference,E8_relax_constitutive_Cvcal_norm,4,4,swe+ceus+relax,constitutive,C_v,0.0010000000000000002,0.0010034213957089415,0.0006742906117869435,0.001493205570070457,0.9803794071117508,0.0034155560507063143,True,12,16,0.0,1.0
reference,E8_relax_independent_matched,0,0,swe+ceus+relax,independent,mu,2999.9999999999977,3009.5889975655036,2999.4621103514687,3019.750075524703,0.002927620564799031,0.0031912351101670566,True,14,16,0.0,1.0
reference,E8_relax_independent_matched,0,0,swe+ceus+relax,independent,eta_s,1.5,1.488308681685333,1.4686597655089453,1.5082204769273655,0.00577181774192098,-0.007824745842318959,True,14,16,0.0,1.0
reference,E8_relax_independent_matched,0,0,swe+ceus+relax,independent,phi,0.028000000000000004,0.028040626811447065,0.025409297516404698,0.030944450607940245,0.06578642956535119,0.0014499059298884731,True,14,16,0.0,1.0
reference,E8_relax_independent_matched,0,0,swe+ceus+relax,independent,k,3.4999999999999997e-13,3.434839168471945e-13,1.2275014518330197e-13,9.61149177921622e-13,0.2979229281215553,-0.0187928653227587,True,14,16,0.0,1.0
reference,E8_relax_independent_matched,0,0,swe+ceus+relax,independent,D,1.0000000000000004e-06,9.94949063592343e-07,9.690316320470594e-07,1.021559675045991e-06,0.011462893679650808,-0.005063735503423317,True,14,16,0.0,1.0
reference,E8_relax_independent_matched,0,0,swe+ceus+relax,independent,vmag,0.0010488088481701513,0.0010475233189772225,0.0010393457114413235,0.0010557652682083585,0.003403671197986862,-0.0012264557823566946,True,14,16,0.0,1.0
reference,E8_relax_independent_matched,0,0,swe+ceus+relax,independent,S_v,2.8000000000000023e-05,2.449034192240437e-05,8.843101310279181e-06,6.7824265088889e-05,0.6564362394979141,-0.1339256775934281,True,14,16,0.0,1.0
reference,E8_relax_independent_matched,1,1,swe+ceus+relax,independent,mu,2999.9999999999977,2993.5309548272376,2983.494782581534,3003.6008877330687,0.0029169413106712914,-0.002158676657749936,True,14,16,0.0,1.0
reference,E8_relax_independent_matched,1,1,swe+ceus+relax,independent,eta_s,1.5,1.4715939697525384,1.4520665431443167,1.4913840016743662,0.005801480504418626,-0.01911896161710047,False,14,16,0.0,1.0
reference,E8_relax_independent_matched,1,1,swe+ceus+relax,independent,phi,0.028000000000000004,0.027334377197440193,0.02476955136049322,0.030164784412028224,0.06578025530677041,-0.024059362158034947,True,14,16,0.0,1.0
reference,E8_relax_independent_matched,1,1,swe+ceus+relax,independent,k,3.4999999999999997e-13,3.2633367255090287e-13,1.1664190027231424e-13,9.12996664079871e-13,0.2978715347876087,-0.07001276113977184,True,14,16,0.0,1.0
reference,E8_relax_independent_matched,1,1,swe+ceus+relax,independent,D,1.0000000000000004e-06,9.774723120813815e-07,9.519096148001515e-07,1.0037214731635147e-06,0.011508750949232796,-0.022785312760222,True,14,16,0.0,1.0
reference,E8_relax_independent_matched,1,1,swe+ceus+relax,independent,vmag,0.0010488088481701513,0.0010542576070408575,0.001046022579061752,0.0010625574669721348,0.0034056842139478178,0.005181739311175271,True,14,16,0.0,1.0
reference,E8_relax_independent_matched,1,1,swe+ceus+relax,independent,S_v,2.8000000000000023e-05,2.4281993637168158e-05,8.768548645798665e-06,6.724205325336037e-05,0.6563863486734866,-0.14246943709249038,True,14,16,0.0,1.0
reference,E8_relax_independent_matched,2,2,swe+ceus+relax,independent,mu,2999.9999999999977,3002.9794482190955,2992.823819960065,3013.169537840218,0.0029424164427800025,0.000992656559780869,True,14,16,0.0,1.0
reference,E8_relax_independent_matched,2,2,swe+ceus+relax,independent,eta_s,1.5,1.4938169957624228,1.4737608707948053,1.5141460606327666,0.005870374705786099,-0.004130521696630585,True,14,16,0.0,1.0
reference,E8_relax_independent_matched,2,2,swe+ceus+relax,independent,phi,0.028000000000000004,0.027795821791347704,0.025188783607698467,0.030672688331810805,0.06575147885855429,-0.007318796049341714,True,14,16,0.0,1.0
reference,E8_relax_independent_matched,2,2,swe+ceus+relax,independent,k,3.4999999999999997e-13,3.19387247338891e-13,1.1412817764661465e-13,8.938039305119823e-13,0.2979497924877541,-0.0915288464286057,True,14,16,0.0,1.0
reference,E8_relax_independent_matched,2,2,swe+ceus+relax,independent,D,1.0000000000000004e-06,9.920438277809746e-07,9.661935522464295e-07,1.0185857212047699e-06,0.011466724436602765,-0.007987991442405473,True,14,16,0.0,1.0
reference,E8_relax_independent_matched,2,2,swe+ceus+relax,independent,vmag,0.0010488088481701513,0.0010444241548805242,0.001036282695833139,0.0010526295765470738,0.003398661164117559,-0.0041894043293355665,True,14,16,0.0,1.0
reference,E8_relax_independent_matched,2,2,swe+ceus+relax,independent,S_v,2.8000000000000023e-05,2.5184350296772358e-05,9.094193449498997e-06,6.974246846546672e-05,0.6564010950569319,-0.1059817285399518,True,14,16,0.0,1.0
reference,E8_relax_independent_matched,3,3,swe+ceus+relax,independent,mu,2999.9999999999977,2992.6693009492656,2982.4950707878593,3002.878238614597,0.0029579881069151832,-0.0024465567309537306,True,14,16,0.0,1.0
reference,E8_relax_independent_matched,3,3,swe+ceus+relax,independent,eta_s,1.5,1.4936892692564858,1.4735002725013946,1.5141548832593534,0.005910040509477933,-0.004216028801676874,True,14,16,0.0,1.0
reference,E8_relax_independent_matched,3,3,swe+ceus+relax,independent,phi,0.028000000000000004,0.027751775964563342,0.025147952653218706,0.03062519958612782,0.06577580376180076,-0.008904673307588151,True,14,16,0.0,1.0
reference,E8_relax_independent_matched,3,3,swe+ceus+relax,independent,k,3.4999999999999997e-13,3.203496695593339e-13,1.1446298635148502e-13,8.965685245328478e-13,0.29797280522932085,-0.08852003789784035,True,14,16,0.0,1.0
reference,E8_relax_independent_matched,3,3,swe+ceus+relax,independent,D,1.0000000000000004e-06,9.88493197407358e-07,9.62701130667357e-07,1.0149762685364985e-06,0.01148220305792509,-0.01157351812771168,True,14,16,0.0,1.0
reference,E8_relax_independent_matched,3,3,swe+ceus+relax,independent,vmag,0.0010488088481701513,0.00104659441685228,0.001038417667839452,0.001054835551541979,0.0034063449390085722,-0.002113609517768289,True,14,16,0.0,1.0
reference,E8_relax_independent_matched,3,3,swe+ceus+relax,independent,S_v,2.8000000000000023e-05,2.557843972596004e-05,9.236424217401637e-06,7.08344012157796e-05,0.6564064585229259,-0.09045471174253095,True,14,16,0.0,1.0
reference,E8_relax_independent_matched,4,4,swe+ceus+relax,independent,mu,2999.9999999999977,2995.2599778056583,2985.152047042876,3005.402134719302,0.0029361339757952745,-0.0015812569261512976,True,14,16,0.0,1.0
reference,E8_relax_independent_matched,4,4,swe+ceus+relax,independent,eta_s,1.5,1.497134522139875,1.4777268106583725,1.5167971246216845,0.0056666719159444625,-0.0019121455590631609,True,14,16,0.0,1.0
reference,E8_relax_independent_matched,4,4,swe+ceus+relax,independent,phi,0.028000000000000004,0.02832740840468658,0.025668999856976696,0.0312611348863212,0.06579079120197782,0.011625320650676674,True,14,16,0.0,1.0
reference,E8_relax_independent_matched,4,4,swe+ceus+relax,independent,k,3.4999999999999997e-13,3.0258345350841223e-13,1.0808584690304906e-13,8.470743299000295e-13,0.2980508970300851,-0.14557603569362598,True,14,16,0.0,1.0
reference,E8_relax_independent_matched,4,4,swe+ceus+relax,independent,D,1.0000000000000004e-06,9.974907512853984e-07,9.715771928701269e-07,1.0240954668363761e-06,0.011431566129590237,-0.002512402155440796,True,14,16,0.0,1.0
reference,E8_relax_independent_matched,4,4,swe+ceus+relax,independent,vmag,0.0010488088481701513,0.0010397644940694352,0.0010316479665415338,0.00104794487866995,0.0034034565543574133,-0.008660850402261389,False,14,16,0.0,1.0
reference,E8_relax_independent_matched,4,4,swe+ceus+relax,independent,S_v,2.8000000000000023e-05,2.58816388135339e-05,9.346005852951751e-06,7.167331566164841e-05,0.6563998490022028,-0.07867071899504197,True,14,16,0.0,1.0
L8_01,E2_ceus,0,0,ceus,independent,phi,0.011999999999999999,0.018609638886846726,0.0053020342063216,0.06531807340773532,0.838251881092602,0.4387730164246286,True,6,9,0.0,1.0
L8_01,E2_ceus,0,0,ceus,independent,k,7.000000000000004e-14,3.162277660168375e-13,9.999999999999987e-15,9.999999999999985e-12,1.0,1.5079674904357532,True,6,9,0.0,1.0
L8_01,E2_ceus,0,0,ceus,independent,D,3.0000000000000015e-07,3.0143632966430634e-07,2.9662322366665655e-07,3.0632753470308395e-07,0.00699044265462069,0.004776340650192168,True,6,9,0.0,1.0
L8_01,E2_ceus,0,0,ceus,independent,vmag,0.0004000000000000001,0.0003984872903340659,0.00039657996010350217,0.00040040379376795406,0.0020837094796294624,-0.0037889431527888817,True,6,9,0.0,1.0
L8_01,E2_ceus,0,0,ceus,independent,S_v,4.800000000000004e-06,2.2360679774997884e-05,1.4338978448964585e-06,0.0003486998755034075,1.0,1.5386881312972491,True,6,9,0.0,1.0
L8_01,E2_ceus,1,1,ceus,independent,phi,0.011999999999999999,0.01855596739816782,0.0052867437061582725,0.06512968004875681,0.838251763138894,0.43588478015706844,True,6,9,0.0,1.0
L8_01,E2_ceus,1,1,ceus,independent,k,7.000000000000004e-14,3.162277660168375e-13,9.999999999999987e-15,9.999999999999985e-12,1.0,1.5079674904357532,True,6,9,0.0,1.0
L8_01,E2_ceus,1,1,ceus,independent,D,3.0000000000000015e-07,2.97926078639152e-07,2.9319957732081103e-07,3.027287731598039e-07,0.006945180493109323,-0.006937077180214857,True,6,9,0.0,1.0
L8_01,E2_ceus,1,1,ceus,independent,vmag,0.0004000000000000001,0.00039947314756377713,0.00039757068661684045,0.00040138471219410004,0.0020732356865384356,-0.0013179992701335408,True,6,9,0.0,1.0
L8_01,E2_ceus,1,1,ceus,independent,S_v,4.800000000000004e-06,2.2360679774997884e-05,1.4338978448964585e-06,0.0003486998755034075,1.0,1.5386881312972491,True,6,9,0.0,1.0
L8_01,E2_ceus,2,2,ceus,independent,phi,0.011999999999999999,0.018616714604736198,0.005304050384325175,0.06534290543288136,0.8382518496666747,0.4391531620639957,True,6,9,0.0,1.0
L8_01,E2_ceus,2,2,ceus,independent,k,7.000000000000004e-14,3.162277660168375e-13,9.999999999999987e-15,9.999999999999985e-12,1.0,1.5079674904357532,True,6,9,0.0,1.0
L8_01,E2_ceus,2,2,ceus,independent,D,3.0000000000000015e-07,3.0311210275658266e-07,2.9827679865217214e-07,3.08025790985698e-07,0.006983804118200729,0.010320238523220837,True,6,9,0.0,1.0
L8_01,E2_ceus,2,2,ceus,independent,vmag,0.0004000000000000001,0.00040120841170495215,0.0003992901288688583,0.0004031359104188582,0.002081456000049368,0.003016475123297724,True,6,9,0.0,1.0
L8_01,E2_ceus,2,2,ceus,independent,S_v,4.800000000000004e-06,2.2360679774997884e-05,1.4338978448964585e-06,0.0003486998755034075,1.0,1.5386881312972491,True,6,9,0.0,1.0
L8_01,E2_ceus,3,3,ceus,independent,phi,0.011999999999999999,0.018655229562833647,0.005315023564320454,0.0654780897639384,0.8382518545112493,0.44121986250941436,True,6,9,0.0,1.0
L8_01,E2_ceus,3,3,ceus,independent,k,7.000000000000004e-14,3.162277660168375e-13,9.999999999999987e-15,9.999999999999985e-12,1.0,1.5079674904357532,True,6,9,0.0,1.0
L8_01,E2_ceus,3,3,ceus,independent,D,3.0000000000000015e-07,3.03349710529248e-07,2.9851936382852313e-07,3.0825821714881344e-07,0.006971077426829783,0.011103825484898522,True,6,9,0.0,1.0
L8_01,E2_ceus,3,3,ceus,independent,vmag,0.0004000000000000001,0.0003991304296227476,0.00039722654188378777,0.00040104344260420856,0.0020765800868536534,-0.002176292350352327,True,6,9,0.0,1.0
L8_01,E2_ceus,3,3,ceus,independent,S_v,4.800000000000004e-06,2.2360679774997884e-05,1.4338978448964585e-06,0.0003486998755034075,1.0,1.5386881312972491,True,6,9,0.0,1.0
L8_01,E2_ceus,4,4,ceus,independent,phi,0.011999999999999999,0.01857765967773209,0.005292923490854626,0.06520582428557004,0.8382518286604931,0.43705311644629985,True,6,9,0.0,1.0
L8_01,E2_ceus,4,4,ceus,independent,k,7.000000000000004e-14,3.162277660168375e-13,9.999999999999987e-15,9.999999999999985e-12,1.0,1.5079674904357532,True,6,9,0.0,1.0
L8_01,E2_ceus,4,4,ceus,independent,D,3.0000000000000015e-07,2.993546729848433e-07,2.9458793360772656e-07,3.0419854316637246e-07,0.006971087891215583,-0.002153406967920546,True,6,9,0.0,1.0
L8_01,E2_ceus,4,4,ceus,independent,vmag,0.0004000000000000001,0.00039860824890560127,0.0003967041656762701,0.00040052147126998043,0.002079520964048933,-0.003485444847982855,True,6,9,0.0,1.0
L8_01,E2_ceus,4,4,ceus,independent,S_v,4.800000000000004e-06,2.2360679774997884e-05,1.4338978448964585e-06,0.0003486998755034075,1.0,1.5386881312972491,True,6,9,0.0,1.0
L8_01,E2_ceus_Acal,0,0,ceus,independent,phi,0.011999999999999999,0.012088869304773384,0.010978599398618038,0.01331142122612544,0.06431634048517215,0.0073784872867559415,True,6,9,0.0,1.0
L8_01,E2_ceus_Acal,0,0,ceus,independent,k,7.000000000000004e-14,3.162277660168375e-13,9.999999999999987e-15,9.999999999999985e-12,1.0,1.5079674904357532,True,6,9,0.0,1.0
L8_01,E2_ceus_Acal,0,0,ceus,independent,D,3.0000000000000015e-07,3.0144979399166105e-07,2.966366063913744e-07,3.0634107975777216e-07,0.0069902473698917516,0.004821006887574697,True,6,9,0.0,1.0
L8_01,E2_ceus_Acal,0,0,ceus,independent,vmag,0.0004000000000000001,0.0003984889809432809,0.0003965816471238532,0.00040040548796153186,0.0020837045482939376,-0.0037847005943190126,True,6,9,0.0,1.0
L8_01,E2_ceus_Acal,0,0,ceus,independent,S_v,4.800000000000004e-06,2.2360679774997884e-05,1.4338978448964585e-06,0.0003486998755034075,1.0,1.5386881312972491,True,6,9,0.0,1.0
L8_01,E2_ceus_Acal,1,1,ceus,independent,phi,0.011999999999999999,0.011972535084323941,0.010873231511539903,0.013182980256903147,0.06429902990164749,-0.0022913661484835757,True,6,9,0.0,1.0
L8_01,E2_ceus_Acal,1,1,ceus,independent,k,7.000000000000004e-14,3.162277660168375e-13,9.999999999999987e-15,9.999999999999985e-12,1.0,1.5079674904357532,True,6,9,0.0,1.0
L8_01,E2_ceus_Acal,1,1,ceus,independent,D,3.0000000000000015e-07,2.9793970190972557e-07,2.9321310926277426e-07,3.0274248718703503e-07,0.0069449956444638,-0.006891351209633356,True,6,9,0.0,1.0
L8_01,E2_ceus_Acal,1,1,ceus,independent,vmag,0.0004000000000000001,0.0003994749835246445,0.00039757251884190966,0.0004013865518845641,0.0020732302161600475,-0.0013134033250503663,True,6,9,0.0,1.0
L8_01,E2_ceus_Acal,1,1,ceus,independent,S_v,4.800000000000004e-06,2.2360679774997884e-05,1.4338978448964585e-06,0.0003486998755034075,1.0,1.5386881312972491,True,6,9,0.0,1.0
L8_01,E2_ceus_Acal,2,2,ceus,independent,phi,0.011999999999999999,0.012104292064849432,0.010992680732669624,0.013328312715909776,0.06431178331189469,0.008653456021070483,True,6,9,0.0,1.0
L8_01,E2_ceus_Acal,2,2,ceus,independent,k,7.000000000000004e-14,3.1622771515138074e-13,9.999998391493011e-15,9.99999839149301e-12,1.0,1.5079673295850426,True,6,9,0.0,1.0
L8_01,E2_ceus_Acal,2,2,ceus,independent,D,3.0000000000000015e-07,3.031255931061964e-07,2.982902066655185e-07,3.080393628176228e-07,0.006983610674667772,0.010364743672630183,True,6,9,0.0,1.0
L8_01,E2_ceus_Acal,2,2,ceus,independent,vmag,0.0004000000000000001,0.0004012101419270717,0.0003992918554172017,0.0004031376443102034,0.002081450998033928,0.0030207876410273116,True,6,9,0.0,1.0
L8_01,E2_ceus_Acal,2,2,ceus,independent,S_v,4.800000000000004e-06,2.236066322964485e-05,1.4338967839114483e-06,0.0003486996174896709,1.0,1.5386873913662935,True,6,9,0.0,1.0
L8_01,E2_ceus_Acal,3,3,ceus,independent,phi,0.011999999999999999,0.012188386898177882,0.011069042337665565,0.013420923928908245,0.06431240359950133,0.015576955020819128,True,6,9,0.0,1.0
L8_01,E2_ceus_Acal,3,3,ceus,independent,k,7.000000000000004e-14,3.1622776601683635e-13,9.999999999999916e-15,9.99999999999995e-12,1.0,1.5079674904357496,True,6,9,0.0,1.0
L8_01,E2_ceus_Acal,3,3,ceus,independent,D,3.0000000000000015e-07,3.0336320571812424e-07,2.985327776841279e-07,3.0827179279104633e-07,0.006970883135194128,0.011148311727129823,True,6,9,0.0,1.0
L8_01,E2_ceus_Acal,3,3,ceus,independent,vmag,0.0004000000000000001,0.0003991320783703304,0.00039722818690418843,0.0004010450950769119,0.0020765755632837527,-0.0021721615097671787,True,6,9,0.0,1.0
L8_01,E2_ceus_Acal,3,3,ceus,independent,S_v,4.800000000000004e-06,2.23606797749957e-05,1.4338978448963184e-06,0.00034869987550337347,1.0,1.5386881312971514,True,6,9,0.0,1.0
L8_01,E2_ceus_Acal,4,4,ceus,independent,phi,0.011999999999999999,0.01201946075231007,0.010915691898969933,0.013234840091992233,0.0643086090739557,0.0016204157761077198,True,6,9,0.0,1.0
L8_01,E2_ceus_Acal,4,4,ceus,independent,k,7.000000000000004e-14,3.162277660168375e-13,9.999999999999987e-15,9.999999999999985e-12,1.0,1.5079674904357532,True,6,9,0.0,1.0
L8_01,E2_ceus_Acal,4,4,ceus,independent,D,3.0000000000000015e-07,2.9936829177847294e-07,2.946014644843975e-07,3.042122491794584e-07,0.006970897810416469,-0.0021079141626216824,True,6,9,0.0,1.0
L8_01,E2_ceus_Acal,4,4,ceus,independent,vmag,0.0004000000000000001,0.0003986100246531792,0.00039670593768401845,0.00040052325075246573,0.0020795157720663923,-0.00348098998878843,True,6,9,0.0,1.0
L8_01,E2_ceus_Acal,4,4,ceus,independent,S_v,4.800000000000004e-06,2.2360679774997884e-05,1.4338978448964585e-06,0.0003486998755034075,1.0,1.5386881312972491,True,6,9,0.0,1.0
L8_01,E3_joint_independent,0,0,swe+ceus,independent,mu,1999.9999999999998,2003.5883751862143,2000.5526208530014,2006.6287361487537,0.001317048135157187,0.0017925799611893112,False,11,13,0.0,1.0
L8_01,E3_joint_independent,0,0,swe+ceus,independent,eta_s,0.5,0.5001574355483054,0.4958443560601986,0.5045080321613795,0.003761355343363052,0.0003148215351103101,True,11,13,0.0,1.0
L8_01,E3_joint_independent,0,0,swe+ceus,independent,phi,0.011999999999999999,0.0120169966248393,0.010913636883135257,0.013231905131876968,0.06429742500292256,0.0014153832756242934,True,11,13,0.0,1.0
L8_01,E3_joint_independent,0,0,swe+ceus,independent,k,7.000000000000004e-14,2.9620367580618423e-13,9.439916274538097e-15,9.294215648685699e-12,0.9977482008448173,1.4425520695864193,True,11,13,0.0,1.0
L8_01,E3_joint_independent,0,0,swe+ceus,independent,D,3.0000000000000015e-07,2.986517772717467e-07,2.9392060354289835e-07,3.0345910763807715e-07,0.006935072817708758,-0.004504204476853957,True,11,13,0.0,1.0
L8_01,E3_joint_independent,0,0,swe+ceus,independent,vmag,0.0004000000000000001,0.00039982270682273986,0.00039792172087124955,0.00040173277432820976,0.002069808933639086,-0.0004433311999063605,True,11,13,0.0,1.0
L8_01,E3_joint_independent,0,0,swe+ceus,independent,S_v,4.800000000000004e-06,2.2360679774997884e-05,1.4338978448964585e-06,0.0003486998755034075,1.0,1.5386881312972491,True,11,13,0.0,1.0
L8_01,E3_joint_independent,1,1,swe+ceus,independent,mu,1999.9999999999998,2001.4412900043078,1998.4140397746673,2004.4731259923396,0.0013147658729669419,0.0007203854622277461,True,11,13,0.0,1.0
L8_01,E3_joint_independent,1,1,swe+ceus,independent,eta_s,0.5,0.4982795358671187,0.4934588159200669,0.5031473506072073,0.0042221389495623,-0.003446861874753071,True,11,13,0.0,1.0
L8_01,E3_joint_independent,1,1,swe+ceus,independent,phi,0.011999999999999999,0.011768243408582707,0.010687659604003289,0.012958080445580002,0.06430140638015644,-0.019501982764746018,True,11,13,0.0,1.0
L8_01,E3_joint_independent,1,1,swe+ceus,independent,k,7.000000000000004e-14,2.883658710061883e-13,9.17519428394129e-15,9.063009783530998e-12,0.9982190598817576,1.415734817267925,True,11,13,0.0,1.0
L8_01,E3_joint_independent,1,1,swe+ceus,independent,D,3.0000000000000015e-07,2.9407723690077446e-07,2.8939493150420845e-07,2.9883530030634486e-07,0.006970488602196688,-0.019940031273041114,False,11,13,0.0,1.0
L8_01,E3_joint_independent,1,1,swe+ceus,independent,vmag,0.0004000000000000001,0.0003988426667597654,0.00039693336400079454,0.0004007611535212818,0.002084006583729378,-0.002897526880089707,True,11,13,0.0,1.0
L8_01,E3_joint_independent,1,1,swe+ceus,independent,S_v,4.800000000000004e-06,2.2360679774997884e-05,1.4338978448964585e-06,0.0003486998755034075,1.0,1.5386881312972491,True,11,13,0.0,1.0
L8_01,E3_joint_independent,2,2,swe+ceus,independent,mu,1999.9999999999998,2000.2783480746411,1997.2462124365832,2003.3150869741653,0.001317655472626414,0.00013916435351291057,True,11,13,0.0,1.0
L8_01,E3_joint_independent,2,2,swe+ceus,independent,eta_s,0.5,0.4982408332319821,0.4934901075135572,0.5030372931900768,0.0041608659400414185,-0.003524537427318175,True,11,13,0.0,1.0
L8_01,E3_joint_independent,2,2,swe+ceus,independent,phi,0.011999999999999999,0.01204392833379942,0.010938149579497234,0.013261494428782886,0.06429414339919462,0.003654010448408407,True,11,13,0.0,1.0
L8_01,E3_joint_independent,2,2,swe+ceus,independent,k,7.000000000000004e-14,3.0045579730591305e-13,9.566602781248898e-15,9.436336827078674e-12,0.9980152308912428,1.4568054039543519,True,11,13,0.0,1.0
L8_01,E3_joint_independent,2,2,swe+ceus,independent,D,3.0000000000000015e-07,2.9935766213827696e-07,2.9462196624510107e-07,3.0416947868151325e-07,0.006925254928514858,-0.0021434216936633277,True,11,13,0.0,1.0
L8_01,E3_joint_independent,2,2,swe+ceus,independent,vmag,0.0004000000000000001,0.0004003891950852497,0.0003984885219902557,0.0004022989338321123,0.002066532529091009,0.0009725146673993379,True,11,13,0.0,1.0
L8_01,E3_joint_independent,2,2,swe+ceus,independent,S_v,4.800000000000004e-06,2.2360679774997884e-05,1.4338978448964585e-06,0.0003486998755034075,1.0,1.5386881312972491,True,11,13,0.0,1.0
L8_01,E3_joint_independent,3,3,swe+ceus,independent,mu,1999.9999999999998,1995.9251717942639,1992.904489817616,1998.9504322741218,0.001315539520220417,-0.0020394924544362425,False,11,13,0.0,1.0
L8_01,E3_joint_independent,3,3,swe+ceus,independent,eta_s,0.5,0.492332285078935,0.487413293439432,0.49730091935042037,0.004360946193962217,-0.015454233717041355,False,11,13,0.0,1.0
L8_01,E3_joint_independent,3,3,swe+ceus,independent,phi,0.011999999999999999,0.012152351283052665,0.011036259170122898,0.013381313308272665,0.06431584892312793,0.012616022514640335,True,11,13,0.0,1.0
L8_01,E3_joint_independent,3,3,swe+ceus,independent,k,7.000000000000004e-14,2.7897217418525165e-13,8.870167026948322e-15,8.773845377793447e-12,0.9984193929237989,1.3826168006951889,True,11,13,0.0,1.0
L8_01,E3_joint_independent,3,3,swe+ceus,independent,D,3.0000000000000015e-07,3.038144508387542e-07,2.9896504332250795e-07,3.087425189000504e-07,0.006988015963495044,0.01263468132204082,True,11,13,0.0,1.0
L8_01,E3_joint_independent,3,3,swe+ceus,independent,vmag,0.0004000000000000001,0.0004006045495211742,0.0003986883394195171,0.0004025299694762197,0.0020823432290606727,0.0015102328270319987,True,11,13,0.0,1.0
L8_01,E3_joint_independent,3,3,swe+ceus,independent,S_v,4.800000000000004e-06,2.2360679774997884e-05,1.4338978448964585e-06,0.0003486998755034075,1.0,1.5386881312972491,True,11,13,0.0,1.0
L8_01,E3_joint_independent,4,4,swe+ceus,independent,mu,1999.9999999999998,2000.6406409511976,1997.6025016102972,2003.6834009764673,0.0013200271798486307,0.0003202691839483407,True,11,13,0.0,1.0
L8_01,E3_joint_independent,4,4,swe+ceus,independent,eta_s,0.5,0.4994351492501852,0.49433473252783194,0.5045881907407974,0.004457978307345169,-0.001130340093360993,True,11,13,0.0,1.0
L8_01,E3_joint_independent,4,4,swe+ceus,independent,phi,0.011999999999999999,0.012204315287474243,0.01108373650239119,0.013438185904540788,0.06429863456648516,0.016882951497890097,True,11,13,0.0,1.0
L8_01,E3_joint_independent,4,4,swe+ceus,independent,k,7.000000000000004e-14,2.6794827869498586e-13,8.513498465144277e-15,8.43322875426032e-12,0.9986286062688752,1.342298729892459,True,11,13,0.0,1.0
L8_01,E3_joint_independent,4,4,swe+ceus,independent,D,3.0000000000000015e-07,3.02695711527377e-07,2.979071100698315e-07,3.075612856490319e-07,0.006925399558693295,0.008945573868988532,True,11,13,0.0,1.0
L8_01,E3_joint_independent,4,4,swe+ceus,independent,vmag,0.0004000000000000001,0.00040016648318130424,0.00039826932444063796,0.0004020726790510347,0.002063853136558782,0.0004161213627558169,True,11,13,0.0,1.0
L8_01,E3_joint_independent,4,4,swe+ceus,independent,S_v,4.800000000000004e-06,2.2360679774997884e-05,1.4338978448964585e-06,0.0003486998755034075,1.0,1.5386881312972491,True,11,13,0.0,1.0
L8_01,E4_joint_constitutive_Cvcal,0,0,swe+ceus,constitutive,mu,1999.9999999999998,2003.5883749632892,2000.5526206349305,2006.6287359209596,0.0013170481331957588,0.0017925798499263124,False,11,13,0.0,1.0
L8_01,E4_joint_constitutive_Cvcal,0,0,swe+ceus,constitutive,eta_s,0.5,0.5001574387729399,0.49584436138230775,0.5045080332516474,0.003761353481895417,0.00031482798234949705,True,11,13,0.0,1.0
L8_01,E4_joint_constitutive_Cvcal,0,0,swe+ceus,constitutive,phi,0.011999999999999999,0.012016995032218076,0.010913635436774956,0.013231903378204414,0.06429742500097316,0.0014152507448947915,True,11,13,0.0,1.0
L8_01,E4_joint_constitutive_Cvcal,0,0,swe+ceus,constitutive,k,7.000000000000004e-14,2.9620366230689254e-13,9.439915884307848e-15,9.29421518573715e-12,0.9977481996183581,1.4425520240120626,True,11,13,0.0,1.0
L8_01,E4_joint_constitutive_Cvcal,0,0,swe+ceus,constitutive,D,3.0000000000000015e-07,2.9865177619181657e-07,2.939206024823344e-07,3.0345910653843225e-07,0.006935072814372288,-0.004504208092871664,True,11,13,0.0,1.0
L8_01,E4_joint_constitutive_Cvcal,0,0,swe+ceus,constitutive,vmag,0.0004000000000000001,0.00039982270659741543,0.00039792172064723294,0.00040173277410157025,0.0020698089333810277,-0.0004433317634671141,True,11,13,0.0,1.0
L8_01,E4_joint_constitutive_Cvcal,0,0,swe+ceus,constitutive,S_v,4.800000000000001e-06,4.806798012887236e-06,3.168584648135187e-06,7.291996175735716e-06,0.2685609879927849,0.0014152507448947915,True,11,13,0.0,1.0
L8_01,E4_joint_constitutive_Cvcal,0,0,swe+ceus,constitutive,C_v,0.0004000000000000001,0.0004000000000000001,0.0002666666666666667,0.0006000000000000003,1.0,0.0,True,11,13,0.0,1.0
L8_01,E4_joint_constitutive_Cvcal,1,1,swe+ceus,constitutive,mu,1999.9999999999998,2001.4412897247726,1998.4140394184549,2004.4731257897151,0.0013147659064781634,0.0007203853225608015,True,11,13,0.0,1.0
L8_01,E4_joint_constitutive_Cvcal,1,1,swe+ceus,constitutive,eta_s,0.5,0.4982795314229901,0.4934588101581765,0.5031473475071373,0.0042221401471688085,-0.0034468707936998744,True,11,13,0.0,1.0
L8_01,E4_joint_constitutive_Cvcal,1,1,swe+ceus,constitutive,phi,0.011999999999999999,0.011768244249830957,0.010687660368012164,0.012958081371876333,0.06430140637979824,-0.019501911280142004,True,11,13,0.0,1.0
L8_01,E4_joint_constitutive_Cvcal,1,1,swe+ceus,constitutive,k,7.000000000000004e-14,2.8836822518574435e-13,9.175270072471693e-15,9.063082900008272e-12,0.9982190320025781,1.4157429810979174,True,11,13,0.0,1.0
L8_01,E4_joint_constitutive_Cvcal,1,1,swe+ceus,constitutive,D,3.0000000000000015e-07,2.9407723678921477e-07,2.893949313948625e-07,2.988353001925284e-07,0.006970488601540747,-0.01994003165239633,False,11,13,0.0,1.0
L8_01,E4_joint_constitutive_Cvcal,1,1,swe+ceus,constitutive,vmag,0.0004000000000000001,0.00039884266671901745,0.0003969333639603538,0.0004007611534802247,0.002084006583606655,-0.002897526982255094,True,11,13,0.0,1.0
L8_01,E4_joint_constitutive_Cvcal,1,1,swe+ceus,constitutive,S_v,4.800000000000001e-06,4.707297699932383e-06,3.102990936926793e-06,7.141062312523115e-06,0.26856187614114896,-0.019501911280142892,True,11,13,0.0,1.0
L8_01,E4_joint_constitutive_Cvcal,1,1,swe+ceus,constitutive,C_v,0.0004000000000000001,0.0004000000000000001,0.0002666666666666667,0.0006000000000000003,1.0,0.0,True,11,13,0.0,1.0
L8_01,E4_joint_constitutive_Cvcal,2,2,swe+ceus,constitutive,mu,1999.9999999999998,2000.278347975379,1997.2462122611237,2003.3150869513315,0.0013176555058288812,0.0001391643038886059,True,11,13,0.0,1.0
L8_01,E4_joint_constitutive_Cvcal,2,2,swe+ceus,constitutive,eta_s,0.5,0.4982408248190862,0.4934900961073756,0.5030372878291552,0.004160868644868234,-0.003524554312517858,True,11,13,0.0,1.0
L8_01,E4_joint_constitutive_Cvcal,2,2,swe+ceus,constitutive,phi,0.011999999999999999,0.012043933735031544,0.01093815448480877,0.013261500376072525,0.0642941434005342,0.0036544589093061575,True,11,13,0.0,1.0
L8_01,E4_joint_constitutive_Cvcal,2,2,swe+ceus,constitutive,k,7.000000000000004e-14,3.00457975866808e-13,9.566673014131967e-15,9.43640439352581e-12,0.9980152046565377,1.4568126547813165,True,11,13,0.0,1.0
L8_01,E4_joint_constitutive_Cvcal,2,2,swe+ceus,constitutive,D,3.0000000000000015e-07,2.9935766280964273e-07,2.9462196690418767e-07,3.041694793653827e-07,0.006925254930959786,-0.0021434194509755145,True,11,13,0.0,1.0
L8_01,E4_joint_constitutive_Cvcal,2,2,swe+ceus,constitutive,vmag,0.0004000000000000001,0.0004003891952238952,0.00039848852212800024,0.0004022989339716642,0.0020665325293553263,0.0009725150136761229,True,11,13,0.0,1.0
L8_01,E4_joint_constitutive_Cvcal,2,2,swe+ceus,constitutive,S_v,4.800000000000001e-06,4.8175734940126225e-06,3.1756913256988176e-06,7.30833446638766e-06,0.2685602559870218,0.0036544589093061575,True,11,13,0.0,1.0
L8_01,E4_joint_constitutive_Cvcal,2,2,swe+ceus,constitutive,C_v,0.0004000000000000001,0.0004000000000000001,0.0002666666666666667,0.0006000000000000003,1.0,0.0,True,11,13,0.0,1.0
L8_01,E4_joint_constitutive_Cvcal,3,3,swe+ceus,constitutive,mu,1999.9999999999998,1995.9251738318715,1992.9044921626198,1998.9504340033961,0.001315539384900385,-0.0020394914335524206,False,11,13,0.0,1.0
L8_01,E4_joint_constitutive_Cvcal,3,3,swe+ceus,constitutive,eta_s,0.5,0.49233227903781257,0.4874132878023424,0.49730091289768413,0.004360945887741476,-0.015454245987458481,False,11,13,0.0,1.0
L8_01,E4_joint_constitutive_Cvcal,3,3,swe+ceus,constitutive,phi,0.011999999999999999,0.01215235226900804,0.01103626006555293,0.013381314393905224,0.06431584892152827,0.012616103647526522,True,11,13,0.0,1.0
L8_01,E4_joint_constitutive_Cvcal,3,3,swe+ceus,constitutive,k,7.000000000000004e-14,2.7896228432492145e-13,8.869849164747688e-15,8.773537704008069e-12,0.9984195040810289,1.3825813490030399,True,11,13,0.0,1.0
L8_01,E4_joint_constitutive_Cvcal,3,3,swe+ceus,constitutive,D,3.0000000000000015e-07,3.038144499872744e-07,2.9896504248645515e-07,3.087425180328631e-07,0.006988015960828707,0.012634678519409803,True,11,13,0.0,1.0
L8_01,E4_joint_constitutive_Cvcal,3,3,swe+ceus,constitutive,vmag,0.0004000000000000001,0.00040060454935321455,0.0003986883392526204,0.0004025299693071907,0.0020823432287780247,0.0015102324077664875,True,11,13,0.0,1.0
L8_01,E4_joint_constitutive_Cvcal,3,3,swe+ceus,constitutive,S_v,4.800000000000001e-06,4.860940907603217e-06,3.204254568828485e-06,7.374178923570777e-06,0.2685650983563407,0.012616103647525634,True,11,13,0.0,1.0
L8_01,E4_joint_constitutive_Cvcal,3,3,swe+ceus,constitutive,C_v,0.0004000000000000001,0.0004000000000000001,0.0002666666666666667,0.0006000000000000003,1.0,0.0,True,11,13,0.0,1.0
L8_01,E4_joint_constitutive_Cvcal,4,4,swe+ceus,constitutive,mu,1999.9999999999998,2000.6406414636579,1997.6025022107933,2003.683401400622,0.0013200271412310504,0.0003202694400963324,True,11,13,0.0,1.0
L8_01,E4_joint_constitutive_Cvcal,4,4,swe+ceus,constitutive,eta_s,0.5,0.49943514887493634,0.49433473263623656,0.5045881898719032,0.004457977885801352,-0.0011303408447074226,True,11,13,0.0,1.0
L8_01,E4_joint_constitutive_Cvcal,4,4,swe+ceus,constitutive,phi,0.011999999999999999,0.012204316825682562,0.011083737899365549,0.013438187598261807,0.06429863456638758,0.016883077535950086,True,11,13,0.0,1.0
L8_01,E4_joint_constitutive_Cvcal,4,4,swe+ceus,constitutive,k,7.000000000000004e-14,2.679453543878372e-13,8.513404682285465e-15,8.433137577426899e-12,0.998628635825477,1.3422878161328313,True,11,13,0.0,1.0
L8_01,E4_joint_constitutive_Cvcal,4,4,swe+ceus,constitutive,D,3.0000000000000015e-07,3.0269571145189476e-07,2.979071099955143e-07,3.0756128557236635e-07,0.006925399558735752,0.008945573619621783,True,11,13,0.0,1.0
L8_01,E4_joint_constitutive_Cvcal,4,4,swe+ceus,constitutive,vmag,0.0004000000000000001,0.0004001664831654344,0.00039826932442479246,0.00040207267903514073,0.0020638531366144967,0.0004161213230977623,True,11,13,0.0,1.0
L8_01,E4_joint_constitutive_Cvcal,4,4,swe+ceus,constitutive,S_v,4.800000000000001e-06,4.881726730273025e-06,3.217975428959287e-06,7.405667443759613e-06,0.26856125781177803,0.016883077535949198,True,11,13,0.0,1.0
L8_01,E4_joint_constitutive_Cvcal,4,4,swe+ceus,constitutive,C_v,0.0004000000000000001,0.0004000000000000001,0.0002666666666666667,0.0006000000000000003,1.0,0.0,True,11,13,0.0,1.0
L8_01,E5_joint_network,0,0,swe+ceus,network,mu,1999.9999999999998,2003.6224142203637,2000.5910484871051,2006.6583731853152,0.0013151203594407657,0.0018095688524351061,False,11,13,0.0,1.0
L8_01,E5_joint_network,0,0,swe+ceus,network,eta_s,0.5,0.5002981015206049,0.4960313097762064,0.5046015956090517,0.003719764602654167,0.0005960253827869133,True,11,13,0.0,1.0
L8_01,E5_joint_network,0,0,swe+ceus,network,phi,0.011999999999999999,0.012074463119324806,0.010967083822079199,0.013293657820543104,0.06422091210513305,0.006186086594446749,True,11,13,0.0,1.0
L8_01,E5_joint_network,0,0,swe+ceus,network,k,7.000000000000004e-14,8.00584494882144e-14,1.494545959153553e-14,4.288496646892653e-13,0.4859319333892842,0.13426174445536176,True,11,13,0.0,1.0
L8_01,E5_joint_network,0,0,swe+ceus,network,D,3.0000000000000015e-07,2.986982195128633e-07,2.939665193034921e-07,3.0350608141209087e-07,0.006934763684480525,-0.004348710239103326,True,11,13,0.0,1.0
L8_01,E5_joint_network,0,0,swe+ceus,network,vmag,0.0004000000000000001,0.00039983106630453935,0.0003979300591235626,0.00040174115505203583,0.0020697887252747217,-0.00042242344687437594,True,11,13,0.0,1.0
L8_01,E5_joint_network,0,0,swe+ceus,network,S_v,4.800000000000001e-06,1.2074463119324807e-05,1.2050236341254454e-06,0.00012098738604885957,0.8389774742866832,0.922476818468601,True,11,13,0.0,1.0
L8_01,E5_joint_network,0,0,swe+ceus,network,C_v,0.0004000000000000001,0.0010000000000000002,0.00010000000000000009,0.009999999999999995,1.0,0.9162907318741551,True,11,13,0.0,1.0
L8_01,E5_joint_network,1,1,swe+ceus,network,mu,1999.9999999999998,2001.4752707979806,1998.4523066880295,2004.5028076025008,0.001312880652425591,0.0007373634797094297,True,11,13,0.0,1.0
L8_01,E5_joint_network,1,1,swe+ceus,network,eta_s,0.5,0.49840265759129077,0.49361100512822736,0.503240824279297,0.00419551561890137,-0.003199798717396729,True,11,13,0.0,1.0
L8_01,E5_joint_network,1,1,swe+ceus,network,phi,0.011999999999999999,0.01182528692196216,0.010740696537812027,0.013019398722833241,0.0642248691072661,-0.014666451690656501,True,11,13,0.0,1.0
L8_01,E5_joint_network,1,1,swe+ceus,network,k,7.000000000000004e-14,7.649999835050803e-14,1.4280894019718875e-14,4.09795755051961e-13,0.4859373530508692,0.08879547722114367,True,11,13,0.0,1.0
L8_01,E5_joint_network,1,1,swe+ceus,network,D,3.0000000000000015e-07,2.9412494045711495e-07,2.8944207486696113e-07,2.988835698426517e-07,0.006970189496106031,-0.01977783004944378,False,11,13,0.0,1.0
L8_01,E5_joint_network,1,1,swe+ceus,network,vmag,0.0004000000000000001,0.00039885156154041777,0.000396942236412624,0.00040077007068066775,0.002083984470383245,-0.002875225651530755,True,11,13,0.0,1.0
L8_01,E5_joint_network,1,1,swe+ceus,network,S_v,4.800000000000001e-06,1.1825286921962165e-05,1.1801557183125889e-06,0.00011849064374883664,0.838977564353275,0.9016242801834977,True,11,13,0.0,1.0
L8_01,E5_joint_network,1,1,swe+ceus,network,C_v,0.0004000000000000001,0.0010000000000000002,0.00010000000000000009,0.009999999999999995,1.0,0.9162907318741551,True,11,13,0.0,1.0
L8_01,E5_joint_network,2,2,swe+ceus,network,mu,1999.9999999999998,2000.3134073203248,1997.2858950044847,2003.3455087792845,0.0013156217465561143,0.00015669138342655486,True,11,13,0.0,1.0
L8_01,E5_joint_network,2,2,swe+ceus,network,eta_s,0.5,0.4983716978123096,0.4936540107891298,0.503134470199656,0.004130701189598088,-0.0032619186522110377,True,11,13,0.0,1.0
L8_01,E5_joint_network,2,2,swe+ceus,network,phi,0.011999999999999999,0.012101497995270244,0.010991692858409435,0.01332335752244822,0.06421765672850327,0.008422596413955041,True,11,13,0.0,1.0
L8_01,E5_joint_network,2,2,swe+ceus,network,k,7.000000000000004e-14,8.048840616814073e-14,1.5025593297750978e-14,4.311565872382075e-13,0.4859344653943087,0.13961790924686923,True,11,13,0.0,1.0
L8_01,E5_joint_network,2,2,swe+ceus,network,D,3.0000000000000015e-07,2.994047384827288e-07,2.946685039713803e-07,3.042170989357514e-07,0.006924951159172847,-0.001986176200292178,True,11,13,0.0,1.0
L8_01,E5_joint_network,2,2,swe+ceus,network,vmag,0.0004000000000000001,0.000400397521999005,0.00039849682726001643,0.00040230728240738835,0.0020665130381071193,0.00099331150025872,True,11,13,0.0,1.0
L8_01,E5_joint_network,2,2,swe+ceus,network,S_v,4.800000000000001e-06,1.2101497995270257e-05,1.2077219431156121e-06,0.00012125825366038839,0.8389774001941673,0.9247133282881101,True,11,13,0.0,1.0
L8_01,E5_joint_network,2,2,swe+ceus,network,C_v,0.0004000000000000001,0.0010000000000000002,0.00010000000000000009,0.009999999999999995,1.0,0.9162907318741551,True,11,13,0.0,1.0
L8_01,E5_joint_network,3,3,swe+ceus,network,mu,1999.9999999999998,1995.9566815661242,1992.939978724808,1998.977950774782,0.0013137844961953209,-0.0020237055283605088,False,11,13,0.0,1.0
L8_01,E5_joint_network,3,3,swe+ceus,network,eta_s,0.5,0.4924421802124332,0.48754939080558274,0.49738407108188676,0.004336627292393398,-0.015231045285928113,False,11,13,0.0,1.0
L8_01,E5_joint_network,3,3,swe+ceus,network,phi,0.011999999999999999,0.01220950901154963,0.011089439725195617,0.013442708919226486,0.06423924915115573,0.017308425531791904,True,11,13,0.0,1.0
L8_01,E5_joint_network,3,3,swe+ceus,network,k,7.000000000000004e-14,8.154617099502276e-14,1.5222881640650866e-14,4.368278070422661e-13,0.4859378018813717,0.15267413306461108,True,11,13,0.0,1.0
L8_01,E5_joint_network,3,3,swe+ceus,network,D,3.0000000000000015e-07,3.038615905990169e-07,2.990116581710345e-07,3.0879018833623793e-07,0.006987685504445824,0.012789828990017682,True,11,13,0.0,1.0
L8_01,E5_joint_network,3,3,swe+ceus,network,vmag,0.0004000000000000001,0.00040061276060484056,0.0003986965279021694,0.0004025382031889976,0.0020823250651874005,0.0015307293479205342,True,11,13,0.0,1.0
L8_01,E5_joint_network,3,3,swe+ceus,network,S_v,4.800000000000001e-06,1.2209509011549621e-05,1.2184997299401215e-06,0.0001223407003220567,0.8389778917087012,0.9335991574059452,True,11,13,0.0,1.0
L8_01,E5_joint_network,3,3,swe+ceus,network,C_v,0.0004000000000000001,0.0009999999999999994,9.999999999999991e-05,0.009999999999999995,1.0,0.9162907318741542,True,11,13,0.0,1.0
L8_01,E5_joint_network,4,4,swe+ceus,network,mu,1999.9999999999998,2000.670626852747,1997.6361674043023,2003.7096957212127,0.0013184073307551817,0.00033525722139060576,True,11,13,0.0,1.0
L8_01,E5_joint_network,4,4,swe+ceus,network,eta_s,0.5,0.49953519801828816,0.4944585296389896,0.5046639891951289,0.0044362216238965045,-0.0009300363131515832,True,11,13,0.0,1.0
L8_01,E5_joint_network,4,4,swe+ceus,network,phi,0.011999999999999999,0.012261372257613456,0.011136830661086755,0.0134994644540193,0.06422213462207055,0.021547204114928498,True,11,13,0.0,1.0
L8_01,E5_joint_network,4,4,swe+ceus,network,k,7.000000000000004e-14,8.199068225371731e-14,1.530591356427334e-14,4.392074963837148e-13,0.4859368291953653,0.15811036770616838,True,11,13,0.0,1.0
L8_01,E5_joint_network,4,4,swe+ceus,network,D,3.0000000000000015e-07,3.02741996294258e-07,2.9795288027876104e-07,3.0760808969016635e-07,0.006925082298227594,0.00909847074466441,True,11,13,0.0,1.0
L8_01,E5_joint_network,4,4,swe+ceus,network,vmag,0.0004000000000000001,0.000400174598263346,0.0003982774175033883,0.0004020808161785069,0.0020638351949232767,0.0004364004218473383,True,11,13,0.0,1.0
L8_01,E5_joint_network,4,4,swe+ceus,network,S_v,4.800000000000001e-06,1.2261372257613471e-05,1.2236769520836621e-06,0.00012286024459623433,0.8389775021121909,0.9378379359890836,True,11,13,0.0,1.0
L8_01,E5_joint_network,4,4,swe+ceus,network,C_v,0.0004000000000000001,0.0010000000000000002,0.00010000000000000009,0.009999999999999995,1.0,0.9162907318741551,True,11,13,0.0,1.0
L8_01,E8_relax_constitutive_Cvcal,0,0,swe+ceus+relax,constitutive,mu,1999.9999999999998,2003.6236773909734,2000.5923761970448,2006.6595716179645,0.0013150915089283743,0.0018101992956776058,False,14,16,5.6550421004313695e-12,0.9999999999971725
L8_01,E8_relax_constitutive_Cvcal,0,0,swe+ceus+relax,constitutive,eta_s,0.5,0.5003034156681686,0.4960373142180599,0.5046062071435252,0.003719120549891676,0.0006066472886552265,True,14,16,5.6550421004313695e-12,0.9999999999971725
L8_01,E8_relax_constitutive_Cvcal,0,0,swe+ceus+relax,constitutive,phi,0.011999999999999999,0.012019633589294159,0.010918481542785205,0.013231839157740153,0.06414761311039298,0.0016347954346453974,True,14,16,5.6550421004313695e-12,0.9999999999971725
L8_01,E8_relax_constitutive_Cvcal,0,0,swe+ceus+relax,constitutive,k,7.000000000000004e-14,7.180950641515424e-14,4.6059925629304714e-14,1.1195426699315575e-13,0.12857247280408707,0.025521626565804922,True,14,16,5.6550421004313695e-12,0.9999999999971725
L8_01,E8_relax_constitutive_Cvcal,0,0,swe+ceus+relax,constitutive,D,3.0000000000000015e-07,2.9865337910031927e-07,2.939224194145995e-07,3.03460488062411e-07,0.00693471905645359,-0.004498840958540029,True,14,16,5.6550421004313695e-12,0.9999999999971725
L8_01,E8_relax_constitutive_Cvcal,0,0,swe+ceus+relax,constitutive,vmag,0.0004000000000000001,0.00039982291547346904,0.0003979219388502434,0.0004017329735565722,0.002069797669988995,-0.00044280934191487376,True,14,16,5.6550421004313695e-12,0.9999999999971725
L8_01,E8_relax_constitutive_Cvcal,0,0,swe+ceus+relax,constitutive,S_v,4.800000000000001e-06,4.826660544247394e-06,3.2413292601033055e-06,7.187375962123654e-06,0.2565909228487209,0.005538911917778222,True,14,16,5.6550421004313695e-12,0.9999999999971725
L8_01,E8_relax_constitutive_Cvcal,0,0,swe+ceus+relax,constitutive,C_v,0.0004000000000000001,0.00040156469898936734,0.0002723230867513187,0.0005921429923481886,0.9578616642683269,0.003904116483134601,True,14,16,5.6550421004313695e-12,0.9999999999971725
L8_01,E8_relax_constitutive_Cvcal,1,1,swe+ceus+relax,constitutive,mu,1999.9999999999998,2001.476329165304,1998.453425954054,2004.5038048843269,0.0013128534892200186,0.0007378922731744453,True,14,16,5.6550421004313695e-12,0.9999999999971725
L8_01,E8_relax_constitutive_Cvcal,1,1,swe+ceus+relax,constitutive,eta_s,0.5,0.4984065549848485,0.4936152703566005,0.503244346295056,0.004195159022255589,-0.003191978979158905,True,14,16,5.6550421004313695e-12,0.9999999999971725
L8_01,E8_relax_constitutive_Cvcal,1,1,swe+ceus+relax,constitutive,phi,0.011999999999999999,0.011771135035554088,0.010692685321373048,0.012958355722700394,0.06415156602991944,-0.01925629853881894,True,14,16,5.6550421004313695e-12,0.9999999999971725
L8_01,E8_relax_constitutive_Cvcal,1,1,swe+ceus+relax,constitutive,k,7.000000000000004e-14,6.971886821570964e-14,4.4718824565353104e-14,1.0869517775843863e-13,0.12857329917476568,-0.004024254809426253,True,14,16,5.6550421004313695e-12,0.9999999999971725
L8_01,E8_relax_constitutive_Cvcal,1,1,swe+ceus+relax,constitutive,D,3.0000000000000015e-07,2.9407904289754276e-07,2.8939694612913035e-07,2.9883689039671443e-07,0.006970132363844693,-0.01993389005911439,False,14,16,5.6550421004313695e-12,0.9999999999971725
L8_01,E8_relax_constitutive_Cvcal,1,1,swe+ceus+relax,constitutive,vmag,0.0004000000000000001,0.00039884291405682714,0.0003969336211216127,0.00040076139089413116,0.0020839945400595275,-0.002896906843655067,True,14,16,5.6550421004313695e-12,0.9999999999971725
L8_01,E8_relax_constitutive_Cvcal,1,1,swe+ceus+relax,constitutive,S_v,4.800000000000001e-06,4.728894420324282e-06,3.1756713782218757e-06,7.041799914163448e-06,0.25659160014440385,-0.014924480505928983,True,14,16,5.6550421004313695e-12,0.9999999999971725
L8_01,E8_relax_constitutive_Cvcal,1,1,swe+ceus+relax,constitutive,C_v,0.0004000000000000001,0.00040173648556752697,0.00027243961979123626,0.0005923962306210038,0.9578613463181714,0.004331818032891732,True,14,16,5.6550421004313695e-12,0.9999999999971725
L8_01,E8_relax_constitutive_Cvcal,2,2,swe+ceus+relax,constitutive,mu,1999.9999999999998,2000.3147698777361,1997.2873242895757,2003.346804403441,0.0013155918308900417,0.00015737255515801962,True,14,16,5.6550421004313695e-12,0.9999999999971725
L8_01,E8_relax_constitutive_Cvcal,2,2,swe+ceus+relax,constitutive,eta_s,0.5,0.498376893094821,0.4936595996053309,0.5031392639167155,0.004130311714701261,-0.003251494193006632,True,14,16,5.6550421004313695e-12,0.9999999999971725
L8_01,E8_relax_constitutive_Cvcal,2,2,swe+ceus+relax,constitutive,phi,0.011999999999999999,0.012045913929291253,0.010942407671469504,0.013260705207522797,0.06414435484510647,0.0038188596387556117,True,14,16,5.6550421004313695e-12,0.9999999999971725
L8_01,E8_relax_constitutive_Cvcal,2,2,swe+ceus+relax,constitutive,k,7.000000000000004e-14,7.169151967967003e-14,4.5983167913901544e-14,1.1177294273426295e-13,0.12857926577439127,0.023877223521701296,True,14,16,5.6550421004313695e-12,0.9999999999971725
L8_01,E8_relax_constitutive_Cvcal,2,2,swe+ceus+relax,constitutive,D,3.0000000000000015e-07,2.993588852233948e-07,2.9462340935818605e-07,3.0417047429263864e-07,0.006924902071368642,-0.0021393360036210396,True,14,16,5.6550421004313695e-12,0.9999999999971725
L8_01,E8_relax_constitutive_Cvcal,2,2,swe+ceus+relax,constitutive,vmag,0.0004000000000000001,0.0004003893512518067,0.00039848868768258943,0.00040229908037825305,0.002066521339440663,0.0009729047042146277,True,14,16,5.6550421004313695e-12,0.9999999999971725
L8_01,E8_relax_constitutive_Cvcal,2,2,swe+ceus+relax,constitutive,S_v,4.800000000000001e-06,4.832278259543757e-06,3.245104551040978e-06,7.195735240693137e-06,0.2565903804667361,0.006702127886718756,True,14,16,5.6550421004313695e-12,0.9999999999971725
L8_01,E8_relax_constitutive_Cvcal,2,2,swe+ceus+relax,constitutive,C_v,0.0004000000000000001,0.0004011549715454487,0.0002720451930431695,0.0005915388887981325,0.9578619817117983,0.0028832682479640326,True,14,16,5.6550421004313695e-12,0.9999999999971725
L8_01,E8_relax_constitutive_Cvcal,3,3,swe+ceus+relax,constitutive,mu,1999.9999999999998,1995.9590757465255,1992.9424421071817,1998.980275538068,0.0013137527586360204,-0.0020225060138683304,False,14,16,5.6550421004313695e-12,0.9999999999971725
L8_01,E8_relax_constitutive_Cvcal,3,3,swe+ceus+relax,constitutive,eta_s,0.5,0.4924506762870403,0.48755822072968247,0.497392225717423,0.004336254721428815,-0.015213792496345468,False,14,16,5.6550421004313695e-12,0.9999999999971725
L8_01,E8_relax_constitutive_Cvcal,3,3,swe+ceus+relax,constitutive,phi,0.011999999999999999,0.012156989602592184,0.011042951732779195,0.0133834141245802,0.0641658862165148,0.012997630524304249,True,14,16,5.6550421004313695e-12,0.9999999999971725
L8_01,E8_relax_constitutive_Cvcal,3,3,swe+ceus+relax,constitutive,k,7.000000000000004e-14,6.61491816852913e-14,4.24326322174774e-14,1.0312144236556182e-13,0.1285496685864424,-0.0565827221576356,True,14,16,5.6550421004313695e-12,0.9999999999971725
L8_01,E8_relax_constitutive_Cvcal,3,3,swe+ceus+relax,constitutive,D,3.0000000000000015e-07,3.0381732902169757e-07,2.989681247681619e-07,3.087451864156332e-07,0.006987653959154183,0.012644154766448423,True,14,16,5.6550421004313695e-12,0.9999999999971725
L8_01,E8_relax_constitutive_Cvcal,3,3,swe+ceus+relax,constitutive,vmag,0.0004000000000000001,0.0004006049082369557,0.000398688706138568,0.0004025303201033286,0.002082332641960358,0.0015111282627460199,True,14,16,5.6550421004313695e-12,0.9999999999971725
L8_01,E8_relax_constitutive_Cvcal,3,3,swe+ceus+relax,constitutive,S_v,4.800000000000001e-06,4.895696482044249e-06,3.2876820864620115e-06,7.290195163028389e-06,0.2565925004330689,0.01974063232801271,True,14,16,5.6550421004313695e-12,0.9999999999971725
L8_01,E8_relax_constitutive_Cvcal,3,3,swe+ceus+relax,constitutive,C_v,0.0004000000000000001,0.0004027063148100711,0.00027309804807865097,0.0005938247348483539,0.9578547203400016,0.0067430018037093475,True,14,16,5.6550421004313695e-12,0.9999999999971725
L8_01,E8_relax_constitutive_Cvcal,4,4,swe+ceus+relax,constitutive,mu,1999.9999999999998,2000.6729513540347,1997.6385631140479,2003.7119487921823,0.0013183748357889716,0.00033641908177184376,True,14,16,5.6550421004313695e-12,0.9999999999971725
L8_01,E8_relax_constitutive_Cvcal,4,4,swe+ceus+relax,constitutive,eta_s,0.5,0.49954305085976336,0.49446683760884913,0.5046713766873133,0.004435751785522136,-0.0009143161401137245,True,14,16,5.6550421004313695e-12,0.9999999999971725
L8_01,E8_relax_constitutive_Cvcal,4,4,swe+ceus+relax,constitutive,phi,0.011999999999999999,0.012208446667713644,0.011089977280998517,0.013439718248456916,0.06414879599140542,0.017221412200241204,True,14,16,5.6550421004313695e-12,0.9999999999971725
L8_01,E8_relax_constitutive_Cvcal,4,4,swe+ceus+relax,constitutive,k,7.000000000000004e-14,6.723334758689414e-14,4.3126908599064136e-14,1.0481444588954877e-13,0.12855760478447723,-0.040325873755925556,True,14,16,5.6550421004313695e-12,0.9999999999971725
L8_01,E8_relax_constitutive_Cvcal,4,4,swe+ceus+relax,constitutive,D,3.0000000000000015e-07,3.026982293717153e-07,2.979098293938407e-07,3.075635948340613e-07,0.006925047773263805,0.008953891905123967,True,14,16,5.6550421004313695e-12,0.9999999999971725
L8_01,E8_relax_constitutive_Cvcal,4,4,swe+ceus+relax,constitutive,vmag,0.0004000000000000001,0.0004001668004198081,0.00039826964976138156,0.0004020729881229176,0.002063842683207451,0.0004169141287455602,True,14,16,5.6550421004313695e-12,0.9999999999971725
L8_01,E8_relax_constitutive_Cvcal,4,4,swe+ceus+relax,constitutive,S_v,4.800000000000001e-06,4.9125775649311794e-06,3.299033648405429e-06,7.315299237135674e-06,0.25658954113964705,0.023182848455851612,True,14,16,5.6550421004313695e-12,0.9999999999971725
L8_01,E8_relax_constitutive_Cvcal,4,4,swe+ceus+relax,constitutive,C_v,0.0004000000000000001,0.0004023916963918875,0.0002728845474925258,0.0005933611075195663,0.9578559851850025,0.0059614362556112965,True,14,16,5.6550421004313695e-12,0.9999999999971725
L8_01,E8_relax_constitutive_Cvcal_norm,0,0,swe+ceus+relax,constitutive,mu,1999.9999999999998,2003.6200773685728,2000.5887482220794,2006.6559996411659,0.0013151060096924826,0.0018084025382947289,False,12,16,0.0,1.0
L8_01,E8_relax_constitutive_Cvcal_norm,0,0,swe+ceus+relax,constitutive,eta_s,0.5,0.5002881187195004,0.4960219110821042,0.5045910193480704,0.003719327727880662,0.0005760714779599052,True,12,16,0.0,1.0
L8_01,E8_relax_constitutive_Cvcal_norm,0,0,swe+ceus+relax,constitutive,phi,0.011999999999999999,0.01648505377578455,0.0059086738850596425,0.0459928916838106,0.6849962704416773,0.31754748883438033,True,12,16,0.0,1.0
L8_01,E8_relax_constitutive_Cvcal_norm,0,0,swe+ceus+relax,constitutive,k,7.000000000000004e-14,9.558241169954016e-14,3.4257691806310884e-14,2.66684558841684e-13,0.2970799241931098,0.3114935830436778,True,12,16,0.0,1.0
L8_01,E8_relax_constitutive_Cvcal_norm,0,0,swe+ceus+relax,constitutive,D,3.0000000000000015e-07,2.968955342105798e-07,2.904854716700912e-07,3.034470458278045e-07,0.009479248672231906,-0.010402134392066387,True,12,16,0.0,1.0
L8_01,E8_relax_constitutive_Cvcal_norm,0,0,swe+ceus+relax,constitutive,vmag,0.0004000000000000001,0.00040012694123693366,0.00039830740557546555,0.00040195478884534776,0.001979413006213154,0.00031730274649266477,True,12,16,0.0,1.0
L8_01,E8_relax_constitutive_Cvcal_norm,0,0,swe+ceus+relax,constitutive,S_v,4.800000000000001e-06,6.448339806741708e-06,2.3300032248879196e-06,1.7845935069557628e-05,0.6559927867525489,0.29520678545862467,True,12,16,0.0,1.0
L8_01,E8_relax_constitutive_Cvcal_norm,0,0,swe+ceus+relax,constitutive,C_v,0.0004000000000000001,0.00039116280082834165,0.00026286008146857913,0.0005820904258152356,0.9803604670242797,-0.02234070337575389,True,12,16,0.0,1.0
L8_01,E8_relax_constitutive_Cvcal_norm,1,1,swe+ceus+relax,constitutive,mu,1999.9999999999998,2001.4726048411624,1998.449674109587,2004.5001081723512,0.0013128678952114392,0.0007360314829405468,True,12,16,0.0,1.0
L8_01,E8_relax_constitutive_Cvcal_norm,1,1,swe+ceus+relax,constitutive,eta_s,0.5,0.4983927137396008,0.4936016920626468,0.503230238273166,0.004195044736526823,-0.0032197503583779596,True,12,16,0.0,1.0
L8_01,E8_relax_constitutive_Cvcal_norm,1,1,swe+ceus+relax,constitutive,phi,0.011999999999999999,0.016344009018428796,0.005858123479773569,0.045599351348054394,0.6849958464913453,0.3089547595155189,True,12,16,0.0,1.0
L8_01,E8_relax_constitutive_Cvcal_norm,1,1,swe+ceus+relax,constitutive,k,7.000000000000004e-14,9.383441983801075e-14,3.363088428417676e-14,2.6180989687739926e-13,0.2970825909674655,0.2930364958859393,True,12,16,0.0,1.0
L8_01,E8_relax_constitutive_Cvcal_norm,1,1,swe+ceus+relax,constitutive,D,3.0000000000000015e-07,2.970460687005651e-07,2.906207553406856e-07,3.0361343885100054e-07,0.00949718182172732,-0.009895234412436338,True,12,16,0.0,1.0
L8_01,E8_relax_constitutive_Cvcal_norm,1,1,swe+ceus+relax,constitutive,vmag,0.0004000000000000001,0.00039810222890443334,0.00039628994178129214,0.00039992280385996794,0.0019815594657087766,-0.004755718261736597,False,12,16,0.0,1.0
L8_01,E8_relax_constitutive_Cvcal_norm,1,1,swe+ceus+relax,constitutive,S_v,4.800000000000001e-06,6.389166268263981e-06,2.3086235531669536e-06,1.768215764216895e-05,0.6559923042063773,0.28598786751298455,True,12,16,0.0,1.0
L8_01,E8_relax_constitutive_Cvcal_norm,1,1,swe+ceus+relax,constitutive,C_v,0.0004000000000000001,0.00039091793580509125,0.00026269553583407076,0.0005817260352328128,0.9803604404138978,-0.022966892002533434,True,12,16,0.0,1.0
L8_01,E8_relax_constitutive_Cvcal_norm,2,2,swe+ceus+relax,constitutive,mu,1999.9999999999998,2000.3112313889885,1997.283758024857,2003.3432937830632,0.0013156062392506436,0.000155603587628228,True,12,16,0.0,1.0
L8_01,E8_relax_constitutive_Cvcal_norm,2,2,swe+ceus+relax,constitutive,eta_s,0.5,0.49836331780515053,0.4936463004189959,0.5031254084613822,0.004130181852959964,-0.003278733566963621,True,12,16,0.0,1.0
L8_01,E8_relax_constitutive_Cvcal_norm,2,2,swe+ceus+relax,constitutive,phi,0.011999999999999999,0.01639711295322894,0.005877131914427615,0.045747707745153375,0.684998733496195,0.3121986301081323,True,12,16,0.0,1.0
L8_01,E8_relax_constitutive_Cvcal_norm,2,2,swe+ceus+relax,constitutive,k,7.000000000000004e-14,9.477998090336179e-14,3.396978638902852e-14,2.644480797483911e-13,0.2970825339597501,0.30306297300622376,True,12,16,0.0,1.0
L8_01,E8_relax_constitutive_Cvcal_norm,2,2,swe+ceus+relax,constitutive,D,3.0000000000000015e-07,3.039325960171738e-07,2.973988393443617e-07,3.106098972187865e-07,0.009438010311619977,0.0130234785379848,True,12,16,0.0,1.0
L8_01,E8_relax_constitutive_Cvcal_norm,2,2,swe+ceus+relax,constitutive,vmag,0.0004000000000000001,0.0004017575597085562,0.00039994338015870713,0.0004035799685418547,0.0019655446897240887,0.004384274279849443,True,12,16,0.0,1.0
L8_01,E8_relax_constitutive_Cvcal_norm,2,2,swe+ceus+relax,constitutive,S_v,4.800000000000001e-06,6.4114596544646974e-06,2.316667277279052e-06,1.7743944201218624e-05,0.6559955410237274,0.28947104230066145,True,12,16,0.0,1.0
L8_01,E8_relax_constitutive_Cvcal_norm,2,2,swe+ceus+relax,constitutive,C_v,0.0004000000000000001,0.0003910114953011981,0.00026275839166321535,0.000581865296441767,0.9803605890634762,-0.02272758780747086,True,12,16,0.0,1.0
L8_01,E8_relax_constitutive_Cvcal_norm,3,3,swe+ceus+relax,constitutive,mu,1999.9999999999998,1995.955555018011,1992.9388960518745,1998.9767802211431,0.0013137661160159593,-0.0020242699436314737,False,12,16,0.0,1.0
L8_01,E8_relax_constitutive_Cvcal_norm,3,3,swe+ceus+relax,constitutive,eta_s,0.5,0.4924381090399582,0.4875457539415363,0.49737955725059685,0.0043362764524594345,-0.01523931263074041,False,12,16,0.0,1.0
L8_01,E8_relax_constitutive_Cvcal_norm,3,3,swe+ceus+relax,constitutive,phi,0.011999999999999999,0.016880913926060975,0.00605081599204131,0.04709534306676927,0.6849680805144739,0.3412769804533138,True,12,16,0.0,1.0
L8_01,E8_relax_constitutive_Cvcal_norm,3,3,swe+ceus+relax,constitutive,k,7.000000000000004e-14,8.903446336052888e-14,3.190912162403345e-14,2.4842851393084937e-13,0.2970955307079259,0.24052828149905636,True,12,16,0.0,1.0
L8_01,E8_relax_constitutive_Cvcal_norm,3,3,swe+ceus+relax,constitutive,D,3.0000000000000015e-07,3.041990451060449e-07,2.97652310817619e-07,3.1088977199350524e-07,0.009448587912787555,0.013899766130681002,True,12,16,0.0,1.0
L8_01,E8_relax_constitutive_Cvcal_norm,3,3,swe+ceus+relax,constitutive,vmag,0.0004000000000000001,0.0004004309751678449,0.0003986217433449629,0.0004022484185844084,0.0019666805999408597,0.0010768578999629241,True,12,16,0.0,1.0
L8_01,E8_relax_constitutive_Cvcal_norm,3,3,swe+ceus+relax,constitutive,S_v,4.800000000000001e-06,6.6147024458381855e-06,2.3902328912266868e-06,1.830544990305218e-05,0.6559611828585137,0.3206788969086638,True,12,16,0.0,1.0
L8_01,E8_relax_constitutive_Cvcal_norm,3,3,swe+ceus+relax,constitutive,C_v,0.0004000000000000001,0.0003918450431541104,0.00026331870084184014,0.0005831053296008417,0.9803590168148283,-0.020598083544649093,True,12,16,0.0,1.0
L8_01,E8_relax_constitutive_Cvcal_norm,4,4,swe+ceus+relax,constitutive,mu,1999.9999999999998,2000.6694197528382,1997.6350046134246,2003.7084441803436,0.0013183888608671959,0.0003346538735646831,True,12,16,0.0,1.0
L8_01,E8_relax_constitutive_Cvcal_norm,4,4,swe+ceus+relax,constitutive,eta_s,0.5,0.4995310404623164,0.4944546991030527,0.5046594983079691,0.004435971503768885,-0.0009383591966835025,True,12,16,0.0,1.0
L8_01,E8_relax_constitutive_Cvcal_norm,4,4,swe+ceus+relax,constitutive,phi,0.011999999999999999,0.016828748774823415,0.0060320630196969574,0.04695023649476864,0.6849741489602112,0.33818201072071474,True,12,16,0.0,1.0
L8_01,E8_relax_constitutive_Cvcal_norm,4,4,swe+ceus+relax,constitutive,k,7.000000000000004e-14,8.989213802009936e-14,3.2216556942821237e-14,2.508212312124552e-13,0.2970950569437301,0.25011524310234634,True,12,16,0.0,1.0
L8_01,E8_relax_constitutive_Cvcal_norm,4,4,swe+ceus+relax,constitutive,D,3.0000000000000015e-07,2.975804620961549e-07,2.9116297651838196e-07,3.041393946450826e-07,0.009468263365840404,-0.008097825411041981,True,12,16,0.0,1.0
L8_01,E8_relax_constitutive_Cvcal_norm,4,4,swe+ceus+relax,constitutive,vmag,0.0004000000000000001,0.0004010577671121197,0.0003992360979321681,0.00040288774836259395,0.0019771293362350725,0.0026409274594909604,True,12,16,0.0,1.0
L8_01,E8_relax_constitutive_Cvcal_norm,4,4,swe+ceus+relax,constitutive,S_v,4.800000000000001e-06,6.592781197574082e-06,2.3822864773914025e-06,1.8244977810846723e-05,0.6559679825647773,0.3173593745854788,True,12,16,0.0,1.0
L8_01,E8_relax_constitutive_Cvcal_norm,4,4,swe+ceus+relax,constitutive,C_v,0.0004000000000000001,0.00039175706321299306,0.00026325954552047684,0.0005829744797053582,0.9803593265620714,-0.02082263613523594,True,12,16,0.0,1.0
L8_01,E8_relax_independent_matched,0,0,swe+ceus+relax,independent,mu,1999.9999999999998,2003.6234248865146,2000.592106218267,2006.6593366413988,0.001315099261540969,0.001810073271775181,False,14,16,1.0630102773591324e-11,0.9999999999946849
L8_01,E8_relax_independent_matched,0,0,swe+ceus+relax,independent,eta_s,0.5,0.5003025855395705,0.49603641948896493,0.5046054427927901,0.0037191833069846816,0.0006049880369677352,True,14,16,1.0630102773591324e-11,0.9999999999946849
L8_01,E8_relax_independent_matched,0,0,swe+ceus+relax,independent,phi,0.011999999999999999,0.012016983945336799,0.010913625365548687,0.013231891173242796,0.06429742514195853,0.0014143281443308453,True,14,16,1.0630102773591324e-11,0.9999999999946849
L8_01,E8_relax_independent_matched,0,0,swe+ceus+relax,independent,k,7.000000000000004e-14,7.340066092492894e-14,2.6307292482819722e-14,2.0479709296328617e-13,0.2970825447927114,0.047437697957395386,True,14,16,1.0630102773591324e-11,0.9999999999946849
L8_01,E8_relax_independent_matched,0,0,swe+ceus+relax,independent,D,3.0000000000000015e-07,2.9865177070354615e-07,2.939205970914427e-07,3.0345910095104484e-07,0.006935072798953307,-0.004504226469693506,True,14,16,1.0630102773591324e-11,0.9999999999946849
L8_01,E8_relax_independent_matched,0,0,swe+ceus+relax,independent,vmag,0.0004000000000000001,0.0003998227059061646,0.000397921719959855,0.00040173277340642513,0.002069808932741126,-0.00044333349236058694,True,14,16,1.0630102773591324e-11,0.9999999999946849
L8_01,E8_relax_independent_matched,0,0,swe+ceus+relax,independent,S_v,4.800000000000004e-06,4.935004965124977e-06,1.7831675184537393e-06,1.3657872159384557e-05,0.6559988054449534,0.027737761075444567,True,14,16,1.0630102773591324e-11,0.9999999999946849
L8_01,E8_relax_independent_matched,1,1,swe+ceus+relax,independent,mu,1999.9999999999998,2001.475961681367,1998.4530408918206,2004.5034550327462,0.001312861370516971,0.0007377086667208488,True,14,16,1.0630102773591324e-11,0.9999999999946849
L8_01,E8_relax_independent_matched,1,1,swe+ceus+relax,independent,eta_s,0.5,0.49840519591751026,0.493613811841911,0.503243088743086,0.004195258013579986,-0.003194705807643805,True,14,16,1.0630102773591324e-11,0.9999999999946849
L8_01,E8_relax_independent_matched,1,1,swe+ceus+relax,independent,phi,0.011999999999999999,0.011768254390267886,0.010687669575376781,0.012958092539942415,0.0643014065020425,-0.019501049602533627,True,14,16,1.0630102773591324e-11,0.9999999999946849
L8_01,E8_relax_independent_matched,1,1,swe+ceus+relax,independent,k,7.000000000000004e-14,7.207489830371321e-14,2.5831944093362287e-14,2.0109949706903558e-13,0.29708463079253383,0.029210590495452493,True,14,16,1.0630102773591324e-11,0.9999999999946849
L8_01,E8_relax_independent_matched,1,1,swe+ceus+relax,independent,D,3.0000000000000015e-07,2.9407724201169106e-07,2.893949365231961e-07,2.988353055108513e-07,0.006970488618033877,-0.019940013893537056,False,14,16,1.0630102773591324e-11,0.9999999999946849
L8_01,E8_relax_independent_matched,1,1,swe+ceus+relax,independent,vmag,0.0004000000000000001,0.0003988426674021441,0.0003969333646397632,0.00040076115416708857,0.0020840065840956445,-0.002897525269482948,True,14,16,1.0630102773591324e-11,0.9999999999946849
L8_01,E8_relax_independent_matched,1,1,swe+ceus+relax,independent,S_v,4.800000000000004e-06,4.890801171565647e-06,1.7672000238622742e-06,1.3535500100045319e-05,0.6559970982560087,0.018740210918810618,True,14,16,1.0630102773591324e-11,0.9999999999946849
L8_01,E8_relax_independent_matched,2,2,swe+ceus+relax,independent,mu,1999.9999999999998,2000.3146010137289,1997.2871375427446,2003.3466534768995,0.001315599718995202,0.00015728813643711703,True,14,16,1.0630102773591324e-11,0.9999999999946849
L8_01,E8_relax_independent_matched,2,2,swe+ceus+relax,independent,eta_s,0.5,0.49837625426694715,0.4936588283754498,0.5031387600917154,0.004130433514414589,-0.003252776010627345,True,14,16,1.0630102773591324e-11,0.9999999999946849
L8_01,E8_relax_independent_matched,2,2,swe+ceus+relax,independent,phi,0.011999999999999999,0.01204395768923911,0.010938176237140967,0.01326152675503947,0.0642941435585226,0.0036564478096332564,True,14,16,1.0630102773591324e-11,0.9999999999946849
L8_01,E8_relax_independent_matched,2,2,swe+ceus+relax,independent,k,7.000000000000004e-14,7.278106171250101e-14,2.608503062639525e-14,2.0306983801808542e-13,0.2970846904773019,0.0389605379988609,True,14,16,1.0630102773591324e-11,0.9999999999946849
L8_01,E8_relax_independent_matched,2,2,swe+ceus+relax,independent,D,3.0000000000000015e-07,2.9935767702929066e-07,2.94621980870675e-07,3.041694938427211e-07,0.006925254972546718,-0.0021433719504457827,True,14,16,1.0630102773591324e-11,0.9999999999946849
L8_01,E8_relax_independent_matched,2,2,swe+ceus+relax,independent,vmag,0.0004000000000000001,0.0004003891970494588,0.00039848852394317597,0.00040229893580767364,0.0020665325312319033,0.0009725195731489222,True,14,16,1.0630102773591324e-11,0.9999999999946849
L8_01,E8_relax_independent_matched,2,2,swe+ceus+relax,independent,S_v,4.800000000000004e-06,4.906667793555913e-06,1.7729235955610896e-06,1.3579484697816065e-05,0.6560005647630455,0.02197913638367588,True,14,16,1.0630102773591324e-11,0.9999999999946849
L8_01,E8_relax_independent_matched,3,3,swe+ceus+relax,independent,mu,1999.9999999999998,1995.9587259314599,1992.9420764212912,1998.9799416427113,0.0013137599060817843,-0.0020226812755259616,False,14,16,1.0630102773591324e-11,0.9999999999946849
L8_01,E8_relax_independent_matched,3,3,swe+ceus+relax,independent,eta_s,0.5,0.49244943395395874,0.4875568850658901,0.49739107872264215,0.004336348850498075,-0.015216315255899837,False,14,16,1.0630102773591324e-11,0.9999999999946849
L8_01,E8_relax_independent_matched,3,3,swe+ceus+relax,independent,phi,0.011999999999999999,0.012152362067792032,0.011036268962714568,0.013381325185679973,0.06431584902350534,0.01261690997537368,True,14,16,1.0630102773591324e-11,0.9999999999946849
L8_01,E8_relax_independent_matched,3,3,swe+ceus+relax,independent,k,7.000000000000004e-14,6.840169712658809e-14,2.451438831071901e-14,1.9085902166898737e-13,0.2970972107469167,-0.023097605936438725,True,14,16,1.0630102773591324e-11,0.9999999999946849
L8_01,E8_relax_independent_matched,3,3,swe+ceus+relax,independent,D,3.0000000000000015e-07,3.038144582604754e-07,2.989650506122589e-07,3.087425264561051e-07,0.006988015983115646,0.01263470575050718,True,14,16,1.0630102773591324e-11,0.9999999999946849
L8_01,E8_relax_independent_matched,3,3,swe+ceus+relax,independent,vmag,0.0004000000000000001,0.0004006045504194326,0.0003986883403124342,0.00040252997037985004,0.002082343230198326,0.0015102350692890454,True,14,16,1.0630102773591324e-11,0.9999999999946849
L8_01,E8_relax_independent_matched,3,3,swe+ceus+relax,independent,S_v,4.800000000000004e-06,5.064589987829768e-06,1.8300858391237893e-06,1.4015775214733261e-05,0.65596524424962,0.053657266427197925,True,14,16,1.0630102773591324e-11,0.9999999999946849
L8_01,E8_relax_independent_matched,4,4,swe+ceus+relax,independent,mu,1999.9999999999998,2000.6726601443418,1997.6382554514537,2003.7116740860838,0.0013183821816838389,0.0003362735258907179,True,14,16,1.0630102773591324e-11,0.9999999999946849
L8_01,E8_relax_independent_matched,4,4,swe+ceus+relax,independent,eta_s,0.5,0.4995420676928826,0.49446574478005356,0.5046705055491377,0.00443585687762863,-0.0009162842744847577,True,14,16,1.0630102773591324e-11,0.9999999999946849
L8_01,E8_relax_independent_matched,4,4,swe+ceus+relax,independent,phi,0.011999999999999999,0.01220433778492156,0.011083756932625317,0.013438210678370092,0.06429863465907082,0.016884794897216615,True,14,16,1.0630102773591324e-11,0.9999999999946849
L8_01,E8_relax_independent_matched,4,4,swe+ceus+relax,independent,k,7.000000000000004e-14,6.908383059198464e-14,2.4758904756636213e-14,1.9276198588642424e-13,0.297096654232704,-0.013174538774030964,True,14,16,1.0630102773591324e-11,0.9999999999946849
L8_01,E8_relax_independent_matched,4,4,swe+ceus+relax,independent,D,3.0000000000000015e-07,3.026957260570668e-07,2.979071243424312e-07,3.0756130044038914e-07,0.006925399598392839,0.008945621869964171,True,14,16,1.0630102773591324e-11,0.9999999999946849
L8_01,E8_relax_independent_matched,4,4,swe+ceus+relax,independent,vmag,0.0004000000000000001,0.00040016648501324943,0.0003982693262617187,0.00040207268089390653,0.00206385313893532,0.0004161259407133855,True,14,16,1.0630102773591324e-11,0.9999999999946849
L8_01,E8_relax_independent_matched,4,4,swe+ceus+relax,independent,S_v,4.800000000000004e-06,5.049544878239437e-06,1.8246305971045916e-06,1.3974282530291548e-05,0.6559718496808045,0.050682198191186245,True,14,16,1.0630102773591324e-11,0.9999999999946849
L8_02,E2_ceus,0,0,ceus,independent,phi,0.011999999999999999,0.018472551138540075,0.005262603940955003,0.06484150230466597,0.8382991825126723,0.4313792582493736,True,6,9,0.0,1.0
L8_02,E2_ceus,0,0,ceus,independent,k,1.9999999999999983e-12,3.162277660168375e-13,9.999999999999987e-15,9.999999999999985e-12,1.0,-1.8444397270569688,True,6,9,0.0,1.0
L8_02,E2_ceus,0,0,ceus,independent,D,2.9999999999999997e-06,2.937301400971859e-06,2.7917367933312833e-06,3.090455927206541e-06,0.02207404209851512,-0.021121019663160823,True,6,9,0.0,1.0
L8_02,E2_ceus,0,0,ceus,independent,vmag,0.002999999999999999,0.002986583034515679,0.002944576800212887,0.003029188514088682,0.006151707692416268,-0.004482352577706905,True,6,9,0.0,1.0
L8_02,E2_ceus,0,0,ceus,independent,S_v,2.9999999999999977e-05,2.2360679774997884e-05,1.4338978448964585e-06,0.0003486998755034075,1.0,-0.2938933324510593,True,6,9,0.0,1.0
L8_02,E2_ceus,1,1,ceus,independent,phi,0.011999999999999999,0.01870147413157397,0.005327816536492266,0.0656451160242458,0.8382997797234295,0.4436957015310279,True,6,9,0.0,1.0
L8_02,E2_ceus,1,1,ceus,independent,k,1.9999999999999983e-12,3.162277660168375e-13,9.999999999999987e-15,9.999999999999985e-12,1.0,-1.8444397270569688,True,6,9,0.0,1.0
L8_02,E2_ceus,1,1,ceus,independent,D,2.9999999999999997e-06,3.0417922999947343e-06,2.892990929064486e-06,3.1982472891123996e-06,0.021782484259117142,0.013834625387202593,True,6,9,0.0,1.0
L8_02,E2_ceus,1,1,ceus,independent,vmag,0.002999999999999999,0.0030203986925189815,0.002978760385033676,0.003062619036968036,0.006028704132631445,0.0067765513955313494,True,6,9,0.0,1.0
L8_02,E2_ceus,1,1,ceus,independent,S_v,2.9999999999999977e-05,2.2360679774997884e-05,1.4338978448964585e-06,0.0003486998755034075,1.0,-0.2938933324510593,True,6,9,0.0,1.0
L8_02,E2_ceus,2,2,ceus,independent,phi,0.011999999999999999,0.018447674953825172,0.005255516057315544,0.06475419492406963,0.8382993048179946,0.43003169399464136,True,6,9,0.0,1.0
L8_02,E2_ceus,2,2,ceus,independent,k,1.9999999999999983e-12,3.162277660168375e-13,9.999999999999987e-15,9.999999999999985e-12,1.0,-1.8444397270569688,True,6,9,0.0,1.0
L8_02,E2_ceus,2,2,ceus,independent,D,2.9999999999999997e-06,2.9188083363062605e-06,2.7744294225351184e-06,3.070700604200748e-06,0.022031896487365848,-0.0274368596897272,True,6,9,0.0,1.0
L8_02,E2_ceus,2,2,ceus,independent,vmag,0.002999999999999999,0.002985794517113926,0.0029437819297140444,0.003028406692914774,0.0061542811262080875,-0.0047464073530516515,True,6,9,0.0,1.0
L8_02,E2_ceus,2,2,ceus,independent,S_v,2.9999999999999977e-05,2.2360679774997884e-05,1.4338978448964585e-06,0.0003486998755034075,1.0,-0.2938933324510593,True,6,9,0.0,1.0
L8_02,E2_ceus,3,3,ceus,independent,phi,0.011999999999999999,0.01891670837203833,0.005389103602553287,0.06640099764703063,0.8383035559478156,0.4551389225922229,True,6,9,0.0,1.0
L8_02,E2_ceus,3,3,ceus,independent,k,1.9999999999999983e-12,3.162277660168375e-13,9.999999999999987e-15,9.999999999999985e-12,1.0,-1.8444397270569688,True,6,9,0.0,1.0
L8_02,E2_ceus,3,3,ceus,independent,D,2.9999999999999997e-06,3.2146502482008957e-06,3.053987428339856e-06,3.3837651466285235e-06,0.022266483918941166,0.06910627560785088,False,6,9,0.0,1.0
L8_02,E2_ceus,3,3,ceus,independent,vmag,0.002999999999999999,0.0030061114228361516,0.0029642068041906694,0.0030486084418031426,0.006096574022066312,0.0020350687874763906,True,6,9,0.0,1.0
L8_02,E2_ceus,3,3,ceus,independent,S_v,2.9999999999999977e-05,2.2360679774997884e-05,1.4338978448964585e-06,0.0003486998755034075,1.0,-0.2938933324510593,True,6,9,0.0,1.0
L8_02,E2_ceus,4,4,ceus,independent,phi,0.011999999999999999,0.018531933631584504,0.00527951903822467,0.06504997171881358,0.8382994668928087,0.4345887364727292,True,6,9,0.0,1.0
L8_02,E2_ceus,4,4,ceus,independent,k,1.9999999999999983e-12,3.162277660168521e-13,1.0000000000000413e-14,1.0000000000000447e-11,1.0,-1.8444397270569226,True,6,9,0.0,1.0
L8_02,E2_ceus,4,4,ceus,independent,D,2.9999999999999997e-06,2.949452778492851e-06,2.8046936901062507e-06,3.101683340054736e-06,0.021856009950827548,-0.016992634339397128,True,6,9,0.0,1.0
L8_02,E2_ceus,4,4,ceus,independent,vmag,0.002999999999999999,0.0029999930889663723,0.0029581901453917714,0.003042386760657022,0.006094168274610041,-2.3036805290033158e-06,True,6,9,0.0,1.0
L8_02,E2_ceus,4,4,ceus,independent,S_v,2.9999999999999977e-05,2.2360679774997884e-05,1.4338978448964585e-06,0.0003486998755034075,1.0,-0.2938933324510593,True,6,9,0.0,1.0
L8_02,E2_ceus_Acal,0,0,ceus,independent,phi,0.011999999999999999,0.011797951005865594,0.010609354139536896,0.013119709843419437,0.07089404870567015,-0.01698077696488376,True,6,9,0.0,1.0
L8_02,E2_ceus_Acal,0,0,ceus,independent,k,1.9999999999999983e-12,3.162277660168577e-13,1.0000000000000626e-14,1.0000000000000625e-11,1.0,-1.8444397270569048,True,6,9,0.0,1.0
L8_02,E2_ceus_Acal,0,0,ceus,independent,D,2.9999999999999997e-06,2.9386637028476256e-06,2.7930717112001733e-06,3.0918448401467538e-06,0.02206780256362932,-0.020657333485280205,True,6,9,0.0,1.0
L8_02,E2_ceus_Acal,0,0,ceus,independent,vmag,0.002999999999999999,0.002986733384057709,0.002944730304936628,0.0030293355871979554,0.006150930484828243,-0.004432012186699197,True,6,9,0.0,1.0
L8_02,E2_ceus_Acal,0,0,ceus,independent,S_v,2.9999999999999977e-05,2.2360679774997884e-05,1.4338978448964585e-06,0.0003486998755034075,1.0,-0.2938933324510593,True,6,9,0.0,1.0
L8_02,E2_ceus_Acal,1,1,ceus,independent,phi,0.011999999999999999,0.012294786614361322,0.011054828112525802,0.013673824355658927,0.07097300061061342,0.02426867024856527,True,6,9,0.0,1.0
L8_02,E2_ceus_Acal,1,1,ceus,independent,k,1.9999999999999983e-12,3.162277660168375e-13,9.999999999999987e-15,9.999999999999985e-12,1.0,-1.8444397270569688,True,6,9,0.0,1.0
L8_02,E2_ceus_Acal,1,1,ceus,independent,D,2.9999999999999997e-06,3.0431728267243638e-06,2.8943471383034217e-06,3.1996510476424796e-06,0.021775999614391174,0.014288375482582438,True,6,9,0.0,1.0
L8_02,E2_ceus_Acal,1,1,ceus,independent,vmag,0.002999999999999999,0.0030205400712567153,0.0029789039897539205,0.0030627580994381774,0.00602809546071743,0.0068233582721735075,True,6,9,0.0,1.0
L8_02,E2_ceus_Acal,1,1,ceus,independent,S_v,2.9999999999999977e-05,2.2360679774997884e-05,1.4338978448964585e-06,0.0003486998755034075,1.0,-0.2938933324510593,True,6,9,0.0,1.0
L8_02,E2_ceus_Acal,2,2,ceus,independent,phi,0.011999999999999999,0.011744700346521808,0.010561212845283822,0.013060809231885386,0.07091019513761727,-0.02150454528298429,True,6,9,0.0,1.0
L8_02,E2_ceus_Acal,2,2,ceus,independent,k,1.9999999999999983e-12,3.162277660168375e-13,9.999999999999987e-15,9.999999999999985e-12,1.0,-1.8444397270569688,True,6,9,0.0,1.0
L8_02,E2_ceus_Acal,2,2,ceus,independent,D,2.9999999999999997e-06,2.9201295821706053e-06,2.7757254864891466e-06,3.0720461436744514e-06,0.022025610824572953,-0.026984295916882672,True,6,9,0.0,1.0
L8_02,E2_ceus_Acal,2,2,ceus,independent,vmag,0.002999999999999999,0.0029859436531047175,0.0029439342427125784,0.003028552530202291,0.006153502878094279,-0.0046964600892662745,True,6,9,0.0,1.0
L8_02,E2_ceus_Acal,2,2,ceus,independent,S_v,2.9999999999999977e-05,2.2360679774997884e-05,1.4338978448964585e-06,0.0003486998755034075,1.0,-0.2938933324510593,True,6,9,0.0,1.0
L8_02,E2_ceus_Acal,3,3,ceus,independent,phi,0.011999999999999999,0.012774960964199708,0.011478015251139539,0.014218453632096704,0.07147073386828574,0.0625804306571549,True,6,9,0.0,1.0
L8_02,E2_ceus_Acal,3,3,ceus,independent,k,1.9999999999999983e-12,3.162277660168375e-13,9.999999999999987e-15,9.999999999999985e-12,1.0,-1.8444397270569688,True,6,9,0.0,1.0
L8_02,E2_ceus_Acal,3,3,ceus,independent,D,2.9999999999999997e-06,3.216028564359906e-06,3.0553506362307408e-06,3.3851563889696045e-06,0.022258839773109038,0.06953494456187315,False,6,9,0.0,1.0
L8_02,E2_ceus_Acal,3,3,ceus,independent,vmag,0.002999999999999999,0.003006218418326633,0.0029643150351932237,0.0030487141452214777,0.006096174494557556,0.002070660810309377,True,6,9,0.0,1.0
L8_02,E2_ceus_Acal,3,3,ceus,independent,S_v,2.9999999999999977e-05,2.2360679774997884e-05,1.4338978448964585e-06,0.0003486998755034075,1.0,-0.2938933324510593,True,6,9,0.0,1.0
L8_02,E2_ceus_Acal,4,4,ceus,independent,phi,0.011999999999999999,0.011925470168801605,0.010723421925385232,0.013262262712083663,0.0709316716480609,-0.006230186637650625,True,6,9,0.0,1.0
L8_02,E2_ceus_Acal,4,4,ceus,independent,k,1.9999999999999983e-12,3.162277660168577e-13,1.0000000000000626e-14,1.0000000000000625e-11,1.0,-1.8444397270569048,True,6,9,0.0,1.0
L8_02,E2_ceus_Acal,4,4,ceus,independent,D,2.9999999999999997e-06,2.9508210230073623e-06,2.8060358331137487e-06,3.103076805744143e-06,0.0218496562372954,-0.016528844154375832,True,6,9,0.0,1.0
L8_02,E2_ceus_Acal,4,4,ceus,independent,vmag,0.002999999999999999,0.003000151850274193,0.002958351712161861,0.003042542604958256,0.006093431661679526,5.06154770798517e-05,True,6,9,0.0,1.0
L8_02,E2_ceus_Acal,4,4,ceus,independent,S_v,2.9999999999999977e-05,2.2360679774997884e-05,1.4338978448964585e-06,0.0003486998755034075,1.0,-0.2938933324510593,True,6,9,0.0,1.0
L8_02,E3_joint_independent,0,0,swe+ceus,independent,mu,1999.9999999999998,2003.9568302372682,2000.9159950311498,2007.0022866662532,0.0013190113761873247,0.0019764606328749323,False,12,13,0.0,1.0
L8_02,E3_joint_independent,0,0,swe+ceus,independent,eta_s,0.5,0.5014347800382735,0.49709415276363644,0.5058133096801632,0.0037757991494114934,0.0028654507484625613,True,12,13,0.0,1.0
L8_02,E3_joint_independent,0,0,swe+ceus,independent,phi,0.011999999999999999,0.012283561609218773,0.011038297565162962,0.013669307691402654,0.07136224557260791,0.023355264203466675,True,12,13,0.0,1.0
L8_02,E3_joint_independent,0,0,swe+ceus,independent,k,1.9999999999999983e-12,3.040788503431461e-13,9.694446591816933e-15,9.537826254472103e-12,0.9976421281556411,-1.8836154156392624,True,12,13,0.0,1.0
L8_02,E3_joint_independent,0,0,swe+ceus,independent,D,2.9999999999999997e-06,3.0498356358085156e-06,2.896981945050323e-06,3.210754358113874e-06,0.02233064608510223,0.016475410600250484,True,12,13,0.0,1.0
L8_02,E3_joint_independent,0,0,swe+ceus,independent,vmag,0.002999999999999999,0.002967738824862804,0.002925767694941436,0.0030103120448783105,0.006185837998482498,-0.010811964248819805,True,12,13,0.0,1.0
L8_02,E3_joint_independent,0,0,swe+ceus,independent,S_v,2.9999999999999977e-05,2.2360679774997884e-05,1.4338978448964585e-06,0.0003486998755034075,1.0,-0.2938933324510593,True,12,13,0.0,1.0
L8_02,E3_joint_independent,1,1,swe+ceus,independent,mu,1999.9999999999998,2001.8099942701515,1998.7777759254589,2004.8468125999952,0.001316682470519884,0.0009045878720712608,True,12,13,0.0,1.0
L8_02,E3_joint_independent,1,1,swe+ceus,independent,eta_s,0.5,0.49944410481169904,0.4945806321700946,0.5043554025491466,0.004249785960035916,-0.001112408873991444,True,12,13,0.0,1.0
L8_02,E3_joint_independent,1,1,swe+ceus,independent,phi,0.011999999999999999,0.012566901396621607,0.011294048945299943,0.013983205799558003,0.07129511561868898,0.04615983459966433,True,12,13,0.0,1.0
L8_02,E3_joint_independent,1,1,swe+ceus,independent,k,1.9999999999999983e-12,2.944304578401035e-13,9.369837576093396e-15,9.251952747304364e-12,0.9981671144871106,-1.9158596207013936,True,12,13,0.0,1.0
L8_02,E3_joint_independent,1,1,swe+ceus,independent,D,2.9999999999999997e-06,3.1297543689778688e-06,2.974924524323921e-06,3.292642327577082e-06,0.022034302472246328,0.04234223643962309,True,12,13,0.0,1.0
L8_02,E3_joint_independent,1,1,swe+ceus,independent,vmag,0.002999999999999999,0.0030339102531383704,0.0029917139537157813,0.003076701705611186,0.006082662620322476,0.01124001144444442,True,12,13,0.0,1.0
L8_02,E3_joint_independent,1,1,swe+ceus,independent,S_v,2.9999999999999977e-05,2.2360679774997884e-05,1.4338978448964585e-06,0.0003486998755034075,1.0,-0.2938933324510593,True,12,13,0.0,1.0
L8_02,E3_joint_independent,2,2,swe+ceus,independent,mu,1999.9999999999998,2000.643285353973,1997.6060407410696,2003.6851479218938,0.0013196363925479292,0.00032159096106987306,True,12,13,0.0,1.0
L8_02,E3_joint_independent,2,2,swe+ceus,independent,eta_s,0.5,0.49942667071954766,0.49462843827610087,0.5042714492828689,0.004192648955678012,-0.0011473164768170951,True,12,13,0.0,1.0
L8_02,E3_joint_independent,2,2,swe+ceus,independent,phi,0.011999999999999999,0.011801944529377724,0.010611723839423513,0.01312566146482715,0.07097089212279158,-0.016642341267633753,True,12,13,0.0,1.0
L8_02,E3_joint_independent,2,2,swe+ceus,independent,k,1.9999999999999983e-12,3.077551145135687e-13,9.801092918576521e-15,9.663535617517195e-12,0.9979538483955327,-1.8715980755625878,True,12,13,0.0,1.0
L8_02,E3_joint_independent,2,2,swe+ceus,independent,D,2.9999999999999997e-06,2.920222237273459e-06,2.774869364216301e-06,3.073188967032638e-06,0.022173361611048527,-0.026952566628741792,True,12,13,0.0,1.0
L8_02,E3_joint_independent,2,2,swe+ceus,independent,vmag,0.002999999999999999,0.0029671187186690747,0.0029250468168912575,0.0030097957543233755,0.006202101826409699,-0.011020935126869524,True,12,13,0.0,1.0
L8_02,E3_joint_independent,2,2,swe+ceus,independent,S_v,2.9999999999999977e-05,2.2360679774997884e-05,1.4338978448964585e-06,0.0003486998755034075,1.0,-0.2938933324510593,True,12,13,0.0,1.0
L8_02,E3_joint_independent,3,3,swe+ceus,independent,mu,1999.9999999999998,1996.2839697634763,1993.2583391909993,1999.3141930373515,0.0013174593094313612,-0.0018597433694278465,False,12,13,0.0,1.0
L8_02,E3_joint_independent,3,3,swe+ceus,independent,eta_s,0.5,0.49345800298383474,0.48850579028291685,0.4984604185915001,0.0043804810273917905,-0.013170343506602289,False,12,13,0.0,1.0
L8_02,E3_joint_independent,3,3,swe+ceus,independent,phi,0.011999999999999999,0.01201299820227499,0.010800940230270938,0.013361070678218366,0.07100504896955784,0.0010825973029282565,True,12,13,0.0,1.0
L8_02,E3_joint_independent,3,3,swe+ceus,independent,k,1.9999999999999983e-12,2.8432821667549655e-13,9.041752133020517e-15,8.941025324354017e-12,0.9983782425605395,-1.9507731961600427,True,12,13,0.0,1.0
L8_02,E3_joint_independent,3,3,swe+ceus,independent,D,2.9999999999999997e-06,2.9831264587526874e-06,2.834982577708973e-06,3.1390116958326814e-06,0.0221212697860838,-0.005640390888675739,True,12,13,0.0,1.0
L8_02,E3_joint_independent,3,3,swe+ceus,independent,vmag,0.002999999999999999,0.0029897326965857693,0.0029476809276706745,0.0030323843782160734,0.006151889602260523,-0.003428304397049331,True,12,13,0.0,1.0
L8_02,E3_joint_independent,3,3,swe+ceus,independent,S_v,2.9999999999999977e-05,2.2360679774997884e-05,1.4338978448964585e-06,0.0003486998755034075,1.0,-0.2938933324510593,True,12,13,0.0,1.0
L8_02,E3_joint_independent,4,4,swe+ceus,independent,mu,1999.9999999999998,2001.0101237548251,1997.9670896852729,2004.0577925635564,0.0013219111679793193,0.0005049343765914927,True,12,13,0.0,1.0
L8_02,E3_joint_independent,4,4,swe+ceus,independent,eta_s,0.5,0.5005634264779305,0.4954443311804164,0.505735413967394,0.004464251204794725,0.0011262185336246011,True,12,13,0.0,1.0
L8_02,E3_joint_independent,4,4,swe+ceus,independent,phi,0.011999999999999999,0.01191594656981565,0.010713171934133247,0.013253757479827944,0.07103675159113668,-0.007029098849698379,True,12,13,0.0,1.0
L8_02,E3_joint_independent,4,4,swe+ceus,independent,k,1.9999999999999983e-12,2.723599758121877e-13,8.6547646356849e-15,8.57099638718777e-12,0.9985920167353264,-1.9937778277355598,True,12,13,0.0,1.0
L8_02,E3_joint_independent,4,4,swe+ceus,independent,D,2.9999999999999997e-06,2.9388838035858878e-06,2.7935240498422797e-06,3.0918072860217884e-06,0.022030000835588967,-0.02058243805036497,True,12,13,0.0,1.0
L8_02,E3_joint_independent,4,4,swe+ceus,independent,vmag,0.002999999999999999,0.0029847635582734957,0.0029427040796522544,0.0030274241845786387,0.006163342311618261,-0.005091754919446245,True,12,13,0.0,1.0
L8_02,E3_joint_independent,4,4,swe+ceus,independent,S_v,2.9999999999999977e-05,2.2360679774997884e-05,1.4338978448964585e-06,0.0003486998755034075,1.0,-0.2938933324510593,True,12,13,0.0,1.0
L8_02,E4_joint_constitutive_Cvcal,0,0,swe+ceus,constitutive,mu,1999.9999999999998,2003.9568302372682,2000.9159950311498,2007.0022866662532,0.0013190113761873247,0.0019764606328749323,False,12,13,0.0,1.0
L8_02,E4_joint_constitutive_Cvcal,0,0,swe+ceus,constitutive,eta_s,0.5,0.5014347800382735,0.49709415276363644,0.5058133096801632,0.0037757991494114934,0.0028654507484625613,True,12,13,0.0,1.0
L8_02,E4_joint_constitutive_Cvcal,0,0,swe+ceus,constitutive,phi,0.011999999999999999,0.012283561609218773,0.011038297565162962,0.013669307691402654,0.07136224557260791,0.023355264203466675,True,12,13,0.0,1.0
L8_02,E4_joint_constitutive_Cvcal,0,0,swe+ceus,constitutive,k,1.9999999999999983e-12,3.040788503431461e-13,9.694446591816933e-15,9.537826254472103e-12,0.9976421281556411,-1.8836154156392624,True,12,13,0.0,1.0
L8_02,E4_joint_constitutive_Cvcal,0,0,swe+ceus,constitutive,D,2.9999999999999997e-06,3.0498356358085156e-06,2.896981945050323e-06,3.210754358113874e-06,0.02233064608510223,0.016475410600250484,True,12,13,0.0,1.0
L8_02,E4_joint_constitutive_Cvcal,0,0,swe+ceus,constitutive,vmag,0.002999999999999999,0.002967738824862804,0.002925767694941436,0.0030103120448783105,0.006185837998482498,-0.010811964248819805,True,12,13,0.0,1.0
L8_02,E4_joint_constitutive_Cvcal,0,0,swe+ceus,constitutive,S_v,3e-05,3.070890402304691e-05,2.0190951479311275e-05,4.67059111732794e-05,0.2702183964867536,0.023355264203466675,True,12,13,0.0,1.0
L8_02,E4_joint_constitutive_Cvcal,0,0,swe+ceus,constitutive,C_v,0.0025000000000000005,0.0025000000000000005,0.0016666666666666668,0.003750000000000002,1.0,0.0,True,12,13,0.0,1.0
L8_02,E4_joint_constitutive_Cvcal,1,1,swe+ceus,constitutive,mu,1999.9999999999998,2001.809995152548,1998.777776969352,2004.846813320403,0.0013166823997587235,0.0009045883128706578,True,12,13,0.0,1.0
L8_02,E4_joint_constitutive_Cvcal,1,1,swe+ceus,constitutive,eta_s,0.5,0.4994441054189273,0.49458063335390007,0.5043554025683435,0.004249785448547419,-0.001112407658183212,True,12,13,0.0,1.0
L8_02,E4_joint_constitutive_Cvcal,1,1,swe+ceus,constitutive,phi,0.011999999999999999,0.012566900172802072,0.011294047848473081,0.013983204434052753,0.07129511543917895,0.04615973721530864,True,12,13,0.0,1.0
L8_02,E4_joint_constitutive_Cvcal,1,1,swe+ceus,constitutive,k,1.9999999999999983e-12,2.94425498953045e-13,9.369677795693152e-15,9.251798869070565e-12,0.9981671753848033,-1.915876463146482,True,12,13,0.0,1.0
L8_02,E4_joint_constitutive_Cvcal,1,1,swe+ceus,constitutive,D,2.9999999999999997e-06,3.1297542648875967e-06,2.974924425941599e-06,3.2926422174512053e-06,0.022034302390702584,0.042342203181334526,True,12,13,0.0,1.0
L8_02,E4_joint_constitutive_Cvcal,1,1,swe+ceus,constitutive,vmag,0.002999999999999999,0.003033910248787728,0.0029917139493396147,0.003076701701287659,0.006082662632811931,0.011240010010439505,True,12,13,0.0,1.0
L8_02,E4_joint_constitutive_Cvcal,1,1,swe+ceus,constitutive,S_v,3e-05,3.141725043200516e-05,2.06572149692798e-05,4.778202803113594e-05,0.27020188566488645,0.04615973721530864,True,12,13,0.0,1.0
L8_02,E4_joint_constitutive_Cvcal,1,1,swe+ceus,constitutive,C_v,0.0025000000000000005,0.0025000000000000005,0.0016666666666666668,0.003750000000000002,1.0,0.0,True,12,13,0.0,1.0
L8_02,E4_joint_constitutive_Cvcal,2,2,swe+ceus,constitutive,mu,1999.9999999999998,2000.6432835099124,1997.6060385604887,2003.685146415382,0.0013196365400897816,0.00032159003933607266,True,12,13,0.0,1.0
L8_02,E4_joint_constitutive_Cvcal,2,2,swe+ceus,constitutive,eta_s,0.5,0.49942667233697186,0.4946284396363312,0.504271451162349,0.004192649167855957,-0.001147313238255121,True,12,13,0.0,1.0
L8_02,E4_joint_constitutive_Cvcal,2,2,swe+ceus,constitutive,phi,0.011999999999999999,0.011801943361622592,0.010611722787596008,0.013125660168371354,0.07097089223854808,-0.016642440213632703,True,12,13,0.0,1.0
L8_02,E4_joint_constitutive_Cvcal,2,2,swe+ceus,constitutive,k,1.9999999999999983e-12,3.077648999236937e-13,9.801408910679536e-15,9.66383858567883e-12,0.9979537197315185,-1.871566279975454,True,12,13,0.0,1.0
L8_02,E4_joint_constitutive_Cvcal,2,2,swe+ceus,constitutive,D,2.9999999999999997e-06,2.9202222912356904e-06,2.7748694151470255e-06,3.073189024204221e-06,0.022173361665131956,-0.0269525481499322,True,12,13,0.0,1.0
L8_02,E4_joint_constitutive_Cvcal,2,2,swe+ceus,constitutive,vmag,0.002999999999999999,0.002967118723199485,0.002925046821443258,0.0030097957588306324,0.006202101813666284,-0.011020933599997562,True,12,13,0.0,1.0
L8_02,E4_joint_constitutive_Cvcal,2,2,swe+ceus,constitutive,S_v,3e-05,2.9504858404056486e-05,1.9402189112486885e-05,4.4867961259235516e-05,0.27012234679367225,-0.016642440213631815,True,12,13,0.0,1.0
L8_02,E4_joint_constitutive_Cvcal,2,2,swe+ceus,constitutive,C_v,0.0025000000000000005,0.0025000000000000005,0.0016666666666666668,0.003750000000000002,1.0,0.0,True,12,13,0.0,1.0
L8_02,E4_joint_constitutive_Cvcal,3,3,swe+ceus,constitutive,mu,1999.9999999999998,1996.2839712363614,1993.2583409648594,1999.3141942083435,0.0013174591773049318,-0.0018597426316144805,False,12,13,0.0,1.0
L8_02,E4_joint_constitutive_Cvcal,3,3,swe+ceus,constitutive,eta_s,0.5,0.4934580112976892,0.4885058008988024,0.4984604245555588,0.004380478906649201,-0.013170326658452525,False,12,13,0.0,1.0
L8_02,E4_joint_constitutive_Cvcal,3,3,swe+ceus,constitutive,phi,0.011999999999999999,0.012012998602123124,0.010800940589906981,0.01336107112277478,0.07100504896147318,0.0010826305875522024,True,12,13,0.0,1.0
L8_02,E4_joint_constitutive_Cvcal,3,3,swe+ceus,constitutive,k,1.9999999999999983e-12,2.843186936918629e-13,9.041445973850228e-15,8.94072915067406e-12,0.9983783490175188,-1.9508066896459333,True,12,13,0.0,1.0
L8_02,E4_joint_constitutive_Cvcal,3,3,swe+ceus,constitutive,D,2.9999999999999997e-06,2.9831264551354975e-06,2.8349825742875805e-06,3.1390116920085737e-06,0.022121269783606717,-0.0056403921012258,True,12,13,0.0,1.0
L8_02,E4_joint_constitutive_Cvcal,3,3,swe+ceus,constitutive,vmag,0.002999999999999999,0.002989732697164199,0.0029476809282343967,0.003032384378809515,0.006151889603228697,-0.003428304203577426,True,12,13,0.0,1.0
L8_02,E4_joint_constitutive_Cvcal,3,3,swe+ceus,constitutive,S_v,3e-05,3.003249650530785e-05,1.9748903943125215e-05,4.567093186228727e-05,0.2701307101837989,0.0010826305875539788,True,12,13,0.0,1.0
L8_02,E4_joint_constitutive_Cvcal,3,3,swe+ceus,constitutive,C_v,0.0025000000000000005,0.0025000000000000005,0.0016666666666666668,0.003750000000000002,1.0,0.0,True,12,13,0.0,1.0
L8_02,E4_joint_constitutive_Cvcal,4,4,swe+ceus,constitutive,mu,1999.9999999999998,2001.0101255176676,1997.9670917983303,2004.0577939751117,0.0013219110145627352,0.0005049352575676735,True,12,13,0.0,1.0
L8_02,E4_joint_constitutive_Cvcal,4,4,swe+ceus,constitutive,eta_s,0.5,0.5005634363924284,0.4954443434006961,0.5057354215271572,0.004464249094724374,0.0011262383403009002,True,12,13,0.0,1.0
L8_02,E4_joint_constitutive_Cvcal,4,4,swe+ceus,constitutive,phi,0.011999999999999999,0.011915945472314818,0.010713170947786049,0.013253756258647508,0.07103675156784048,-0.007029190953240061,True,12,13,0.0,1.0
L8_02,E4_joint_constitutive_Cvcal,4,4,swe+ceus,constitutive,k,1.9999999999999983e-12,2.723483891128764e-13,8.654392917429363e-15,8.570635255420171e-12,0.9985921347797099,-1.9938203704981063,True,12,13,0.0,1.0
L8_02,E4_joint_constitutive_Cvcal,4,4,swe+ceus,constitutive,D,2.9999999999999997e-06,2.9388837851091947e-06,2.7935240322803086e-06,3.0918072665827304e-06,0.022030000835457055,-0.020582444337341244,True,12,13,0.0,1.0
L8_02,E4_joint_constitutive_Cvcal,4,4,swe+ceus,constitutive,vmag,0.002999999999999999,0.002984763553503478,0.0029427040748898382,0.003027424179801775,0.006163342320416251,-0.0050917565175687685,True,12,13,0.0,1.0
L8_02,E4_joint_constitutive_Cvcal,4,4,swe+ceus,constitutive,S_v,3e-05,2.9789863680787027e-05,1.958911629335111e-05,4.530250190107276e-05,0.2701384760441038,-0.007029190953240061,True,12,13,0.0,1.0
L8_02,E4_joint_constitutive_Cvcal,4,4,swe+ceus,constitutive,C_v,0.0025000000000000005,0.0025000000000000005,0.0016666666666666668,0.003750000000000002,1.0,0.0,True,12,13,0.0,1.0
L8_02,E5_joint_network,0,0,swe+ceus,network,mu,1999.9999999999998,2003.989264147681,2000.9530222400597,2007.0301132423872,0.0013169961158364216,0.0019926454365872814,False,12,13,0.0,1.0
L8_02,E5_joint_network,0,0,swe+ceus,network,eta_s,0.5,0.5015682565753015,0.4972755298898007,0.5058980401865681,0.0037329540720155117,0.0031316045544701465,True,12,13,0.0,1.0
L8_02,E5_joint_network,0,0,swe+ceus,network,phi,0.011999999999999999,0.012250977942547502,0.01101116101314758,0.01363039377678509,0.07123224650643899,0.020699116061021705,True,12,13,0.0,1.0
L8_02,E5_joint_network,0,0,swe+ceus,network,k,1.9999999999999983e-12,9.867493271540737e-14,1.8370791933571826e-14,5.300121182362692e-13,0.486719307016732,-3.009071519874251,False,12,13,0.0,1.0
L8_02,E5_joint_network,0,0,swe+ceus,network,D,2.9999999999999997e-06,3.048321948597129e-06,2.8956509996346995e-06,3.209042354714454e-06,0.022314616079680296,0.01597896975839852,True,12,13,0.0,1.0
L8_02,E5_joint_network,0,0,swe+ceus,network,vmag,0.002999999999999999,0.0029676156675909845,0.0029256504608374564,0.003010182818630557,0.006185217292294737,-0.010853463799350038,True,12,13,0.0,1.0
L8_02,E5_joint_network,0,0,swe+ceus,network,S_v,3e-05,1.2250977942547515e-05,1.2220746767657442e-06,0.00012281283902060216,0.8391457509490046,-0.8955916158131316,True,12,13,0.0,1.0
L8_02,E5_joint_network,0,0,swe+ceus,network,C_v,0.0025000000000000005,0.0010000000000000002,0.00010000000000000009,0.009999999999999995,1.0,-0.9162907318741551,True,12,13,0.0,1.0
L8_02,E5_joint_network,1,1,swe+ceus,network,mu,1999.9999999999998,2001.8407188370454,1998.8128968999054,2004.8731273493959,0.00131475177494132,0.000919936147480982,True,12,13,0.0,1.0
L8_02,E5_joint_network,1,1,swe+ceus,network,eta_s,0.5,0.49955415604970665,0.49472068251153084,0.5044348531369883,0.00422250939235433,-0.0008920856907300712,True,12,13,0.0,1.0
L8_02,E5_joint_network,1,1,swe+ceus,network,phi,0.011999999999999999,0.012531371106498622,0.011264295748250693,0.013940974679502314,0.07116599479197347,0.043328539031135094,True,12,13,0.0,1.0
L8_02,E5_joint_network,1,1,swe+ceus,network,k,1.9999999999999983e-12,1.0334424624337641e-13,1.924043525457266e-14,5.550827250164943e-13,0.4867142730999362,-2.9628368475003484,False,12,13,0.0,1.0
L8_02,E5_joint_network,1,1,swe+ceus,network,D,2.9999999999999997e-06,3.1281187397086117e-06,2.9734758531767258e-06,3.2908042078977067e-06,0.0220188139512966,0.04181949355938386,True,12,13,0.0,1.0
L8_02,E5_joint_network,1,1,swe+ceus,network,vmag,0.002999999999999999,0.003033773357119423,0.0029915828953467655,0.003076558833346588,0.006082091560722877,0.011194888452619622,True,12,13,0.0,1.0
L8_02,E5_joint_network,1,1,swe+ceus,network,S_v,3e-05,1.2531371106498624e-05,1.2500505411873024e-06,0.00012562313013331116,0.8391440795016439,-0.8729621928430191,True,12,13,0.0,1.0
L8_02,E5_joint_network,1,1,swe+ceus,network,C_v,0.0025000000000000005,0.0010000000000000002,0.00010000000000000009,0.009999999999999995,1.0,-0.9162907318741551,True,12,13,0.0,1.0
L8_02,E5_joint_network,2,2,swe+ceus,network,mu,1999.9999999999998,2000.6780077104145,1997.6456338863482,2003.7149845986341,0.001317495620070187,0.0003389464063836556,True,12,13,0.0,1.0
L8_02,E5_joint_network,2,2,swe+ceus,network,eta_s,0.5,0.4995546003914106,0.4947905694906995,0.5043645011850064,0.004161549179964305,-0.0008911962145823349,True,12,13,0.0,1.0
L8_02,E5_joint_network,2,2,swe+ceus,network,phi,0.011999999999999999,0.011773250238065872,0.010587946604165982,0.013091246711952647,0.07084330516273916,-0.01907662066718263,True,12,13,0.0,1.0
L8_02,E5_joint_network,2,2,swe+ceus,network,k,1.9999999999999983e-12,9.093052113563197e-14,1.6931115504451856e-14,4.883529187325865e-13,0.4866827384049848,-3.0908067486469015,False,12,13,0.0,1.0
L8_02,E5_joint_network,2,2,swe+ceus,network,D,2.9999999999999997e-06,2.9189732523905414e-06,2.7737833200704033e-06,3.0717629551378054e-06,0.02215758317497172,-0.02738036011644951,True,12,13,0.0,1.0
L8_02,E5_joint_network,2,2,swe+ceus,network,vmag,0.002999999999999999,0.002966999588376493,0.0029249342350083514,0.0030096699105445503,0.0062013803289986845,-0.011061086093342887,True,12,13,0.0,1.0
L8_02,E5_joint_network,2,2,swe+ceus,network,S_v,3e-05,1.1773250238065865e-05,1.1744513771777563e-06,0.0001180205701671539,0.8391359606373023,-0.9353673525413377,True,12,13,0.0,1.0
L8_02,E5_joint_network,2,2,swe+ceus,network,C_v,0.0025000000000000005,0.0010000000000000002,0.00010000000000000009,0.009999999999999995,1.0,-0.9162907318741551,True,12,13,0.0,1.0
L8_02,E5_joint_network,3,3,swe+ceus,network,mu,1999.9999999999998,1996.314492786502,1993.2929929252468,1999.3405727378108,0.001315639167408694,-0.0018444535659014605,False,12,13,0.0,1.0
L8_02,E5_joint_network,3,3,swe+ceus,network,eta_s,0.5,0.49356354951404485,0.48863850408577975,0.49853823505922185,0.004355393009837566,-0.012956474761091519,False,12,13,0.0,1.0
L8_02,E5_joint_network,3,3,swe+ceus,network,phi,0.011999999999999999,0.011981537577989875,0.01077471697710439,0.01332352794396677,0.07087720206396303,-0.0015397199280942075,True,12,13,0.0,1.0
L8_02,E5_joint_network,3,3,swe+ceus,network,k,1.9999999999999983e-12,9.378570409306655e-14,1.7462502160162123e-14,5.036940417564181e-13,0.48668678024420764,-3.0598900235347237,False,12,13,0.0,1.0
L8_02,E5_joint_network,3,3,swe+ceus,network,D,2.9999999999999997e-06,2.9816478227483278e-06,2.833680156476042e-06,3.1373419892087277e-06,0.022105516532122997,-0.0061361803234021295,True,12,13,0.0,1.0
L8_02,E5_joint_network,3,3,swe+ceus,network,vmag,0.002999999999999999,0.0029895904344172997,0.002947544900879471,0.003032235730452369,0.006151265700137985,-0.0034758891036723583,True,12,13,0.0,1.0
L8_02,E5_joint_network,3,3,swe+ceus,network,S_v,3e-05,1.1981537577989867e-05,1.1952264774722137e-06,0.00012010882074533083,0.839136811751954,-0.9178304518022493,True,12,13,0.0,1.0
L8_02,E5_joint_network,3,3,swe+ceus,network,C_v,0.0025000000000000005,0.0010000000000000002,0.00010000000000000009,0.009999999999999995,1.0,-0.9162907318741551,True,12,13,0.0,1.0
L8_02,E5_joint_network,4,4,swe+ceus,network,mu,1999.9999999999998,2001.0393139279997,1998.0000815962692,2004.0831693492144,0.0013202391419226142,0.000519521989078342,True,12,13,0.0,1.0
L8_02,E5_joint_network,4,4,swe+ceus,network,eta_s,0.5,0.5006605438187736,0.49556589297607573,0.505807570072243,0.004441958082867939,0.0013202157690660465,True,12,13,0.0,1.0
L8_02,E5_joint_network,4,4,swe+ceus,network,phi,0.011999999999999999,0.011885020331318151,0.010687416583416084,0.013216824400298248,0.07090872789055477,-0.00962783830686842,True,12,13,0.0,1.0
L8_02,E5_joint_network,4,4,swe+ceus,network,k,1.9999999999999983e-12,9.188148712170725e-14,1.7107584481968724e-14,4.934774798040298e-13,0.48669288159353413,-3.0804028963742915,False,12,13,0.0,1.0
L8_02,E5_joint_network,4,4,swe+ceus,network,D,2.9999999999999997e-06,2.937473114157156e-06,2.792284301833731e-06,3.090211226245666e-06,0.022014265589943956,-0.021062561867069007,True,12,13,0.0,1.0
L8_02,E5_joint_network,4,4,swe+ceus,network,vmag,0.002999999999999999,0.0029846339548208712,0.0029425808947599616,0.0030272880042593836,0.006162664540006837,-0.005135177543709624,True,12,13,0.0,1.0
L8_02,E5_joint_network,4,4,swe+ceus,network,S_v,3e-05,1.1885020331318166e-05,1.1855957543598249e-06,0.00011914154361333522,0.8391376036961204,-0.9259185701810217,True,12,13,0.0,1.0
L8_02,E5_joint_network,4,4,swe+ceus,network,C_v,0.0025000000000000005,0.0010000000000000002,0.00010000000000000009,0.009999999999999995,1.0,-0.9162907318741551,True,12,13,0.0,1.0
L8_02,E8_relax_constitutive_Cvcal,0,0,swe+ceus+relax,constitutive,mu,1999.9999999999998,2003.6200029509828,2000.5759107912331,2006.668727025486,0.0013206473514781355,0.0018083653967266855,False,15,16,0.0,1.0
L8_02,E8_relax_constitutive_Cvcal,0,0,swe+ceus+relax,constitutive,eta_s,0.5,0.5002737820079928,0.49594354113514394,0.5046418315918373,0.0037755046346521653,0.0005474141575120273,True,15,16,0.0,1.0
L8_02,E8_relax_constitutive_Cvcal,0,0,swe+ceus+relax,constitutive,phi,0.011999999999999999,0.01224264892604489,0.011004988238689456,0.013619501400233852,0.0711525685279181,0.02001901940826123,True,15,16,0.0,1.0
L8_02,E8_relax_constitutive_Cvcal,0,0,swe+ceus+relax,constitutive,k,1.9999999999999983e-12,2.038806590545142e-12,1.2374511059950185e-12,3.3591083263915557e-12,0.1445653204263166,0.01921745147947007,True,15,16,0.0,1.0
L8_02,E8_relax_constitutive_Cvcal,0,0,swe+ceus+relax,constitutive,D,2.9999999999999997e-06,3.047708452184417e-06,2.895051147697106e-06,3.2084154426442435e-06,0.02231717853473841,0.015777692410862798,True,15,16,0.0,1.0
L8_02,E8_relax_constitutive_Cvcal,0,0,swe+ceus+relax,constitutive,vmag,0.002999999999999999,0.0029675370431037277,0.002925568079954616,0.0030101080752594988,0.006185939970068609,-0.010879958311317495,True,15,16,0.0,1.0
L8_02,E8_relax_constitutive_Cvcal,0,0,swe+ceus+relax,constitutive,S_v,3e-05,2.917634737122458e-05,1.9551248085062438e-05,4.353989281005254e-05,0.2579750900520717,-0.02783902216603451,True,15,16,0.0,1.0
L8_02,E8_relax_constitutive_Cvcal,0,0,swe+ceus+relax,constitutive,C_v,0.0025000000000000005,0.0023831727551343143,0.00161626155170502,0.003513980998201108,0.9577072952261576,-0.047858041574297516,True,15,16,0.0,1.0
L8_02,E8_relax_constitutive_Cvcal,1,1,swe+ceus+relax,constitutive,mu,1999.9999999999998,2001.473026531983,1998.4377393205361,2004.512923828735,0.0013182381479113698,0.0007362421731968993,True,15,16,0.0,1.0
L8_02,E8_relax_constitutive_Cvcal,1,1,swe+ceus+relax,constitutive,eta_s,0.5,0.49837925492015084,0.4935353172228055,0.5032707347722254,0.004241720395697922,-0.0032467551696567787,True,15,16,0.0,1.0
L8_02,E8_relax_constitutive_Cvcal,1,1,swe+ceus+relax,constitutive,phi,0.011999999999999999,0.012518760442640844,0.011254306949203019,0.01392527889345753,0.07108609819145978,0.04232170480367081,True,15,16,0.0,1.0
L8_02,E8_relax_constitutive_Cvcal,1,1,swe+ceus+relax,constitutive,k,1.9999999999999983e-12,2.0243054204894747e-12,1.2349172935773046e-12,3.3182889710391367e-12,0.14309211037686648,0.01207945893241913,True,15,16,0.0,1.0
L8_02,E8_relax_constitutive_Cvcal,1,1,swe+ceus+relax,constitutive,D,2.9999999999999997e-06,3.1273403067072704e-06,2.9727198829329287e-06,3.29000302050208e-06,0.022021154382730047,0.04157061238229254,True,15,16,0.0,1.0
L8_02,E8_relax_constitutive_Cvcal,1,1,swe+ceus+relax,constitutive,vmag,0.002999999999999999,0.0030336854416075053,0.002991491493131054,0.003076474521072001,0.006082775245781153,0.01116590910068993,True,15,16,0.0,1.0
L8_02,E8_relax_constitutive_Cvcal,1,1,swe+ceus+relax,constitutive,S_v,3e-05,2.9609847728121953e-05,1.9842234399471123e-05,4.418570332512237e-05,0.2579590108026733,-0.013090382144723023,True,15,16,0.0,1.0
L8_02,E8_relax_constitutive_Cvcal,1,1,swe+ceus+relax,constitutive,C_v,0.0025000000000000005,0.002365237985325305,0.0016041049643864766,0.0034875216095134917,0.9576969527429905,-0.05541208694839472,True,15,16,0.0,1.0
L8_02,E8_relax_constitutive_Cvcal,2,2,swe+ceus+relax,constitutive,mu,1999.9999999999998,2000.346643190097,1997.3081260952872,2003.389782799588,0.0013203856137881237,0.00017330657659631044,True,15,16,0.0,1.0
L8_02,E8_relax_constitutive_Cvcal,2,2,swe+ceus+relax,constitutive,eta_s,0.5,0.49846761006203555,0.4936994084670015,0.5032818634571345,0.004174336669947176,-0.0030694859315824052,True,15,16,0.0,1.0
L8_02,E8_relax_constitutive_Cvcal,2,2,swe+ceus+relax,constitutive,phi,0.011999999999999999,0.011771740701232268,0.010587803651041446,0.013088066581534864,0.07076671344312534,-0.019204846398045206,True,15,16,0.0,1.0
L8_02,E8_relax_constitutive_Cvcal,2,2,swe+ceus+relax,constitutive,k,1.9999999999999983e-12,1.8416893268999022e-12,1.1165231878300465e-12,3.037840694924561e-12,0.1448990829129928,-0.0824639177008919,True,15,16,0.0,1.0
L8_02,E8_relax_constitutive_Cvcal,2,2,swe+ceus+relax,constitutive,D,2.9999999999999997e-06,2.9186733894610778e-06,2.773479819549832e-06,3.0714679422945626e-06,0.02216048831568126,-0.02748309429963136,True,15,16,0.0,1.0
L8_02,E8_relax_constitutive_Cvcal,2,2,swe+ceus+relax,constitutive,vmag,0.002999999999999999,0.002966939091697896,0.002924869636171352,0.003009613647385628,0.006202116785764899,-0.011081476151906244,True,15,16,0.0,1.0
L8_02,E8_relax_constitutive_Cvcal,2,2,swe+ceus+relax,constitutive,S_v,3e-05,2.8399285711674873e-05,1.903123347459125e-05,4.237872600376276e-05,0.2579514157655167,-0.05483338780864955,True,15,16,0.0,1.0
L8_02,E8_relax_constitutive_Cvcal,2,2,swe+ceus+relax,constitutive,C_v,0.0025000000000000005,0.002412496709913259,0.0016360162123705154,0.003557507762657909,0.9579074371710292,-0.03562854141060612,True,15,16,0.0,1.0
L8_02,E8_relax_constitutive_Cvcal,3,3,swe+ceus+relax,constitutive,mu,1999.9999999999998,1995.9793579191976,1992.9515073683342,1999.0118086216073,0.0013186280567198435,-0.0020123444479978048,False,15,16,0.0,1.0
L8_02,E8_relax_constitutive_Cvcal,3,3,swe+ceus+relax,constitutive,eta_s,0.5,0.49251536395936363,0.4875743888213275,0.49750640988838957,0.004378897771011583,-0.015082442440052968,False,15,16,0.0,1.0
L8_02,E8_relax_constitutive_Cvcal,3,3,swe+ceus+relax,constitutive,phi,0.011999999999999999,0.011975032615941308,0.010770112464295304,0.013314754755649713,0.07080000734234537,-0.0020827828253100478,True,15,16,0.0,1.0
L8_02,E8_relax_constitutive_Cvcal,3,3,swe+ceus+relax,constitutive,k,1.9999999999999983e-12,1.8624324238893836e-12,1.1291327743351367e-12,3.071963379680411e-12,0.14489034025921893,-0.07126379242209069,True,15,16,0.0,1.0
L8_02,E8_relax_constitutive_Cvcal,3,3,swe+ceus+relax,constitutive,D,2.9999999999999997e-06,2.981086068240069e-06,2.8331289978175004e-06,3.1367700352158456e-06,0.022108165685146775,-0.006324602117897982,True,15,16,0.0,1.0
L8_02,E8_relax_constitutive_Cvcal,3,3,swe+ceus+relax,constitutive,vmag,0.002999999999999999,0.0029895048962003345,0.002947455318027203,0.0030321543704986843,0.006152038916378642,-0.003504501531553572,True,15,16,0.0,1.0
L8_02,E8_relax_constitutive_Cvcal,3,3,swe+ceus+relax,constitutive,S_v,3e-05,2.8648662122167127e-05,1.9198109559302912e-05,4.275138856015023e-05,0.25795942836955044,-0.04609063689831672,True,15,16,0.0,1.0
L8_02,E8_relax_constitutive_Cvcal,3,3,swe+ceus+relax,constitutive,C_v,0.0025000000000000005,0.0023923661037907867,0.0016223635810077553,0.0035278254773272984,0.9579092836231442,-0.044007854073008446,True,15,16,0.0,1.0
L8_02,E8_relax_constitutive_Cvcal,4,4,swe+ceus+relax,constitutive,mu,1999.9999999999998,2000.7212534041166,1997.6762059356097,2003.7709424226693,0.0013229775997212097,0.0003605616918784804,True,15,16,0.0,1.0
L8_02,E8_relax_constitutive_Cvcal,4,4,swe+ceus+relax,constitutive,eta_s,0.5,0.49969101054107307,0.4945715355702887,0.5048634789053131,0.0044724190565425094,-0.0006181699455301004,True,15,16,0.0,1.0
L8_02,E8_relax_constitutive_Cvcal,4,4,swe+ceus+relax,constitutive,phi,0.011999999999999999,0.011883559726150192,0.010687318960576085,0.013213696745265534,0.07083277466292731,-0.009750740488342124,True,15,16,0.0,1.0
L8_02,E8_relax_constitutive_Cvcal,4,4,swe+ceus+relax,constitutive,k,1.9999999999999983e-12,1.7721676365725405e-12,1.0652846898844323e-12,2.9481115817554933e-12,0.14735941048869491,-0.12094372981973223,True,15,16,0.0,1.0
L8_02,E8_relax_constitutive_Cvcal,4,4,swe+ceus+relax,constitutive,D,2.9999999999999997e-06,2.9371816073593646e-06,2.7919889060006347e-06,3.0899248116884097e-06,0.022017111710318508,-0.02116180405638879,True,15,16,0.0,1.0
L8_02,E8_relax_constitutive_Cvcal,4,4,swe+ceus+relax,constitutive,vmag,0.002999999999999999,0.0029845775714651855,0.0029425205523137803,0.0030272357054868027,0.006163366124738811,-0.00515406893512349,True,15,16,0.0,1.0
L8_02,E8_relax_constitutive_Cvcal,4,4,swe+ceus+relax,constitutive,S_v,3e-05,2.8596051091877086e-05,1.9161114353638112e-05,4.2676752664647705e-05,0.25801792415300284,-0.047928747079991396,True,15,16,0.0,1.0
L8_02,E8_relax_constitutive_Cvcal,4,4,swe+ceus+relax,constitutive,C_v,0.0025000000000000005,0.002406353967233443,0.0016317315327032764,0.003548708411626385,0.9580873335935748,-0.03817800659165016,True,15,16,0.0,1.0
L8_02,E8_relax_constitutive_Cvcal_norm,0,0,swe+ceus+relax,constitutive,mu,1999.9999999999998,2003.6280701916412,2000.5663917096156,2006.694434284285,0.0013282774769139782,0.001812391721282225,False,12,16,0.0,1.0
L8_02,E8_relax_constitutive_Cvcal_norm,0,0,swe+ceus+relax,constitutive,eta_s,0.5,0.5003031383129056,0.4958197354670173,0.5048270819030215,0.003909417835000157,0.0006060929143872906,True,12,16,0.0,1.0
L8_02,E8_relax_constitutive_Cvcal_norm,0,0,swe+ceus+relax,constitutive,phi,0.011999999999999999,0.011941318075732574,0.004288396528953728,0.033251374126218564,0.6837003486050257,-0.004902156313855599,True,12,16,0.0,1.0
L8_02,E8_relax_constitutive_Cvcal_norm,0,0,swe+ceus+relax,constitutive,k,1.9999999999999983e-12,1.9947601466172727e-12,7.112095392170738e-13,5.5947900346118406e-12,0.29859540653310196,-0.0026233647055065035,True,12,16,0.0,1.0
L8_02,E8_relax_constitutive_Cvcal_norm,0,0,swe+ceus+relax,constitutive,D,2.9999999999999997e-06,2.94152457620109e-06,2.750201884376716e-06,3.146156971802072e-06,0.029207905930114658,-0.019684278391316923,True,12,16,0.0,1.0
L8_02,E8_relax_constitutive_Cvcal_norm,0,0,swe+ceus+relax,constitutive,vmag,0.002999999999999999,0.0029642529848187865,0.0029236719307803704,0.0030053973106557693,0.0059866276035462455,-0.011987232373622092,True,12,16,0.0,1.0
L8_02,E8_relax_constitutive_Cvcal_norm,0,0,swe+ceus+relax,constitutive,S_v,3e-05,2.852056873880016e-05,1.0326271704707413e-05,7.877217106478148e-05,0.6546918161096741,-0.05057184456173225,True,12,16,0.0,1.0
L8_02,E8_relax_constitutive_Cvcal_norm,0,0,swe+ceus+relax,constitutive,C_v,0.0025000000000000005,0.0023883936897016694,0.0016050215478654272,0.0035541107996919187,0.9803158242831059,-0.04566968824787754,True,12,16,0.0,1.0
L8_02,E8_relax_constitutive_Cvcal_norm,1,1,swe+ceus+relax,constitutive,mu,1999.9999999999998,2001.499025194489,1998.4484022637746,2004.5543048880475,0.0013248863752122547,0.0007492318529500608,True,12,16,0.0,1.0
L8_02,E8_relax_constitutive_Cvcal_norm,1,1,swe+ceus+relax,constitutive,eta_s,0.5,0.4984646338368069,0.49351733740549003,0.5034615247608076,0.004331936299099134,-0.0030754566988976384,True,12,16,0.0,1.0
L8_02,E8_relax_constitutive_Cvcal_norm,1,1,swe+ceus+relax,constitutive,phi,0.011999999999999999,0.011533076300635393,0.0041375440378165936,0.0321475367369066,0.6843847375128875,-0.039687542712845136,True,12,16,0.0,1.0
L8_02,E8_relax_constitutive_Cvcal_norm,1,1,swe+ceus+relax,constitutive,k,1.9999999999999983e-12,1.8835859894886724e-12,6.714347304844574e-13,5.284052222377778e-12,0.29865443313001816,-0.05996977935670955,True,12,16,0.0,1.0
L8_02,E8_relax_constitutive_Cvcal_norm,1,1,swe+ceus+relax,constitutive,D,2.9999999999999997e-06,3.024123880508932e-06,2.832223493210502e-06,3.229026687543504e-06,0.028472056751632183,0.008009134586865585,True,12,16,0.0,1.0
L8_02,E8_relax_constitutive_Cvcal_norm,1,1,swe+ceus+relax,constitutive,vmag,0.002999999999999999,0.003023428462270227,0.002983316435514861,0.0030640798132056464,0.005800376452391431,0.0077791512143035035,True,12,16,0.0,1.0
L8_02,E8_relax_constitutive_Cvcal_norm,1,1,swe+ceus+relax,constitutive,S_v,3e-05,2.7478736727438007e-05,9.938548841391978e-06,7.597497222040062e-05,0.6553731257908371,-0.0877848859819359,True,12,16,0.0,1.0
L8_02,E8_relax_constitutive_Cvcal_norm,1,1,swe+ceus+relax,constitutive,C_v,0.0025000000000000005,0.002382602526086131,0.0016011239660199687,0.0035455061055785944,0.9803248646330492,-0.04809734326909254,True,12,16,0.0,1.0
L8_02,E8_relax_constitutive_Cvcal_norm,2,2,swe+ceus+relax,constitutive,mu,1999.9999999999998,2000.3280451734643,1997.271918017397,2003.3888486648416,0.0013280562644247364,0.00016400913649849969,True,12,16,0.0,1.0
L8_02,E8_relax_constitutive_Cvcal_norm,2,2,swe+ceus+relax,constitutive,eta_s,0.5,0.49840483764545057,0.49351785116040764,0.5033402167810305,0.004279382778890189,-0.003195424644829692,True,12,16,0.0,1.0
L8_02,E8_relax_constitutive_Cvcal_norm,2,2,swe+ceus+relax,constitutive,phi,0.011999999999999999,0.01250826344728741,0.004487443821062512,0.0348654291185536,0.6843777569669273,0.041482851888906325,True,12,16,0.0,1.0
L8_02,E8_relax_constitutive_Cvcal_norm,2,2,swe+ceus+relax,constitutive,k,1.9999999999999983e-12,1.9433943806366906e-12,6.919052040844162e-13,5.458524804258415e-12,0.2990095636756001,-0.028711055652351547,True,12,16,0.0,1.0
L8_02,E8_relax_constitutive_Cvcal_norm,2,2,swe+ceus+relax,constitutive,D,2.9999999999999997e-06,2.871967463415439e-06,2.6834609524384256e-06,3.0737160916844657e-06,0.029484235300427753,-0.043614966440649994,True,12,16,0.0,1.0
L8_02,E8_relax_constitutive_Cvcal_norm,2,2,swe+ceus+relax,constitutive,vmag,0.002999999999999999,0.0029794088764629784,0.0029377525376290976,0.0030216558881131757,0.006114897229511154,-0.006887371430485345,True,12,16,0.0,1.0
L8_02,E8_relax_constitutive_Cvcal_norm,2,2,swe+ceus+relax,constitutive,S_v,3e-05,3.002203656800318e-05,1.085832078258709e-05,8.300755685316678e-05,0.6553786087496509,0.0007342826152978432,True,12,16,0.0,1.0
L8_02,E8_relax_constitutive_Cvcal_norm,2,2,swe+ceus+relax,constitutive,C_v,0.0025000000000000005,0.002400176227061627,0.0016129289993762623,0.0035716673971263276,0.9803319058119757,-0.04074856927361026,True,12,16,0.0,1.0
L8_02,E8_relax_constitutive_Cvcal_norm,3,3,swe+ceus+relax,constitutive,mu,1999.9999999999998,1995.9790521362927,1992.9354614124306,1999.0272910008866,0.001325488333801263,-0.0020124976474420464,False,12,16,0.0,1.0
L8_02,E8_relax_constitutive_Cvcal_norm,3,3,swe+ceus+relax,constitutive,eta_s,0.5,0.4925143886453435,0.4874765471134427,0.4976042939071834,0.004465196506654947,-0.015084422713273149,False,12,16,0.0,1.0
L8_02,E8_relax_constitutive_Cvcal_norm,3,3,swe+ceus+relax,constitutive,phi,0.011999999999999999,0.011987300856480192,0.004297345100611418,0.03343817600390669,0.6848745617048437,-0.0010588223145413522,True,12,16,0.0,1.0
L8_02,E8_relax_constitutive_Cvcal_norm,3,3,swe+ceus+relax,constitutive,k,1.9999999999999983e-12,1.8641036174265994e-12,6.63096886725519e-13,5.2403839711304796e-12,0.2992620402346827,-0.07036687709336675,True,12,16,0.0,1.0
L8_02,E8_relax_constitutive_Cvcal_norm,3,3,swe+ceus+relax,constitutive,D,2.9999999999999997e-06,2.9864916977877715e-06,2.7932323871366244e-06,3.1931223130698395e-06,0.029054242798637112,-0.004512935395437623,True,12,16,0.0,1.0
L8_02,E8_relax_constitutive_Cvcal_norm,3,3,swe+ceus+relax,constitutive,vmag,0.002999999999999999,0.003004448703420006,0.0029635530411037383,0.0030459087069756876,0.005952088903732971,0.0014818027278638013,True,12,16,0.0,1.0
L8_02,E8_relax_constitutive_Cvcal_norm,3,3,swe+ceus+relax,constitutive,S_v,3e-05,2.8675373601207082e-05,1.0362806996265475e-05,7.934887250772251e-05,0.65590417486036,-0.045158689918793016,True,12,16,0.0,1.0
L8_02,E8_relax_constitutive_Cvcal_norm,3,3,swe+ceus+relax,constitutive,C_v,0.0025000000000000005,0.002392145983864707,0.0016075228986202467,0.003559739281494286,0.9803468521163904,-0.04409986760425344,True,12,16,0.0,1.0
L8_02,E8_relax_constitutive_Cvcal_norm,4,4,swe+ceus+relax,constitutive,mu,1999.9999999999998,2000.7091656895836,1997.6486152145505,2003.7744051620405,0.0013297263679978545,0.00035451999515156984,True,12,16,0.0,1.0
L8_02,E8_relax_constitutive_Cvcal_norm,4,4,swe+ceus+relax,constitutive,eta_s,0.5,0.4996534275063065,0.4944452271945113,0.5049164879906666,0.004550681847892869,-0.0006933853234387666,True,12,16,0.0,1.0
L8_02,E8_relax_constitutive_Cvcal_norm,4,4,swe+ceus+relax,constitutive,phi,0.011999999999999999,0.012395191058796632,0.004439349296437749,0.034608847181130206,0.6855090341471125,0.03240192976322298,True,12,16,0.0,1.0
L8_02,E8_relax_constitutive_Cvcal_norm,4,4,swe+ceus+relax,constitutive,k,1.9999999999999983e-12,1.8383350150547065e-12,6.520947541145608e-13,5.182491664367045e-12,0.30007596859029456,-0.08428690171536957,True,12,16,0.0,1.0
L8_02,E8_relax_constitutive_Cvcal_norm,4,4,swe+ceus+relax,constitutive,D,2.9999999999999997e-06,3.08491741880537e-06,2.8872820451575243e-06,3.296080996593311e-06,0.028754332587939028,0.02791259971033,True,12,16,0.0,1.0
L8_02,E8_relax_constitutive_Cvcal_norm,4,4,swe+ceus+relax,constitutive,vmag,0.002999999999999999,0.003005720765515026,0.002965664414581422,0.003046318145717561,0.005826625678909044,0.0019051059710051277,True,12,16,0.0,1.0
L8_02,E8_relax_constitutive_Cvcal_norm,4,4,swe+ceus+relax,constitutive,S_v,3e-05,2.9710682965863434e-05,1.0725406411660034e-05,8.230221293417851e-05,0.6565974281572604,-0.009690704708216202,True,12,16,0.0,1.0
L8_02,E8_relax_constitutive_Cvcal_norm,4,4,swe+ceus+relax,constitutive,C_v,0.0025000000000000005,0.0023969524007278896,0.0016107334640211668,0.003566934529945107,0.9803764774865849,-0.04209263447143918,True,12,16,0.0,1.0
L8_02,E8_relax_independent_matched,0,0,swe+ceus+relax,independent,mu,1999.9999999999998,2003.7256654902028,2000.67162011208,2006.7843728993546,0.0013248988227384656,0.0018610998239445564,False,15,16,0.0,1.0
L8_02,E8_relax_independent_matched,0,0,swe+ceus+relax,independent,eta_s,0.5,0.5006038478055881,0.4961942403008692,0.505052642863822,0.0038424646317643104,0.0012069669334531241,True,15,16,0.0,1.0
L8_02,E8_relax_independent_matched,0,0,swe+ceus+relax,independent,phi,0.011999999999999999,0.012283552491245839,0.01103829180687358,0.01366929452899903,0.07136209827896278,0.02335452191254106,True,15,16,0.0,1.0
L8_02,E8_relax_independent_matched,0,0,swe+ceus+relax,independent,k,1.9999999999999983e-12,1.5521088582214471e-12,5.515387256765003e-13,4.367856318365729e-12,0.2995641107885646,-0.2535326206520523,True,15,16,0.0,1.0
L8_02,E8_relax_independent_matched,0,0,swe+ceus+relax,independent,D,2.9999999999999997e-06,3.0498352073675567e-06,2.8969815990363045e-06,3.210753839511061e-06,0.022330636947312896,0.01647527012022465,True,15,16,0.0,1.0
L8_02,E8_relax_independent_matched,0,0,swe+ceus+relax,independent,vmag,0.002999999999999999,0.0029677387843591676,0.0029257676564335335,0.003010312002329607,0.0061858377872684766,-0.010811977896798552,True,15,16,0.0,1.0
L8_02,E8_relax_independent_matched,0,0,swe+ceus+relax,independent,S_v,2.9999999999999977e-05,2.197568839543579e-05,7.931692091569619e-06,6.088623649001522e-05,0.6567128179643158,-0.3112606122818775,True,15,16,0.0,1.0
L8_02,E8_relax_independent_matched,1,1,swe+ceus+relax,independent,mu,1999.9999999999998,2001.5924909242453,1998.549173177787,2004.6404429239062,0.0013216495513994858,0.0007959286268794941,True,15,16,0.0,1.0
L8_02,E8_relax_independent_matched,1,1,swe+ceus+relax,independent,eta_s,0.5,0.4987330120117407,0.4938329778798248,0.5036816664982491,0.004288027384432345,-0.0025371919275539723,True,15,16,0.0,1.0
L8_02,E8_relax_independent_matched,1,1,swe+ceus+relax,independent,phi,0.011999999999999999,0.0125666822646159,0.011293853684806447,0.01398295989545735,0.0712950165161669,0.046142397213204234,True,15,16,0.0,1.0
L8_02,E8_relax_independent_matched,1,1,swe+ceus+relax,independent,k,1.9999999999999983e-12,1.4693182649110865e-12,5.224477890574233e-13,4.132271604587148e-12,0.2993819877733031,-0.30834865270832523,True,15,16,0.0,1.0
L8_02,E8_relax_independent_matched,1,1,swe+ceus+relax,independent,D,2.9999999999999997e-06,3.1297434149553676e-06,2.9749141730034785e-06,3.292630736155706e-06,0.022034293595823838,0.04233873647113384,True,15,16,0.0,1.0
L8_02,E8_relax_independent_matched,1,1,swe+ceus+relax,independent,vmag,0.002999999999999999,0.003033909234469199,0.002991712934163683,0.003076700688052671,0.006082664805184911,0.01123967568324602,True,15,16,0.0,1.0
L8_02,E8_relax_independent_matched,1,1,swe+ceus+relax,independent,S_v,2.9999999999999977e-05,2.124866687489812e-05,7.667355001541709e-06,5.8886779582999146e-05,0.6568752604021819,-0.34490322355858183,True,15,16,0.0,1.0
L8_02,E8_relax_independent_matched,2,2,swe+ceus+relax,independent,mu,1999.9999999999998,2000.417849387152,1997.3683030777997,2003.4720516894317,0.0013251348029439877,0.00020890287185171275,True,15,16,0.0,1.0
L8_02,E8_relax_independent_matched,2,2,swe+ceus+relax,independent,eta_s,0.5,0.4986808760780211,0.4938432051082052,0.5035659367054655,0.0042336311734666055,-0.002641734152982411,True,15,16,0.0,1.0
L8_02,E8_relax_independent_matched,2,2,swe+ceus+relax,independent,phi,0.011999999999999999,0.011801067116927726,0.010610937823728604,0.013124682041468803,0.07097070902503894,-0.016716688767313137,True,15,16,0.0,1.0
L8_02,E8_relax_independent_matched,2,2,swe+ceus+relax,independent,k,1.9999999999999983e-12,1.5118021852688331e-12,5.367193554824533e-13,4.258363004869012e-12,0.29983180761307077,-0.27984474121022984,True,15,16,0.0,1.0
L8_02,E8_relax_independent_matched,2,2,swe+ceus+relax,independent,D,2.9999999999999997e-06,2.920177301064886e-06,2.774826906113954e-06,3.0731414096012825e-06,0.022173323825111738,-0.02696795468850688,True,15,16,0.0,1.0
L8_02,E8_relax_independent_matched,2,2,swe+ceus+relax,independent,vmag,0.002999999999999999,0.002967113500560438,0.002925041564734436,0.003009790572328947,0.006202117867271748,-0.011022693773462322,True,15,16,0.0,1.0
L8_02,E8_relax_independent_matched,2,2,swe+ceus+relax,independent,S_v,2.9999999999999977e-05,2.3168701854718067e-05,8.357650250865261e-06,6.422723247808114e-05,0.6570702247190703,-0.2583950717741441,True,15,16,0.0,1.0
L8_02,E8_relax_independent_matched,3,3,swe+ceus+relax,independent,mu,1999.9999999999998,1996.0654019595383,1993.0281449680774,1999.1072875509792,0.0013226706176628117,-0.0019692366946886253,False,15,16,0.0,1.0
L8_02,E8_relax_independent_matched,3,3,swe+ceus+relax,independent,eta_s,0.5,0.4927657561349416,0.4877697922225323,0.4978128910214704,0.004425618915076574,-0.014574176979847198,False,15,16,0.0,1.0
L8_02,E8_relax_independent_matched,3,3,swe+ceus+relax,independent,phi,0.011999999999999999,0.012012308735578146,0.010800322583898951,0.013360301050078072,0.07100490950318064,0.001025202265369174,True,15,16,0.0,1.0
L8_02,E8_relax_independent_matched,3,3,swe+ceus+relax,independent,k,1.9999999999999983e-12,1.4613192933306128e-12,5.186025291655254e-13,4.117708566705998e-12,0.2999403251579781,-0.31380752729458905,True,15,16,0.0,1.0
L8_02,E8_relax_independent_matched,3,3,swe+ceus+relax,independent,D,2.9999999999999997e-06,2.9830897503986698e-06,2.8349478753607427e-06,3.138972866582683e-06,0.0221212417446175,-0.005652696293887871,True,15,16,0.0,1.0
L8_02,E8_relax_independent_matched,3,3,swe+ceus+relax,independent,vmag,0.002999999999999999,0.0029897286331979447,0.0029476768433464237,0.0030323803371932797,0.006151901107548668,-0.0034296635120600882,True,15,16,0.0,1.0
L8_02,E8_relax_independent_matched,3,3,swe+ceus+relax,independent,S_v,2.9999999999999977e-05,2.2297047753923503e-05,8.040430600598996e-06,6.183230267589247e-05,0.6572936142075184,-0.29674309967654366,True,15,16,0.0,1.0
L8_02,E8_relax_independent_matched,4,4,swe+ceus+relax,independent,mu,1999.9999999999998,2000.7900510380282,1997.7351965567752,2003.8495768770856,0.0013271960237356344,0.0003949475169751082,True,15,16,0.0,1.0
L8_02,E8_relax_independent_matched,4,4,swe+ceus+relax,independent,eta_s,0.5,0.49988751829091854,0.49471709244225526,0.5051119816973395,0.00451537750520518,-0.00022498872622833677,True,15,16,0.0,1.0
L8_02,E8_relax_independent_matched,4,4,swe+ceus+relax,independent,phi,0.011999999999999999,0.011915313252847656,0.010712604557560042,0.013253050567734565,0.0710366260463927,-0.007082248953625303,True,15,16,0.0,1.0
L8_02,E8_relax_independent_matched,4,4,swe+ceus+relax,independent,k,1.9999999999999983e-12,1.4505186877501327e-12,5.134383494859604e-13,4.097871663888829e-12,0.3006900164984224,-0.32122597240271844,True,15,16,0.0,1.0
L8_02,E8_relax_independent_matched,4,4,swe+ceus+relax,independent,D,2.9999999999999997e-06,2.938850445041466e-06,2.7934925126109534e-06,3.0917720020119013e-06,0.022029974193230016,-0.02059378886787755,True,15,16,0.0,1.0
L8_02,E8_relax_independent_matched,4,4,swe+ceus+relax,independent,vmag,0.002999999999999999,0.002984759917782332,0.0029427004192698475,0.003027420565295081,0.006163352818222016,-0.005092974611831558,True,15,16,0.0,1.0
L8_02,E8_relax_independent_matched,4,4,swe+ceus+relax,independent,S_v,2.9999999999999977e-05,2.3215346745041344e-05,8.364419298795801e-06,6.44339200654483e-05,0.657844598156886,-0.25638382405191784,True,15,16,0.0,1.0
L8_03,E2_ceus,0,0,ceus,independent,phi,0.06,0.030212286008755695,0.008607404467865272,0.10604616400711966,0.8382764085813763,-0.6860958990887225,True,6,9,0.0,1.0
L8_03,E2_ceus,0,0,ceus,independent,k,7.000000000000004e-14,3.162277660168375e-13,9.999999999999987e-15,9.999999999999985e-12,1.0,1.5079674904357532,True,6,9,0.0,1.0
L8_03,E2_ceus,0,0,ceus,independent,D,3.0000000000000015e-07,3.159192937975018e-07,3.009162764665012e-07,3.316703282569789e-07,0.021130470685504554,0.051704306935741684,False,6,9,0.0,1.0
L8_03,E2_ceus,0,0,ceus,independent,vmag,0.002999999999999999,0.0030349049776603855,0.0029904625485681264,0.0030800078830072516,0.006406730099603308,0.011567826509854662,True,6,9,0.0,1.0
L8_03,E2_ceus,0,0,ceus,independent,S_v,0.00015000000000000004,2.2360679774997884e-05,1.4338978448964585e-06,0.0003486998755034075,1.0,-1.9033312448851607,True,6,9,0.0,1.0
L8_03,E2_ceus,1,1,ceus,independent,phi,0.06,0.030007990568724444,0.008549237147045903,0.1053286372204339,0.83827360219845,-0.6928808637346044,True,6,9,0.0,1.0
L8_03,E2_ceus,1,1,ceus,independent,k,7.000000000000004e-14,3.162277660168375e-13,9.999999999999987e-15,9.999999999999985e-12,1.0,1.5079674904357532,True,6,9,0.0,1.0
L8_03,E2_ceus,1,1,ceus,independent,D,3.0000000000000015e-07,2.953384216552054e-07,2.8175345814383815e-07,3.0957839481515327e-07,0.020450694467559254,-0.01566058378681845,True,6,9,0.0,1.0
L8_03,E2_ceus,1,1,ceus,independent,vmag,0.002999999999999999,0.002975440304377842,0.002933487664974837,0.0030179929203799968,0.006166975140058301,-0.008220259150109932,True,6,9,0.0,1.0
L8_03,E2_ceus,1,1,ceus,independent,S_v,0.00015000000000000004,2.2360679774997884e-05,1.4338978448964585e-06,0.0003486998755034075,1.0,-1.9033312448851607,True,6,9,0.0,1.0
L8_03,E2_ceus,2,2,ceus,independent,phi,0.06,0.02998619799667582,0.008543008617742265,0.10525238947183424,0.8382751537499445,-0.6936073532006084,True,6,9,0.0,1.0
L8_03,E2_ceus,2,2,ceus,independent,k,7.000000000000004e-14,3.162277660168375e-13,9.999999999999987e-15,9.999999999999985e-12,1.0,1.5079674904357532,True,6,9,0.0,1.0
L8_03,E2_ceus,2,2,ceus,independent,D,3.0000000000000015e-07,3.0278402672584673e-07,2.8855909042486815e-07,3.1771020176606924e-07,0.020898200005585517,0.009237293619515086,True,6,9,0.0,1.0
L8_03,E2_ceus,2,2,ceus,independent,vmag,0.002999999999999999,0.0030169102595992755,0.0029732590318238203,0.003061202342969857,0.006329645124441415,0.005620926154021433,True,6,9,0.0,1.0
L8_03,E2_ceus,2,2,ceus,independent,S_v,0.00015000000000000004,2.2360679774997884e-05,1.4338978448964585e-06,0.0003486998755034075,1.0,-1.9033312448851607,True,6,9,0.0,1.0
L8_03,E2_ceus,3,3,ceus,independent,phi,0.06,0.030047328483089848,0.008560408745760383,0.10546715417273063,0.8382763880698648,-0.6915708075859528,True,6,9,0.0,1.0
L8_03,E2_ceus,3,3,ceus,independent,k,7.000000000000004e-14,3.162277660168375e-13,9.999999999999987e-15,9.999999999999985e-12,1.0,1.5079674904357532,True,6,9,0.0,1.0
L8_03,E2_ceus,3,3,ceus,independent,D,3.0000000000000015e-07,3.102206167236681e-07,2.9538506367941353e-07,3.2580127729430646e-07,0.021282125720478,0.03350123655876125,True,6,9,0.0,1.0
L8_03,E2_ceus,3,3,ceus,independent,vmag,0.002999999999999999,0.003025493335897402,0.0029808366484947845,0.003070819036723074,0.006458023565088238,0.008461875764654181,True,6,9,0.0,1.0
L8_03,E2_ceus,3,3,ceus,independent,S_v,0.00015000000000000004,2.2360679774997884e-05,1.4338978448964585e-06,0.0003486998755034075,1.0,-1.9033312448851607,True,6,9,0.0,1.0
L8_03,E2_ceus,4,4,ceus,independent,phi,0.06,0.03029114711326269,0.008629897820802075,0.10632264859794646,0.8382743954813906,-0.6834890668778355,True,6,9,0.0,1.0
L8_03,E2_ceus,4,4,ceus,independent,k,7.000000000000004e-14,3.162277660168375e-13,9.999999999999987e-15,9.999999999999985e-12,1.0,1.5079674904357532,True,6,9,0.0,1.0
L8_03,E2_ceus,4,4,ceus,independent,D,3.0000000000000015e-07,3.069941338468845e-07,2.9264737933401377e-07,3.220442241132514e-07,0.02078543755541232,0.023046164757831278,True,6,9,0.0,1.0
L8_03,E2_ceus,4,4,ceus,independent,vmag,0.002999999999999999,0.0029877099947849483,0.0029450887760710358,0.0030309480262412872,0.006240049345912784,-0.004105082739381594,True,6,9,0.0,1.0
L8_03,E2_ceus,4,4,ceus,independent,S_v,0.00015000000000000004,2.2360679774997884e-05,1.4338978448964585e-06,0.0003486998755034075,1.0,-1.9033312448851607,True,6,9,0.0,1.0
L8_03,E2_ceus_Acal,0,0,ceus,independent,phi,0.06,0.06124780545538973,0.05533269906248271,0.06779524108999702,0.06780578056541851,0.020583457261091453,True,6,9,0.0,1.0
L8_03,E2_ceus_Acal,0,0,ceus,independent,k,7.000000000000004e-14,3.162277660168375e-13,9.999999999999987e-15,9.999999999999985e-12,1.0,1.5079674904357532,True,6,9,0.0,1.0
L8_03,E2_ceus_Acal,0,0,ceus,independent,D,3.0000000000000015e-07,3.157671104053389e-07,3.0077256757284654e-07,3.3150918256395907e-07,0.021128669661793092,0.05122247483014419,False,6,9,0.0,1.0
L8_03,E2_ceus_Acal,0,0,ceus,independent,vmag,0.002999999999999999,0.0030346138744603824,0.0029901817610723798,0.0030797062195191903,0.0064058509806401934,0.011471903519146842,True,6,9,0.0,1.0
L8_03,E2_ceus_Acal,0,0,ceus,independent,S_v,0.00015000000000000004,2.2360679774997884e-05,1.4338978448964585e-06,0.0003486998755034075,1.0,-1.9033312448851607,True,6,9,0.0,1.0
L8_03,E2_ceus_Acal,1,1,ceus,independent,phi,0.06,0.059874769516588364,0.05412387467743458,0.06623672170609098,0.06741577829089426,-0.0020893559082280078,True,6,9,0.0,1.0
L8_03,E2_ceus_Acal,1,1,ceus,independent,k,7.000000000000004e-14,3.1622776601683635e-13,9.999999999999916e-15,9.99999999999995e-12,1.0,1.5079674904357496,True,6,9,0.0,1.0
L8_03,E2_ceus_Acal,1,1,ceus,independent,D,3.0000000000000015e-07,2.952144367106086e-07,2.8163630235186543e-07,3.0944719453630007e-07,0.020448957974715264,-0.016080478279452137,True,6,9,0.0,1.0
L8_03,E2_ceus_Acal,1,1,ceus,independent,vmag,0.002999999999999999,0.002975200818688121,0.002933256779477165,0.0030177446357424757,0.006166201749802115,-0.00830074986863849,True,6,9,0.0,1.0
L8_03,E2_ceus_Acal,1,1,ceus,independent,S_v,0.00015000000000000004,2.2360679775037725e-05,1.4338978448990132e-06,0.0003486998755040288,1.0,-1.903331244883379,True,6,9,0.0,1.0
L8_03,E2_ceus_Acal,2,2,ceus,independent,phi,0.06,0.0597276694299674,0.05397344678571071,0.06609536184892897,0.06763166990839355,-0.004549174655876342,True,6,9,0.0,1.0
L8_03,E2_ceus_Acal,2,2,ceus,independent,k,7.000000000000004e-14,3.162277660168375e-13,9.999999999999987e-15,9.999999999999985e-12,1.0,1.5079674904357532,True,6,9,0.0,1.0
L8_03,E2_ceus_Acal,2,2,ceus,independent,D,3.0000000000000015e-07,3.0264728255523546e-07,2.8842998386455455e-07,3.1756538072366744e-07,0.02089637310590151,0.008785568805022237,True,6,9,0.0,1.0
L8_03,E2_ceus_Acal,2,2,ceus,independent,vmag,0.002999999999999999,0.00301664596600556,0.0029730042815394203,0.0030609282807711143,0.006328809654381758,0.005533318254467012,True,6,9,0.0,1.0
L8_03,E2_ceus_Acal,2,2,ceus,independent,S_v,0.00015000000000000004,2.2360679774997884e-05,1.4338978448964585e-06,0.0003486998755034075,1.0,-1.9033312448851607,True,6,9,0.0,1.0
L8_03,E2_ceus_Acal,3,3,ceus,independent,phi,0.06,0.06013639745732283,0.05432885292491371,0.06656474606859826,0.06780300551130157,0.0022707109388422353,True,6,9,0.0,1.0
L8_03,E2_ceus_Acal,3,3,ceus,independent,k,7.000000000000004e-14,3.162277660168375e-13,9.999999999999987e-15,9.999999999999985e-12,1.0,1.5079674904357532,True,6,9,0.0,1.0
L8_03,E2_ceus_Acal,3,3,ceus,independent,D,3.0000000000000015e-07,3.100838606991926e-07,2.9525621809266864e-07,3.256561412567378e-07,0.02128010996907738,0.033060304623981907,True,6,9,0.0,1.0
L8_03,E2_ceus_Acal,3,3,ceus,independent,vmag,0.002999999999999999,0.0030252364395678497,0.002980589135686191,0.0030705525312807575,0.006457208811634969,0.008376961600829347,True,6,9,0.0,1.0
L8_03,E2_ceus_Acal,3,3,ceus,independent,S_v,0.00015000000000000004,2.2360679774997884e-05,1.4338978448964585e-06,0.0003486998755034075,1.0,-1.9033312448851607,True,6,9,0.0,1.0
L8_03,E2_ceus_Acal,4,4,ceus,independent,phi,0.06,0.061787282308075335,0.05584345869551945,0.06836375010067394,0.0675261673804839,0.029352993169089014,True,6,9,0.0,1.0
L8_03,E2_ceus_Acal,4,4,ceus,independent,k,7.000000000000004e-14,3.162277660168375e-13,9.999999999999987e-15,9.999999999999985e-12,1.0,1.5079674904357532,True,6,9,0.0,1.0
L8_03,E2_ceus_Acal,4,4,ceus,independent,D,3.0000000000000015e-07,3.068599715142406e-07,2.925208666749786e-07,3.219019661333958e-07,0.020783388916085107,0.022609050031030975,True,6,9,0.0,1.0
L8_03,E2_ceus_Acal,4,4,ceus,independent,vmag,0.002999999999999999,0.0029874637967595738,0.0029448516703467226,0.003030692522417714,0.006239226406380421,-0.004187489723380011,True,6,9,0.0,1.0
L8_03,E2_ceus_Acal,4,4,ceus,independent,S_v,0.00015000000000000004,2.2360679774997884e-05,1.4338978448964585e-06,0.0003486998755034075,1.0,-1.9033312448851607,True,6,9,0.0,1.0
L8_03,E3_joint_independent,0,0,swe+ceus,independent,mu,1999.9999999999998,2012.3615720745563,1998.9979938148335,2025.81448770453,0.005787314422742269,0.0061617633225719,True,11,13,0.0,1.0
L8_03,E3_joint_independent,0,0,swe+ceus,independent,eta_s,4.0,4.027544304504441,3.9628657662539744,4.093278471069608,0.007030964749573475,0.006862475386285372,True,11,13,0.0,1.0
L8_03,E3_joint_independent,0,0,swe+ceus,independent,phi,0.06,0.060187588953985426,0.05438846440962185,0.06660504030433786,0.06763894645549788,0.0031216052829883267,True,11,13,0.0,1.0
L8_03,E3_joint_independent,0,0,swe+ceus,independent,k,7.000000000000004e-14,3.0564221972709404e-13,9.676263443112044e-15,9.65426034842024e-12,0.9996704408413196,1.4739199592579268,True,11,13,0.0,1.0
L8_03,E3_joint_independent,0,0,swe+ceus,independent,D,3.0000000000000015e-07,3.0255283240897463e-07,2.8830444402078617e-07,3.1750539506804614e-07,0.020949886222618147,0.008473440156357981,True,11,13,0.0,1.0
L8_03,E3_joint_independent,0,0,swe+ceus,independent,vmag,0.002999999999999999,0.002999071501792478,0.0029558486747543245,0.003042926368215167,0.00630462353045647,-0.0003095473073315702,True,11,13,0.0,1.0
L8_03,E3_joint_independent,0,0,swe+ceus,independent,S_v,0.00015000000000000004,2.2360679774997884e-05,1.4338978448964585e-06,0.0003486998755034075,1.0,-1.9033312448851607,True,11,13,0.0,1.0
L8_03,E3_joint_independent,1,1,swe+ceus,independent,mu,1999.9999999999998,2001.8055941569025,1988.6222956821211,2015.0762894988784,0.0057391886478516535,0.0009023898022757493,True,11,13,0.0,1.0
L8_03,E3_joint_independent,1,1,swe+ceus,independent,eta_s,4.0,3.9638459180064225,3.9004401316105057,4.028282432631162,0.007003148071624162,-0.009079615738996738,True,11,13,0.0,1.0
L8_03,E3_joint_independent,1,1,swe+ceus,independent,phi,0.06,0.06048128966958935,0.05465735760033086,0.06692578201172741,0.0675963066413135,0.007989493323766084,True,11,13,0.0,1.0
L8_03,E3_joint_independent,1,1,swe+ceus,independent,k,7.000000000000004e-14,3.0530167512380515e-13,9.666090455480804e-15,9.64289681155949e-12,0.99965222148369,1.4728051444887527,True,11,13,0.0,1.0
L8_03,E3_joint_independent,1,1,swe+ceus,independent,D,3.0000000000000015e-07,3.02848232499404e-07,2.8869316939590223e-07,3.176973397740353e-07,0.020788534943082807,0.009449322529203386,True,11,13,0.0,1.0
L8_03,E3_joint_independent,1,1,swe+ceus,independent,vmag,0.002999999999999999,0.0030212547934762783,0.0029777960503089332,0.0030653477850359832,0.006292402919631974,0.007059950953288485,True,11,13,0.0,1.0
L8_03,E3_joint_independent,1,1,swe+ceus,independent,S_v,0.00015000000000000004,2.2360679774997884e-05,1.4338978448964585e-06,0.0003486998755034075,1.0,-1.9033312448851607,True,11,13,0.0,1.0
L8_03,E3_joint_independent,2,2,swe+ceus,independent,mu,1999.9999999999998,2008.2566284931652,1994.8657384944388,2021.7374072154773,0.005811075248689112,0.00411981613787038,True,11,13,0.0,1.0
L8_03,E3_joint_independent,2,2,swe+ceus,independent,eta_s,4.0,4.010530646392982,3.9456981517040925,4.076428415769894,0.007077980945430642,0.0026292022149603245,True,11,13,0.0,1.0
L8_03,E3_joint_independent,2,2,swe+ceus,independent,phi,0.06,0.05978715744833033,0.054031931491427765,0.06615540287169894,0.06757325057421835,-0.00355368271852452,True,11,13,0.0,1.0
L8_03,E3_joint_independent,2,2,swe+ceus,independent,k,7.000000000000004e-14,3.1364200992716397e-13,9.928357492874899e-15,9.908115260932895e-12,0.9997045478533612,1.4997569976819491,True,11,13,0.0,1.0
L8_03,E3_joint_independent,2,2,swe+ceus,independent,D,3.0000000000000015e-07,3.0224444244992797e-07,2.879672349938912e-07,3.172295035364204e-07,0.02101524757066459,0.007453627407214114,True,11,13,0.0,1.0
L8_03,E3_joint_independent,2,2,swe+ceus,independent,vmag,0.002999999999999999,0.003007317413222402,0.0029640997684380107,0.0030511651868710766,0.006286451541197225,0.002436167872639672,True,11,13,0.0,1.0
L8_03,E3_joint_independent,2,2,swe+ceus,independent,S_v,0.00015000000000000004,2.2360679774997884e-05,1.4338978448964585e-06,0.0003486998755034075,1.0,-1.9033312448851607,True,11,13,0.0,1.0
L8_03,E3_joint_independent,3,3,swe+ceus,independent,mu,1999.9999999999998,1985.477628637551,1972.1527558438295,1998.8925310876684,0.005848894445366972,-0.007287676403907817,False,11,13,0.0,1.0
L8_03,E3_joint_independent,3,3,swe+ceus,independent,eta_s,4.0,4.029569811768311,3.9644921108759155,4.095715772360813,0.007071126302460796,0.007365262681416018,True,11,13,0.0,1.0
L8_03,E3_joint_independent,3,3,swe+ceus,independent,phi,0.06,0.05852904098108,0.05292009662166798,0.06473247134553266,0.06725560486405756,-0.024821504136413264,True,11,13,0.0,1.0
L8_03,E3_joint_independent,3,3,swe+ceus,independent,k,7.000000000000004e-14,3.5612452536629676e-13,1.127764271324059e-14,1.124567259241781e-11,0.9995890345568481,1.626785217995053,True,11,13,0.0,1.0
L8_03,E3_joint_independent,3,3,swe+ceus,independent,D,3.0000000000000015e-07,2.844309995110425e-07,2.713596675202799e-07,2.9813197451977483e-07,0.020431628977115646,-0.053291782979940194,False,11,13,0.0,1.0
L8_03,E3_joint_independent,3,3,swe+ceus,independent,vmag,0.002999999999999999,0.002969949345798546,0.002928956565777498,0.0030115158482275964,0.006036110768262111,-0.010067391285629057,True,11,13,0.0,1.0
L8_03,E3_joint_independent,3,3,swe+ceus,independent,S_v,0.00015000000000000004,2.2360679774997884e-05,1.4338978448964585e-06,0.0003486998755034075,1.0,-1.9033312448851607,True,11,13,0.0,1.0
L8_03,E3_joint_independent,4,4,swe+ceus,independent,mu,1999.9999999999998,1985.398186322206,1972.2358628288052,1998.6483526355298,0.005777538263941155,-0.007327688894379847,False,11,13,0.0,1.0
L8_03,E3_joint_independent,4,4,swe+ceus,independent,eta_s,4.0,4.009551653030004,3.945532677524407,4.074609380349302,0.006990168016386066,0.002385066723255891,True,11,13,0.0,1.0
L8_03,E3_joint_independent,4,4,swe+ceus,independent,phi,0.06,0.05893546866471977,0.053277396986985796,0.0651944288415333,0.06738314039567132,-0.01790146834442785,True,11,13,0.0,1.0
L8_03,E3_joint_independent,4,4,swe+ceus,independent,k,7.000000000000004e-14,3.218436511823847e-13,1.0191434478199907e-14,1.0163764093070464e-11,0.9996064198560398,1.5255706302406757,True,11,13,0.0,1.0
L8_03,E3_joint_independent,4,4,swe+ceus,independent,D,3.0000000000000015e-07,2.889695176423946e-07,2.7560209364295013e-07,3.029852967469075e-07,0.020569520589974633,-0.03746126739251032,True,11,13,0.0,1.0
L8_03,E3_joint_independent,4,4,swe+ceus,independent,vmag,0.002999999999999999,0.0029599832596302685,0.0029184732588160944,0.0030020836650891955,0.0061335365452656375,-0.013428675878447649,True,11,13,0.0,1.0
L8_03,E3_joint_independent,4,4,swe+ceus,independent,S_v,0.00015000000000000004,2.2360679775037725e-05,1.4338978448990132e-06,0.0003486998755040288,1.0,-1.903331244883379,True,11,13,0.0,1.0
L8_03,E4_joint_constitutive_Cvcal,0,0,swe+ceus,constitutive,mu,1999.9999999999998,2012.361575441331,1998.9979967392424,2025.8144915194544,0.005787314605240743,0.0061617649956184906,True,11,13,0.0,1.0
L8_03,E4_joint_constitutive_Cvcal,0,0,swe+ceus,constitutive,eta_s,4.0,4.027544323024936,3.9628657818420185,4.093278492614124,0.007030965038349032,0.0068624799847438744,True,11,13,0.0,1.0
L8_03,E4_joint_constitutive_Cvcal,0,0,swe+ceus,constitutive,phi,0.06,0.06018758732347552,0.05438846293630553,0.0666050384998628,0.06763894645436107,0.00312157819252068,True,11,13,0.0,1.0
L8_03,E4_joint_constitutive_Cvcal,0,0,swe+ceus,constitutive,k,7.000000000000004e-14,3.056449369522764e-13,9.676349648498105e-15,9.654345995967688e-12,0.9996704354159962,1.4739288494338538,True,11,13,0.0,1.0
L8_03,E4_joint_constitutive_Cvcal,0,0,swe+ceus,constitutive,D,3.0000000000000015e-07,3.0255283205533044e-07,2.8830444368123935e-07,3.175053946997404e-07,0.020949886226469677,0.008473438987490312,True,11,13,0.0,1.0
L8_03,E4_joint_constitutive_Cvcal,0,0,swe+ceus,constitutive,vmag,0.002999999999999999,0.0029990715011752912,0.002955848674150737,0.0030429263675841116,0.006304623529765275,-0.0003095475131242864,True,11,13,0.0,1.0
L8_03,E4_joint_constitutive_Cvcal,0,0,swe+ceus,constitutive,S_v,0.00015000000000000001,0.00015046896830868897,9.906989984200958e-05,0.00022853470589944617,0.2693246610483348,0.003121578192521568,True,11,13,0.0,1.0
L8_03,E4_joint_constitutive_Cvcal,0,0,swe+ceus,constitutive,C_v,0.0025000000000000005,0.0025000000000000005,0.0016666666666666668,0.003750000000000002,1.0,0.0,True,11,13,0.0,1.0
L8_03,E4_joint_constitutive_Cvcal,1,1,swe+ceus,constitutive,mu,1999.9999999999998,2001.805596332312,1988.6222975294063,2015.0762920066811,0.0057391887849115135,0.0009023908889993493,True,11,13,0.0,1.0
L8_03,E4_joint_constitutive_Cvcal,1,1,swe+ceus,constitutive,eta_s,4.0,3.96384592540627,3.9004401369714823,4.028282442134752,0.007003148285462526,-0.009079613872161385,True,11,13,0.0,1.0
L8_03,E4_joint_constitutive_Cvcal,1,1,swe+ceus,constitutive,phi,0.06,0.060481289274978534,0.05465735724358642,0.06692578157523098,0.06759630664292487,0.007989486799255374,True,11,13,0.0,1.0
L8_03,E4_joint_constitutive_Cvcal,1,1,swe+ceus,constitutive,k,7.000000000000004e-14,3.053046405985047e-13,9.666184559090455e-15,9.642990261687339e-12,0.9996522150631452,1.4728148577020725,True,11,13,0.0,1.0
L8_03,E4_joint_constitutive_Cvcal,1,1,swe+ceus,constitutive,D,3.0000000000000015e-07,3.0284823266225724e-07,2.8869316955050215e-07,3.1769733994557944e-07,0.02078853494404811,0.009449323066942128,True,11,13,0.0,1.0
L8_03,E4_joint_constitutive_Cvcal,1,1,swe+ceus,constitutive,vmag,0.002999999999999999,0.003021254793884487,0.002977796050702976,0.0030653477854586876,0.006292402920841808,0.007059951088400851,True,11,13,0.0,1.0
L8_03,E4_joint_constitutive_Cvcal,1,1,swe+ceus,constitutive,S_v,0.00015000000000000001,0.00015120322318744637,9.955487970628633e-05,0.00022964634952825006,0.26931468644224615,0.007989486799255374,True,11,13,0.0,1.0
L8_03,E4_joint_constitutive_Cvcal,1,1,swe+ceus,constitutive,C_v,0.0025000000000000005,0.0025000000000000005,0.0016666666666666668,0.003750000000000002,1.0,0.0,True,11,13,0.0,1.0
L8_03,E4_joint_constitutive_Cvcal,2,2,swe+ceus,constitutive,mu,1999.9999999999998,2008.2566284931652,1994.8657384944388,2021.7374072154773,0.005811075248689112,0.00411981613787038,True,11,13,0.0,1.0
L8_03,E4_joint_constitutive_Cvcal,2,2,swe+ceus,constitutive,eta_s,4.0,4.010530646392982,3.9456981517040925,4.076428415769894,0.007077980945430642,0.0026292022149603245,True,11,13,0.0,1.0
L8_03,E4_joint_constitutive_Cvcal,2,2,swe+ceus,constitutive,phi,0.06,0.05978715744833033,0.054031931491427765,0.06615540287169894,0.06757325057421835,-0.00355368271852452,True,11,13,0.0,1.0
L8_03,E4_joint_constitutive_Cvcal,2,2,swe+ceus,constitutive,k,7.000000000000004e-14,3.1364200992716397e-13,9.928357492874899e-15,9.908115260932895e-12,0.9997045478533612,1.4997569976819491,True,11,13,0.0,1.0
L8_03,E4_joint_constitutive_Cvcal,2,2,swe+ceus,constitutive,D,3.0000000000000015e-07,3.0224444244992797e-07,2.879672349938912e-07,3.172295035364204e-07,0.02101524757066459,0.007453627407214114,True,11,13,0.0,1.0
L8_03,E4_joint_constitutive_Cvcal,2,2,swe+ceus,constitutive,vmag,0.002999999999999999,0.003007317413222402,0.0029640997684380107,0.0030511651868710766,0.006286451541197225,0.002436167872639672,True,11,13,0.0,1.0
L8_03,E4_joint_constitutive_Cvcal,2,2,swe+ceus,constitutive,S_v,0.00015000000000000001,0.000149467893620826,9.841313126875911e-05,0.00022700884460668023,0.2693092954699735,-0.003553682718523632,True,11,13,0.0,1.0
L8_03,E4_joint_constitutive_Cvcal,2,2,swe+ceus,constitutive,C_v,0.0025000000000000005,0.0025000000000000005,0.0016666666666666668,0.003750000000000002,1.0,0.0,True,11,13,0.0,1.0
L8_03,E4_joint_constitutive_Cvcal,3,3,swe+ceus,constitutive,mu,1999.9999999999998,1985.47762341779,1972.1527509507357,1998.8925255370493,0.005848894316922767,-0.007287679032877747,False,11,13,0.0,1.0
L8_03,E4_joint_constitutive_Cvcal,3,3,swe+ceus,constitutive,eta_s,4.0,4.029569796927525,3.96449209844364,4.095715755035796,0.007071126064873934,0.007365258998445867,True,11,13,0.0,1.0
L8_03,E4_joint_constitutive_Cvcal,3,3,swe+ceus,constitutive,phi,0.06,0.05852903906736816,0.05292009489125347,0.06473246922910739,0.06725560486528316,-0.024821536833205204,True,11,13,0.0,1.0
L8_03,E4_joint_constitutive_Cvcal,3,3,swe+ceus,constitutive,k,7.000000000000004e-14,3.5612984933908903e-13,1.1277811810895267e-14,1.1245840214123478e-11,0.9995890217280382,1.6268001676337818,True,11,13,0.0,1.0
L8_03,E4_joint_constitutive_Cvcal,3,3,swe+ceus,constitutive,D,3.0000000000000015e-07,2.8443099989839113e-07,2.7135966789234463e-07,2.9813197492301646e-07,0.02043162897308703,-0.05329178161810333,False,11,13,0.0,1.0
L8_03,E4_joint_constitutive_Cvcal,3,3,swe+ceus,constitutive,vmag,0.002999999999999999,0.0029699493466864312,0.0029289565666465677,0.0030115158491346543,0.006036110769234942,-0.010067390986672642,True,11,13,0.0,1.0
L8_03,E4_joint_constitutive_Cvcal,3,3,swe+ceus,constitutive,S_v,0.00015000000000000001,0.0001463225976684205,9.635327343495114e-05,0.0002222062813765089,0.26923519979048005,-0.02482153683320476,True,11,13,0.0,1.0
L8_03,E4_joint_constitutive_Cvcal,3,3,swe+ceus,constitutive,C_v,0.0025000000000000005,0.0025000000000000005,0.0016666666666666668,0.003750000000000002,1.0,0.0,True,11,13,0.0,1.0
L8_03,E4_joint_constitutive_Cvcal,4,4,swe+ceus,constitutive,mu,1999.9999999999998,1985.398186322206,1972.2358628288052,1998.6483526355298,0.005777538263941155,-0.007327688894379847,False,11,13,0.0,1.0
L8_03,E4_joint_constitutive_Cvcal,4,4,swe+ceus,constitutive,eta_s,4.0,4.009551653030004,3.945532677524407,4.074609380349302,0.006990168016386066,0.002385066723255891,True,11,13,0.0,1.0
L8_03,E4_joint_constitutive_Cvcal,4,4,swe+ceus,constitutive,phi,0.06,0.05893546866471977,0.053277396986985796,0.0651944288415333,0.06738314039567132,-0.01790146834442785,True,11,13,0.0,1.0
L8_03,E4_joint_constitutive_Cvcal,4,4,swe+ceus,constitutive,k,7.000000000000004e-14,3.218436511823847e-13,1.0191434478199907e-14,1.0163764093070464e-11,0.9996064198560398,1.5255706302406757,True,11,13,0.0,1.0
L8_03,E4_joint_constitutive_Cvcal,4,4,swe+ceus,constitutive,D,3.0000000000000015e-07,2.889695176423946e-07,2.7560209364295013e-07,3.029852967469075e-07,0.020569520589974633,-0.03746126739251032,True,11,13,0.0,1.0
L8_03,E4_joint_constitutive_Cvcal,4,4,swe+ceus,constitutive,vmag,0.002999999999999999,0.0029599832596302685,0.0029184732588160944,0.0030020836650891955,0.0061335365452656375,-0.013428675878447649,True,11,13,0.0,1.0
L8_03,E4_joint_constitutive_Cvcal,4,4,swe+ceus,constitutive,S_v,0.00015000000000000001,0.0001473386716617994,9.701788411292092e-05,0.00022375961262767173,0.26926490988871166,-0.017901468344428295,True,11,13,0.0,1.0
L8_03,E4_joint_constitutive_Cvcal,4,4,swe+ceus,constitutive,C_v,0.0025000000000000005,0.0025000000000000005,0.0016666666666666668,0.003750000000000002,1.0,0.0,True,11,13,0.0,1.0
L8_03,E5_joint_network,0,0,swe+ceus,network,mu,1999.9999999999998,2011.9676595092608,1998.5930967678507,2025.4317246755584,0.005793225119330927,0.005965997745808416,True,11,13,0.0,1.0
L8_03,E5_joint_network,0,0,swe+ceus,network,eta_s,4.0,4.025287610947901,3.960507491736369,4.091127307462043,0.007046077458314547,0.006302003333892525,True,11,13,0.0,1.0
L8_03,E5_joint_network,0,0,swe+ceus,network,phi,0.06,0.05991790171273804,0.05415384319180583,0.06629547847493439,0.06752697985982312,-0.0013692417715125416,True,11,13,0.0,1.0
L8_03,E5_joint_network,0,0,swe+ceus,network,k,7.000000000000004e-14,2.6899144595166224e-12,5.066704717800228e-13,1.4280760775532315e-11,0.4833419164391412,3.6487694306047125,False,11,13,0.0,1.0
L8_03,E5_joint_network,0,0,swe+ceus,network,D,3.0000000000000015e-07,3.0224948884903575e-07,2.880206035130963e-07,3.1718131409772377e-07,0.020942019009059235,0.0074703236843696175,True,11,13,0.0,1.0
L8_03,E5_joint_network,0,0,swe+ceus,network,vmag,0.002999999999999999,0.0029983697720010996,0.002955176685024754,0.0030421941724187024,0.006301739172108455,-0.0005435570333283124,True,11,13,0.0,1.0
L8_03,E5_joint_network,0,0,swe+ceus,network,S_v,0.00015000000000000001,5.991790171273805e-05,5.978500319536895e-06,0.0006005109565563152,0.8390546557613799,-0.9176599736456676,True,11,13,0.0,1.0
L8_03,E5_joint_network,0,0,swe+ceus,network,C_v,0.0025000000000000005,0.0010000000000000002,0.00010000000000000009,0.009999999999999995,1.0,-0.9162907318741551,True,11,13,0.0,1.0
L8_03,E5_joint_network,1,1,swe+ceus,network,mu,1999.9999999999998,2001.428837286413,1988.2339826182579,2014.7112592083402,0.005745321069861395,0.00071416356768772,True,11,13,0.0,1.0
L8_03,E5_joint_network,1,1,swe+ceus,network,eta_s,4.0,3.9616879194207035,3.8981730308704625,4.0262376879097275,0.007019148618707501,-0.00962418439098034,True,11,13,0.0,1.0
L8_03,E5_joint_network,1,1,swe+ceus,network,phi,0.06,0.060207328590772165,0.0544189053573027,0.06661145409369702,0.06748431076198794,0.0034495200715221053,True,11,13,0.0,1.0
L8_03,E5_joint_network,1,1,swe+ceus,network,k,7.000000000000004e-14,2.7138647028340248e-12,5.115350434208547e-13,1.4397961039062106e-11,0.48314186767039347,3.6576337455309833,False,11,13,0.0,1.0
L8_03,E5_joint_network,1,1,swe+ceus,network,D,3.0000000000000015e-07,3.025441733647481e-07,2.8840839171064033e-07,3.1737279312175374e-07,0.02078090062732596,0.008444819805754733,True,11,13,0.0,1.0
L8_03,E5_joint_network,1,1,swe+ceus,network,vmag,0.002999999999999999,0.003020557926198118,0.002977128837691381,0.0030646205397658623,0.0062895392452880505,0.006829269429850626,True,11,13,0.0,1.0
L8_03,E5_joint_network,1,1,swe+ceus,network,S_v,0.00015000000000000001,6.020732859077221e-05,6.007395656393178e-06,0.000603409967209253,0.8390536350064499,-0.9128412118026326,True,11,13,0.0,1.0
L8_03,E5_joint_network,1,1,swe+ceus,network,C_v,0.0025000000000000005,0.0010000000000000002,0.00010000000000000009,0.009999999999999995,1.0,-0.9162907318741551,True,11,13,0.0,1.0
L8_03,E5_joint_network,2,2,swe+ceus,network,mu,1999.9999999999998,2007.8122654171636,1994.4053595772223,2021.3092959267653,0.005819340726439775,0.003898523580619262,True,11,13,0.0,1.0
L8_03,E5_joint_network,2,2,swe+ceus,network,eta_s,4.0,4.007971052448062,3.943014152762397,4.0739980469021715,0.007096240280272612,0.001990780193492858,True,11,13,0.0,1.0
L8_03,E5_joint_network,2,2,swe+ceus,network,phi,0.06,0.059547162355320565,0.05382399159663825,0.06587888485015993,0.06746219338104514,-0.007575919020128996,True,11,13,0.0,1.0
L8_03,E5_joint_network,2,2,swe+ceus,network,k,7.000000000000004e-14,2.8190194164390776e-12,5.307386811988811e-13,1.4973226470528588e-11,0.4834782174666657,3.6956491367455655,False,11,13,0.0,1.0
L8_03,E5_joint_network,2,2,swe+ceus,network,D,3.0000000000000015e-07,3.019619438127351e-07,2.8770345585665503e-07,3.1692707770808037e-07,0.021007133771675277,0.006518520913138204,True,11,13,0.0,1.0
L8_03,E5_joint_network,2,2,swe+ceus,network,vmag,0.002999999999999999,0.0030066740624525154,0.0029634848591805906,0.003050492696063349,0.006283638381477757,0.0022222165310248343,True,11,13,0.0,1.0
L8_03,E5_joint_network,2,2,swe+ceus,network,S_v,0.00015000000000000001,5.954716235532055e-05,5.941533904993067e-06,0.0005967927813373376,0.8390531061550305,-0.9238666508942845,True,11,13,0.0,1.0
L8_03,E5_joint_network,2,2,swe+ceus,network,C_v,0.0025000000000000005,0.0010000000000000002,0.00010000000000000009,0.009999999999999995,1.0,-0.9162907318741551,True,11,13,0.0,1.0
L8_03,E5_joint_network,3,3,swe+ceus,network,mu,1999.9999999999998,1984.9097415146064,1971.559085408226,1998.3508032394586,0.0058619324830342925,-0.007573737724315244,False,11,13,0.0,1.0
L8_03,E5_joint_network,3,3,swe+ceus,network,eta_s,4.0,4.026275833650634,3.9609906470423146,4.0926370529917415,0.007099707464801799,0.00654747682844925,True,11,13,0.0,1.0
L8_03,E5_joint_network,3,3,swe+ceus,network,phi,0.06,0.05844266316396553,0.05285091461631067,0.06462603159269906,0.0671429417006284,-0.026298405468178743,True,11,13,0.0,1.0
L8_03,E5_joint_network,3,3,swe+ceus,network,k,7.000000000000004e-14,3.681169641961549e-12,6.988371000125043e-13,1.9390799275906862e-11,0.48107325264598705,3.9624905761035336,False,11,13,0.0,1.0
L8_03,E5_joint_network,3,3,swe+ceus,network,D,3.0000000000000015e-07,2.842819440728858e-07,2.712225861343652e-07,2.9797010963468426e-07,0.020423424028220363,-0.05381596813609413,False,11,13,0.0,1.0
L8_03,E5_joint_network,3,3,swe+ceus,network,vmag,0.002999999999999999,0.0029695631764239242,0.0029285903936426766,0.003011109193663798,0.006033935704937059,-0.01019742531576906,True,11,13,0.0,1.0
L8_03,E5_joint_network,3,3,swe+ceus,network,S_v,0.00015000000000000001,5.8442663163965596e-05,5.831450465334928e-06,0.0005857110333013127,0.8390454917624317,-0.942589137342333,True,11,13,0.0,1.0
L8_03,E5_joint_network,3,3,swe+ceus,network,C_v,0.0025000000000000005,0.0010000000000000002,0.00010000000000000009,0.009999999999999995,1.0,-0.9162907318741551,True,11,13,0.0,1.0
L8_03,E5_joint_network,4,4,swe+ceus,network,mu,1999.9999999999998,1985.0050320452453,1971.8291559895904,1998.268950064022,0.005784656261247251,-0.007525731388616563,False,11,13,0.0,1.0
L8_03,E5_joint_network,4,4,swe+ceus,network,eta_s,4.0,4.007299123463021,3.943156560899118,4.072485080644591,0.007007740561577698,0.0018231179757837168,True,11,13,0.0,1.0
L8_03,E5_joint_network,4,4,swe+ceus,network,phi,0.06,0.05873004761454076,0.05310052043997906,0.0649563971167659,0.06727220041022504,-0.021393081951737614,True,11,13,0.0,1.0
L8_03,E5_joint_network,4,4,swe+ceus,network,k,7.000000000000004e-14,2.8733931623231453e-12,5.424618461825697e-13,1.5220219308302568e-11,0.48268390418391965,3.7147536548777182,False,11,13,0.0,1.0
L8_03,E5_joint_network,4,4,swe+ceus,network,D,3.0000000000000015e-07,2.8872711631841973e-07,2.7537592000052383e-07,3.027256257460409e-07,0.020561612240363875,-0.03830046680601207,True,11,13,0.0,1.0
L8_03,E5_joint_network,4,4,swe+ceus,network,vmag,0.002999999999999999,0.002959406951654202,0.0029179226344345733,0.0030014810544133335,0.006130916769045211,-0.013623394576596226,True,11,13,0.0,1.0
L8_03,E5_joint_network,4,4,swe+ceus,network,S_v,0.00015000000000000001,5.873004761454072e-05,5.860076333765979e-06,0.0005885961711678898,0.8390485703366685,-0.9376838138258936,True,11,13,0.0,1.0
L8_03,E5_joint_network,4,4,swe+ceus,network,C_v,0.0025000000000000005,0.0010000000000000002,0.00010000000000000009,0.009999999999999995,1.0,-0.9162907318741551,True,11,13,0.0,1.0
L8_03,E8_relax_constitutive_Cvcal,0,0,swe+ceus+relax,constitutive,mu,1999.9999999999998,2012.3897402665718,1999.026507266565,2025.842304746458,0.005787083127589262,0.006175760804567609,True,14,16,1.420021263616687e-12,0.9999999999992901
L8_03,E8_relax_constitutive_Cvcal,0,0,swe+ceus+relax,constitutive,eta_s,4.0,4.027704864317626,3.9630304854168936,4.093434691896229,0.007030226378619493,0.006902340028543286,True,14,16,1.420021263616687e-12,0.9999999999992901
L8_03,E8_relax_constitutive_Cvcal,0,0,swe+ceus+relax,constitutive,phi,0.06,0.06031718886177429,0.0545168287408579,0.0667346827798938,0.06750114588995242,0.005272556641185311,True,14,16,1.420021263616687e-12,0.9999999999992901
L8_03,E8_relax_constitutive_Cvcal,0,0,swe+ceus+relax,constitutive,k,7.000000000000004e-14,1.3278259841339607e-13,1.1361467117345104e-14,1.5518434599433317e-12,0.7118044981370949,0.6402179503632972,True,14,16,1.420021263616687e-12,0.9999999999992901
L8_03,E8_relax_constitutive_Cvcal,0,0,swe+ceus+relax,constitutive,D,3.0000000000000015e-07,3.0264410424140696e-07,2.883943227038176e-07,3.1759797825892205e-07,0.02094551125139377,0.008775067040424744,True,14,16,1.420021263616687e-12,0.9999999999992901
L8_03,E8_relax_constitutive_Cvcal,0,0,swe+ceus+relax,constitutive,vmag,0.002999999999999999,0.0029992482876895752,0.0029560238645134312,0.00304310475947038,0.0063044837062742115,-0.00025060216824179804,True,14,16,1.420021263616687e-12,0.9999999999992901
L8_03,E8_relax_constitutive_Cvcal,0,0,swe+ceus+relax,constitutive,S_v,0.00015000000000000001,0.00015607983239105053,0.0001042951539209681,0.0002335766635684572,0.2597946131162974,0.03973232835238072,True,14,16,1.420021263616687e-12,0.9999999999992901
L8_03,E8_relax_constitutive_Cvcal,0,0,swe+ceus+relax,constitutive,C_v,0.0025000000000000005,0.002587650972075811,0.0017485296782057446,0.0038294674873096415,0.9667299228620533,0.03445977171119541,True,14,16,1.420021263616687e-12,0.9999999999992901
L8_03,E8_relax_constitutive_Cvcal,1,1,swe+ceus+relax,constitutive,mu,1999.9999999999998,2001.8292191362427,1988.646331419442,2015.0994972179403,0.0057389412830178045,0.0009141915676424972,True,14,16,1.420021263616687e-12,0.9999999999992901
L8_03,E8_relax_constitutive_Cvcal,1,1,swe+ceus+relax,constitutive,eta_s,4.0,3.9639805250105855,3.9005793427301265,4.028412249054552,0.007002395707108422,-0.009045657628247605,True,14,16,1.420021263616687e-12,0.9999999999992901
L8_03,E8_relax_constitutive_Cvcal,1,1,swe+ceus+relax,constitutive,phi,0.06,0.06052596962482209,0.05470954434249992,0.06696076604277362,0.06745218481607024,0.008727960710329885,True,14,16,1.420021263616687e-12,0.9999999999992901
L8_03,E8_relax_constitutive_Cvcal,1,1,swe+ceus+relax,constitutive,k,7.000000000000004e-14,1.5162587013921063e-13,1.3374664778188357e-14,1.7189518299528468e-12,0.7029936003201186,0.7729208639565783,True,14,16,1.420021263616687e-12,0.9999999999992901
L8_03,E8_relax_constitutive_Cvcal,1,1,swe+ceus+relax,constitutive,D,3.0000000000000015e-07,3.028794645710331e-07,2.887256316814678e-07,3.177271429785702e-07,0.020784488696214676,0.009552445010832855,True,14,16,1.420021263616687e-12,0.9999999999992901
L8_03,E8_relax_constitutive_Cvcal,1,1,swe+ceus+relax,constitutive,vmag,0.002999999999999999,0.003021314800969734,0.002977857765328023,0.003065406022021088,0.006292028006322168,0.007079812534531271,True,14,16,1.420021263616687e-12,0.9999999999992901
L8_03,E8_relax_constitutive_Cvcal,1,1,swe+ceus+relax,constitutive,S_v,0.00015000000000000001,0.00015311640587849148,0.0001023860884067501,0.0002289826099812334,0.25934666309907445,0.020563160752518073,True,14,16,1.420021263616687e-12,0.9999999999992901
L8_03,E8_relax_constitutive_Cvcal,1,1,swe+ceus+relax,constitutive,C_v,0.0025000000000000005,0.002529763782845662,0.001710475483215996,0.0037414770686832748,0.9651990562619776,0.011835200042188632,True,14,16,1.420021263616687e-12,0.9999999999992901
L8_03,E8_relax_constitutive_Cvcal,2,2,swe+ceus+relax,constitutive,mu,1999.9999999999998,2008.2429385985222,1994.8529536725691,2021.722800673559,0.005810720912356133,0.004112999309229259,True,14,16,1.420021263616687e-12,0.9999999999992901
L8_03,E8_relax_constitutive_Cvcal,2,2,swe+ceus+relax,constitutive,eta_s,4.0,4.01045212134493,3.945625061690548,4.076344296816888,0.0070775224344895174,0.002609622308026527,True,14,16,1.420021263616687e-12,0.9999999999992901
L8_03,E8_relax_constitutive_Cvcal,2,2,swe+ceus+relax,constitutive,phi,0.06,0.059927213344954954,0.054171705115846985,0.06629421930898727,0.0674105556642866,-0.0012138473320950638,True,14,16,1.420021263616687e-12,0.9999999999992901
L8_03,E8_relax_constitutive_Cvcal,2,2,swe+ceus+relax,constitutive,k,7.000000000000004e-14,3.91955544935954e-13,6.204749442287487e-14,2.4759927960830383e-12,0.5336750426949056,1.7226531855345542,True,14,16,1.420021263616687e-12,0.9999999999992901
L8_03,E8_relax_constitutive_Cvcal,2,2,swe+ceus+relax,constitutive,D,3.0000000000000015e-07,3.02343560673871e-07,2.8806495224343554e-07,3.173299214952929e-07,0.02101030086535289,0.007781514246909538,True,14,16,1.420021263616687e-12,0.9999999999992901
L8_03,E8_relax_constitutive_Cvcal,2,2,swe+ceus+relax,constitutive,vmag,0.002999999999999999,0.0030075039578255154,0.00296428476717138,0.003051353283094748,0.006286285263545134,0.0024981961829304566,True,14,16,1.420021263616687e-12,0.9999999999992901
L8_03,E8_relax_constitutive_Cvcal,2,2,swe+ceus+relax,constitutive,S_v,0.00015000000000000001,0.00015554688690028767,0.0001042300810515312,0.0002321290915278958,0.257992619553273,0.036311915548484563,True,14,16,1.420021263616687e-12,0.9999999999992901
L8_03,E8_relax_constitutive_Cvcal,2,2,swe+ceus+relax,constitutive,C_v,0.0025000000000000005,0.002595596861895174,0.0017583390220253846,0.003831526790390945,0.9604941609105271,0.03752576288057963,True,14,16,1.420021263616687e-12,0.9999999999992901
L8_03,E8_relax_constitutive_Cvcal,3,3,swe+ceus+relax,constitutive,mu,1999.9999999999998,1985.5168998445547,1972.1925731738363,1998.9312469745546,0.00584853784830247,-0.00726789737539324,False,14,16,1.420021263616687e-12,0.9999999999992901
L8_03,E8_relax_constitutive_Cvcal,3,3,swe+ceus+relax,constitutive,eta_s,4.0,4.029795812685744,3.9647236713980454,4.095935968776671,0.0070701174927433235,0.00742134672773509,True,14,16,1.420021263616687e-12,0.9999999999992901
L8_03,E8_relax_constitutive_Cvcal,3,3,swe+ceus+relax,constitutive,phi,0.06,0.05858325350833947,0.05298011592167938,0.06477897475150675,0.06711695063789623,-0.02389568278916432,True,14,16,1.420021263616687e-12,0.9999999999992901
L8_03,E8_relax_constitutive_Cvcal,3,3,swe+ceus+relax,constitutive,k,7.000000000000004e-14,1.2220361873823095e-13,1.0789855235294227e-14,1.3840523442677756e-12,0.7027122991193363,0.5571934174921509,True,14,16,1.420021263616687e-12,0.9999999999992901
L8_03,E8_relax_constitutive_Cvcal,3,3,swe+ceus+relax,constitutive,D,3.0000000000000015e-07,2.844646561291794e-07,2.7139392723920115e-07,2.9816489045965606e-07,0.020428188732051784,-0.05317346033907455,False,14,16,1.420021263616687e-12,0.9999999999992901
L8_03,E8_relax_constitutive_Cvcal,3,3,swe+ceus+relax,constitutive,vmag,0.002999999999999999,0.00297001545523377,0.002929023566892179,0.003011581027901019,0.006035843260923426,-0.010045132084626651,True,14,16,1.420021263616687e-12,0.9999999999992901
L8_03,E8_relax_constitutive_Cvcal,3,3,swe+ceus+relax,constitutive,S_v,0.00015000000000000001,0.00014867295447969008,9.938974352373351e-05,0.0002223936455620475,0.25950933220650807,-0.00888633693226204,True,14,16,1.420021263616687e-12,0.9999999999992901
L8_03,E8_relax_constitutive_Cvcal,3,3,swe+ceus+relax,constitutive,C_v,0.0025000000000000005,0.0025378063794037338,0.0017153471523893816,0.0037546109604525758,0.9660130762096998,0.015009345856902279,True,14,16,1.420021263616687e-12,0.9999999999992901
L8_03,E8_relax_constitutive_Cvcal,4,4,swe+ceus+relax,constitutive,mu,1999.9999999999998,1985.4274465664143,1972.2655777796833,1998.6771507805395,0.005777252580064098,-0.007312951282147928,False,14,16,1.420021263616687e-12,0.9999999999992901
L8_03,E8_relax_constitutive_Cvcal,4,4,swe+ceus+relax,constitutive,eta_s,4.0,4.0097182181567,3.9457045016262633,4.074770470619656,0.006989296449466367,0.0024266079431911614,True,14,16,1.420021263616687e-12,0.9999999999992901
L8_03,E8_relax_constitutive_Cvcal,4,4,swe+ceus+relax,constitutive,phi,0.06,0.0590374538534951,0.053380596935335166,0.06529378009252641,0.06724547970945109,-0.01617250864751174,True,14,16,1.420021263616687e-12,0.9999999999992901
L8_03,E8_relax_constitutive_Cvcal,4,4,swe+ceus+relax,constitutive,k,7.000000000000004e-14,1.280031054542736e-13,1.1099124443050742e-14,1.4762241012800433e-12,0.7079545235842205,0.6035592829374679,True,14,16,1.420021263616687e-12,0.9999999999992901
L8_03,E8_relax_constitutive_Cvcal,4,4,swe+ceus+relax,constitutive,D,3.0000000000000015e-07,2.890381472952466e-07,2.756699476325042e-07,3.0305461770261576e-07,0.020565741040606652,-0.03722379769327411,True,14,16,1.420021263616687e-12,0.9999999999992901
L8_03,E8_relax_constitutive_Cvcal,4,4,swe+ceus+relax,constitutive,vmag,0.002999999999999999,0.0029601179158688694,0.002918606994726798,0.0030022192407813614,0.006133392496806732,-0.013383184683404714,True,14,16,1.420021263616687e-12,0.9999999999992901
L8_03,E8_relax_constitutive_Cvcal,4,4,swe+ceus+relax,constitutive,S_v,0.00015000000000000001,0.00015175763730012273,0.00010143020829699686,0.00022705642496050638,0.2596470874851309,0.011649462749074857,True,14,16,1.420021263616687e-12,0.9999999999992901
L8_03,E8_relax_constitutive_Cvcal,4,4,swe+ceus+relax,constitutive,C_v,0.0025000000000000005,0.0025705315421752153,0.001737193174498344,0.00380362558771036,0.9664013075079958,0.027821971396587486,True,14,16,1.420021263616687e-12,0.9999999999992901
L8_03,E8_relax_constitutive_Cvcal_norm,0,0,swe+ceus+relax,constitutive,mu,1999.9999999999998,2012.3969253875161,1999.0335723393341,2025.8496112048729,0.005787114557695624,0.006179331240240948,True,11,16,0.0,1.0
L8_03,E8_relax_constitutive_Cvcal_norm,0,0,swe+ceus+relax,constitutive,eta_s,4.0,4.027745797505425,3.9630710851771402,4.093475958581624,0.007030190889175129,0.006912502883364757,True,11,16,0.0,1.0
L8_03,E8_relax_constitutive_Cvcal_norm,0,0,swe+ceus+relax,constitutive,phi,0.06,0.04589460202794183,0.01543860254281554,0.1364316808766704,0.7273523640787183,-0.26799705494844606,True,11,16,0.0,1.0
L8_03,E8_relax_constitutive_Cvcal_norm,0,0,swe+ceus+relax,constitutive,k,7.000000000000004e-14,8.860194252537583e-14,4.607670471658848e-15,1.7037468863184073e-12,0.8559745544032398,0.23565853998697506,True,11,16,0.0,1.0
L8_03,E8_relax_constitutive_Cvcal_norm,0,0,swe+ceus+relax,constitutive,D,3.0000000000000015e-07,3.0974663715285637e-07,2.8867714703904514e-07,3.323539123605321e-07,0.030594195471921253,0.0319721891447422,True,11,16,0.0,1.0
L8_03,E8_relax_constitutive_Cvcal_norm,0,0,swe+ceus+relax,constitutive,vmag,0.002999999999999999,0.0030155945821113794,0.0029651437984319915,0.0030669037665115723,0.007327194501095275,0.005184730065239229,True,11,16,0.0,1.0
L8_03,E8_relax_constitutive_Cvcal_norm,0,0,swe+ceus+relax,constitutive,S_v,0.00015000000000000001,0.0001209437936279044,4.061235363467312e-05,0.0003601712264373882,0.7032293929591328,-0.21530937189211308,True,11,16,0.0,1.0
L8_03,E8_relax_constitutive_Cvcal_norm,0,0,swe+ceus+relax,constitutive,C_v,0.0025000000000000005,0.002635250950738624,0.001769277034616722,0.0039250764224570515,0.9825935668371831,0.05268768305633387,True,11,16,0.0,1.0
L8_03,E8_relax_constitutive_Cvcal_norm,1,1,swe+ceus+relax,constitutive,mu,1999.9999999999998,2001.8387307806468,1988.6557134083162,2015.109139824581,0.005738970554313033,0.000918943032810482,True,11,16,0.0,1.0
L8_03,E8_relax_constitutive_Cvcal_norm,1,1,swe+ceus+relax,constitutive,eta_s,4.0,3.964034685299878,3.900633342912287,4.028466560388999,0.0070023170847294215,-0.009031994614780325,True,11,16,0.0,1.0
L8_03,E8_relax_constitutive_Cvcal_norm,1,1,swe+ceus+relax,constitutive,phi,0.06,0.039883015103602995,0.013540564781214346,0.11747330480343313,0.7211996729527799,-0.4083940155830472,True,11,16,0.0,1.0
L8_03,E8_relax_constitutive_Cvcal_norm,1,1,swe+ceus+relax,constitutive,k,7.000000000000004e-14,8.964580833437609e-14,4.719978664527056e-15,1.7026286606592043e-12,0.8523933013854488,0.24737120101773868,True,11,16,0.0,1.0
L8_03,E8_relax_constitutive_Cvcal_norm,1,1,swe+ceus+relax,constitutive,D,3.0000000000000015e-07,3.046335260506818e-07,2.842018597521579e-07,3.265340532078163e-07,0.030150781825786413,0.015327025574331188,True,11,16,0.0,1.0
L8_03,E8_relax_constitutive_Cvcal_norm,1,1,swe+ceus+relax,constitutive,vmag,0.002999999999999999,0.0030307503339336763,0.00298075455959953,0.0030815846803143613,0.007223944727219182,0.010197935158301696,True,11,16,0.0,1.0
L8_03,E8_relax_constitutive_Cvcal_norm,1,1,swe+ceus+relax,constitutive,S_v,0.00015000000000000001,0.00010402622049068174,3.530394742327266e-05,0.00030652250922066405,0.6963950116735761,-0.3659923066291064,True,11,16,0.0,1.0
L8_03,E8_relax_constitutive_Cvcal_norm,1,1,swe+ceus+relax,constitutive,C_v,0.0025000000000000005,0.002608283757395366,0.001751407589550791,0.003884386592636263,0.9822611893051508,0.0424017089539408,True,11,16,0.0,1.0
L8_03,E8_relax_constitutive_Cvcal_norm,2,2,swe+ceus+relax,constitutive,mu,1999.9999999999998,2008.2552502071262,1994.8651626102615,2021.735215781316,0.0058107298744957845,0.0041191298279175115,True,11,16,0.0,1.0
L8_03,E8_relax_constitutive_Cvcal_norm,2,2,swe+ceus+relax,constitutive,eta_s,4.0,4.010522674874775,3.945695391373208,4.076415062564409,0.007077421544327677,0.0026272145662342705,True,11,16,0.0,1.0
L8_03,E8_relax_constitutive_Cvcal_norm,2,2,swe+ceus+relax,constitutive,phi,0.06,0.04765235336982584,0.01679895251983489,0.13517192688065713,0.6960671968539377,-0.2304125446777583,True,11,16,0.0,1.0
L8_03,E8_relax_constitutive_Cvcal_norm,2,2,swe+ceus+relax,constitutive,k,7.000000000000004e-14,3.214334667000514e-13,4.209519982976296e-14,2.454424113263435e-12,0.5885723444933267,1.524295333711315,True,11,16,0.0,1.0
L8_03,E8_relax_constitutive_Cvcal_norm,2,2,swe+ceus+relax,constitutive,D,3.0000000000000015e-07,3.210665203299354e-07,2.9902308925778666e-07,3.447349525170104e-07,0.030890297306514308,0.06786585544713297,True,11,16,0.0,1.0
L8_03,E8_relax_constitutive_Cvcal_norm,2,2,swe+ceus+relax,constitutive,vmag,0.002999999999999999,0.0030301876259834,0.002978635496897607,0.0030826319830762933,0.007452159624931509,0.010012251702831598,True,11,16,0.0,1.0
L8_03,E8_relax_constitutive_Cvcal_norm,2,2,swe+ceus+relax,constitutive,S_v,0.00015000000000000001,0.00012592239472215925,4.463351958141757e-05,0.0003552587750477301,0.6683835113290438,-0.1749694918017788,True,11,16,0.0,1.0
L8_03,E8_relax_constitutive_Cvcal_norm,2,2,swe+ceus+relax,constitutive,C_v,0.0025000000000000005,0.0026425220543650034,0.0017753546610797214,0.003933255118477915,0.9809316875099078,0.055443052875979504,True,11,16,0.0,1.0
L8_03,E8_relax_constitutive_Cvcal_norm,3,3,swe+ceus+relax,constitutive,mu,1999.9999999999998,1985.5243010670858,1972.1998506741554,1998.9387732588789,0.005848570463060738,-0.007264169777437601,False,11,16,0.0,1.0
L8_03,E8_relax_constitutive_Cvcal_norm,3,3,swe+ceus+relax,constitutive,eta_s,4.0,4.029838382063117,3.9647657721326754,4.095979010839192,0.007070093530431654,0.007431910328103308,True,11,16,0.0,1.0
L8_03,E8_relax_constitutive_Cvcal_norm,3,3,swe+ceus+relax,constitutive,phi,0.06,0.04011155661555166,0.013573353586569125,0.11853643713478842,0.7233996986660611,-0.4026800745282131,True,11,16,0.0,1.0
L8_03,E8_relax_constitutive_Cvcal_norm,3,3,swe+ceus+relax,constitutive,k,7.000000000000004e-14,7.802310062692926e-14,4.0820151397209035e-15,1.4913232859435523e-12,0.854232395992515,0.10850970267666682,True,11,16,0.0,1.0
L8_03,E8_relax_constitutive_Cvcal_norm,3,3,swe+ceus+relax,constitutive,D,3.0000000000000015e-07,2.722424954981861e-07,2.543653223426816e-07,2.9137610297063464e-07,0.0294980134572314,-0.09708927796800104,False,11,16,0.0,1.0
L8_03,E8_relax_constitutive_Cvcal_norm,3,3,swe+ceus+relax,constitutive,vmag,0.002999999999999999,0.002951189604053356,0.0029046439872970047,0.0029984810934359923,0.006904202427481757,-0.016403943990765946,False,11,16,0.0,1.0
L8_03,E8_relax_constitutive_Cvcal_norm,3,3,swe+ceus+relax,constitutive,S_v,0.00015000000000000001,0.00010466613869352493,3.538661718831091e-05,0.00030958032893381253,0.6988397898037492,-0.3598596411982147,True,11,16,0.0,1.0
L8_03,E8_relax_constitutive_Cvcal_norm,3,3,swe+ceus+relax,constitutive,C_v,0.0025000000000000005,0.0026093761380715126,0.0017520568892883752,0.0038862001979299418,0.9823797268786464,0.0428204333299993,True,11,16,0.0,1.0
L8_03,E8_relax_constitutive_Cvcal_norm,4,4,swe+ceus+relax,constitutive,mu,1999.9999999999998,1985.4337921924223,1972.2718359476773,1998.683584753151,0.005777272570428108,-0.0073097551865775046,False,11,16,0.0,1.0
L8_03,E8_relax_constitutive_Cvcal_norm,4,4,swe+ceus+relax,constitutive,eta_s,4.0,4.009754317452153,3.9457404720953035,4.074806693453972,0.0069892471961819636,0.0024356108533680754,True,11,16,0.0,1.0
L8_03,E8_relax_constitutive_Cvcal_norm,4,4,swe+ceus+relax,constitutive,phi,0.06,0.043637901059742586,0.014720176296114272,0.1293643751673381,0.7255033988371654,-0.3184184991200878,True,11,16,0.0,1.0
L8_03,E8_relax_constitutive_Cvcal_norm,4,4,swe+ceus+relax,constitutive,k,7.000000000000004e-14,8.586057571389036e-14,4.475043777149359e-15,1.6473667809830344e-12,0.8553310053537876,0.20422952598768163,True,11,16,0.0,1.0
L8_03,E8_relax_constitutive_Cvcal_norm,4,4,swe+ceus+relax,constitutive,D,3.0000000000000015e-07,2.866918810657518e-07,2.6753109524724533e-07,3.0722497731734404e-07,0.030041126659256498,-0.045374420738655274,True,11,16,0.0,1.0
L8_03,E8_relax_constitutive_Cvcal_norm,4,4,swe+ceus+relax,constitutive,vmag,0.002999999999999999,0.0029622013941143477,0.0029140963296767877,0.0030111005631259314,0.007110678092550621,-0.01267958252270418,True,11,16,0.0,1.0
L8_03,E8_relax_constitutive_Cvcal_norm,4,4,swe+ceus+relax,constitutive,S_v,0.00015000000000000001,0.00011457289000076842,3.859579157791066e-05,0.00034011343171002777,0.7011764823577514,-0.2694240797487275,True,11,16,0.0,1.0
L8_03,E8_relax_constitutive_Cvcal_norm,4,4,swe+ceus+relax,constitutive,C_v,0.0025000000000000005,0.002625536224666537,0.0017628262752692803,0.003910447991242475,0.9824933982914382,0.04899441937136029,True,11,16,0.0,1.0
L8_03,E8_relax_independent_matched,0,0,swe+ceus+relax,independent,mu,1999.9999999999998,2012.3808030780478,1999.0175729703908,2025.833365026167,0.005787107657675828,0.006171319712372281,True,14,16,0.0,1.0
L8_03,E8_relax_independent_matched,0,0,swe+ceus+relax,independent,eta_s,4.0,4.02765393556602,3.9629789915073097,4.093384360463252,0.007030377932081714,0.00688969533998951,True,14,16,0.0,1.0
L8_03,E8_relax_independent_matched,0,0,swe+ceus+relax,independent,phi,0.06,0.06018758053984707,0.0543884568101438,0.06660503098821052,0.06763894640699879,0.003121465484416941,True,14,16,0.0,1.0
L8_03,E8_relax_independent_matched,0,0,swe+ceus+relax,independent,k,7.000000000000004e-14,1.876509849600071e-13,9.718082881503307e-15,3.623440197601368e-12,0.8571801664399897,0.9860885324387958,True,14,16,0.0,1.0
L8_03,E8_relax_independent_matched,0,0,swe+ceus+relax,independent,D,3.0000000000000015e-07,3.02552826681874e-07,2.8830443852546955e-07,3.175053890996735e-07,0.020949886279750637,0.00847342122709982,True,14,16,0.0,1.0
L8_03,E8_relax_independent_matched,0,0,swe+ceus+relax,independent,vmag,0.002999999999999999,0.0029990714727644364,0.002955848646370223,0.003042926338530422,0.006304623497311915,-0.000309556986341164,True,14,16,0.0,1.0
L8_03,E8_relax_independent_matched,0,0,swe+ceus+relax,independent,S_v,0.00015000000000000004,0.00019551304304523212,6.59815384893192e-05,0.0005793340209397295,0.700006299779225,0.2649917994476265,True,14,16,0.0,1.0
L8_03,E8_relax_independent_matched,1,1,swe+ceus+relax,independent,mu,1999.9999999999998,2001.8269597857566,1988.6440272971174,2015.09728333414,0.005738967336882711,0.0009130629240301502,True,14,16,0.0,1.0
L8_03,E8_relax_independent_matched,1,1,swe+ceus+relax,independent,eta_s,4.0,3.963967657861542,3.900565998129321,4.028399878404356,0.007002471781458085,-0.00904890365073574,True,14,16,0.0,1.0
L8_03,E8_relax_independent_matched,1,1,swe+ceus+relax,independent,phi,0.06,0.06048128543514156,0.05465735377495302,0.06692577732446599,0.06759630662516845,0.007989423311238752,True,14,16,0.0,1.0
L8_03,E8_relax_independent_matched,1,1,swe+ceus+relax,independent,k,7.000000000000004e-14,1.6632700030594562e-13,8.985199343404851e-15,3.0789156671387645e-12,0.8449566922822282,0.8654604899962521,True,14,16,0.0,1.0
L8_03,E8_relax_independent_matched,1,1,swe+ceus+relax,independent,D,3.0000000000000015e-07,3.0284822995355435e-07,2.8869316696407323e-07,3.176973371088301e-07,0.02078853495056234,0.009449314122848662,True,14,16,0.0,1.0
L8_03,E8_relax_independent_matched,1,1,swe+ceus+relax,independent,vmag,0.002999999999999999,0.0030212547889516598,0.002977796045921779,0.0030653477803708226,0.006292402909075683,0.00705994945569266,True,14,16,0.0,1.0
L8_03,E8_relax_independent_matched,1,1,swe+ceus+relax,independent,S_v,0.00015000000000000004,0.00016426890111721076,5.606810821086342e-05,0.00048127666039261255,0.6927149360309832,0.09086943194285269,True,14,16,0.0,1.0
L8_03,E8_relax_independent_matched,2,2,swe+ceus+relax,independent,mu,1999.9999999999998,2008.2262511191218,1994.8359921023427,2021.7063917287967,0.00581088870304115,0.004104689782322701,True,14,16,0.0,1.0
L8_03,E8_relax_independent_matched,2,2,swe+ceus+relax,independent,eta_s,4.0,4.010356395522532,3.9455269246120444,4.076251087981075,0.007077958169798853,0.0025857529381989597,True,14,16,0.0,1.0
L8_03,E8_relax_independent_matched,2,2,swe+ceus+relax,independent,phi,0.06,0.05978715757975549,0.05403193161104595,0.06615540301608919,0.06757325056378666,-0.0035536805203073563,True,14,16,0.0,1.0
L8_03,E8_relax_independent_matched,2,2,swe+ceus+relax,independent,k,7.000000000000004e-14,4.871798080816598e-13,5.990960577449019e-14,3.9617046771411944e-12,0.6067952121323231,1.9401380286632879,True,14,16,0.0,1.0
L8_03,E8_relax_independent_matched,2,2,swe+ceus+relax,independent,D,3.0000000000000015e-07,3.0224444068468124e-07,2.8796723330266787e-07,3.172295016939674e-07,0.02101524758478396,0.007453621566753554,True,14,16,0.0,1.0
L8_03,E8_relax_independent_matched,2,2,swe+ceus+relax,independent,vmag,0.002999999999999999,0.0030073174103172353,0.002964099765616045,0.003051165183880883,0.006286451535123997,0.0024361669066070846,True,14,16,0.0,1.0
L8_03,E8_relax_independent_matched,2,2,swe+ceus+relax,independent,S_v,0.00015000000000000004,0.00019562374120211834,6.925747591258357e-05,0.0005525562059208717,0.6691448115304567,0.26555783242790376,True,14,16,0.0,1.0
L8_03,E8_relax_independent_matched,3,3,swe+ceus+relax,independent,mu,1999.9999999999998,1985.5140153931136,1972.1896719757635,1998.9283796284542,0.00584855374895056,-0.007269350122300899,False,14,16,0.0,1.0
L8_03,E8_relax_independent_matched,3,3,swe+ceus+relax,independent,eta_s,4.0,4.02977921801018,3.9647068257885696,4.095919637809997,0.007070174333177311,0.007417228725110858,True,14,16,0.0,1.0
L8_03,E8_relax_independent_matched,3,3,swe+ceus+relax,independent,phi,0.06,0.05852905270509761,0.052920107218814336,0.0647324843162486,0.06725560490615988,-0.024821303825315777,True,14,16,0.0,1.0
L8_03,E8_relax_independent_matched,3,3,swe+ceus+relax,independent,k,7.000000000000004e-14,1.3940225641117542e-13,7.308943376949194e-15,2.6587959558989723e-12,0.8536101373836071,0.6888684427398601,True,14,16,0.0,1.0
L8_03,E8_relax_independent_matched,3,3,swe+ceus+relax,independent,D,3.0000000000000015e-07,2.8443100664541037e-07,2.713596743516318e-07,2.9813198197050004e-07,0.020431628937341982,-0.05329175789699292,False,14,16,0.0,1.0
L8_03,E8_relax_independent_matched,3,3,swe+ceus+relax,independent,vmag,0.002999999999999999,0.0029699493598997102,0.0029289565794995503,0.0030115158627157974,0.006036110795616102,-0.010067386537681244,True,14,16,0.0,1.0
L8_03,E8_relax_independent_matched,3,3,swe+ceus+relax,independent,S_v,0.00015000000000000004,0.00016523104423574406,5.5979366506782254e-05,0.0004877028748784914,0.6974991604289564,0.09670946843860584,True,14,16,0.0,1.0
L8_03,E8_relax_independent_matched,4,4,swe+ceus+relax,independent,mu,1999.9999999999998,1985.4218450140204,1972.2599573583327,1998.671568599254,0.00577727724393518,-0.007315772619339356,False,14,16,0.0,1.0
L8_03,E8_relax_independent_matched,4,4,swe+ceus+relax,independent,eta_s,4.0,4.009686341961063,3.9456720845238733,4.07473916141442,0.006989411999304228,0.002418658176996269,True,14,16,0.0,1.0
L8_03,E8_relax_independent_matched,4,4,swe+ceus+relax,independent,phi,0.06,0.05893546465965962,0.05327739338160314,0.06519442439256723,0.06738314020553178,-0.017901536301133447,True,14,16,0.0,1.0
L8_03,E8_relax_independent_matched,4,4,swe+ceus+relax,independent,k,7.000000000000004e-14,1.6515968957827293e-13,8.601589783896782e-15,3.171242031636846e-12,0.8555502206970022,0.8584175794455291,True,14,16,0.0,1.0
L8_03,E8_relax_independent_matched,4,4,swe+ceus+relax,independent,D,3.0000000000000015e-07,2.8896950155381684e-07,2.756020783650668e-07,3.0298527980493484e-07,0.020569520485256253,-0.03746132306820371,True,14,16,0.0,1.0
L8_03,E8_relax_independent_matched,4,4,swe+ceus+relax,independent,vmag,0.002999999999999999,0.0029599832276961213,0.0029184732284332666,0.0030020836315657468,0.006133536381057729,-0.013428686667071865,True,14,16,0.0,1.0
L8_03,E8_relax_independent_matched,4,4,swe+ceus+relax,independent,S_v,0.00015000000000000004,0.000182946354737918,6.183158939863587e-05,0.0005412988577102715,0.6990567203894192,0.19855767226156296,True,14,16,0.0,1.0
L8_04,E2_ceus,0,0,ceus,independent,phi,0.06,0.029945122023970958,0.008531498776432297,0.10510583855530915,0.8382600802891071,-0.6949781215775621,True,6,9,0.0,1.0
L8_04,E2_ceus,0,0,ceus,independent,k,1.9999999999999983e-12,3.162277660168375e-13,9.999999999999987e-15,9.999999999999985e-12,1.0,-1.8444397270569688,True,6,9,0.0,1.0
L8_04,E2_ceus,0,0,ceus,independent,D,2.9999999999999997e-06,3.0045966869979103e-06,2.951729883144889e-06,3.058410358979209e-06,0.007709571952154739,0.0015310563341586203,True,6,9,0.0,1.0
L8_04,E2_ceus,0,0,ceus,independent,vmag,0.0004000000000000001,0.0004158178023573472,0.0003928302298009518,0.00044015055777378706,0.024698177754736744,0.03878264211164151,True,6,9,0.0,1.0
L8_04,E2_ceus,0,0,ceus,independent,S_v,2.4000000000000004e-05,2.2360679774997884e-05,1.4338978448964585e-06,0.0003486998755034075,1.0,-0.07074978113685049,True,6,9,0.0,1.0
L8_04,E2_ceus,1,1,ceus,independent,phi,0.06,0.03009111414823948,0.008573092993461656,0.10561825835470887,0.8382600483678273,-0.6901146450725664,True,6,9,0.0,1.0
L8_04,E2_ceus,1,1,ceus,independent,k,1.9999999999999983e-12,3.162277660168375e-13,9.999999999999987e-15,9.999999999999985e-12,1.0,-1.8444397270569688,True,6,9,0.0,1.0
L8_04,E2_ceus,1,1,ceus,independent,D,2.9999999999999997e-06,3.0339845646461498e-06,2.9814307079659395e-06,3.0874647912884676e-06,0.007588646716095145,0.011264504785220453,True,6,9,0.0,1.0
L8_04,E2_ceus,1,1,ceus,independent,vmag,0.0004000000000000001,0.00040648335164590176,0.00038323791744719897,0.00043113874604553033,0.025574291377685122,0.016078425680554176,True,6,9,0.0,1.0
L8_04,E2_ceus,1,1,ceus,independent,S_v,2.4000000000000004e-05,2.2360679774997884e-05,1.4338978448964585e-06,0.0003486998755034075,1.0,-0.07074978113685049,True,6,9,0.0,1.0
L8_04,E2_ceus,2,2,ceus,independent,phi,0.06,0.029736594563386454,0.00847209385689542,0.10437385033305827,0.8382596481623632,-0.7019661346938411,True,6,9,0.0,1.0
L8_04,E2_ceus,2,2,ceus,independent,k,1.9999999999999983e-12,3.162277660168375e-13,9.999999999999987e-15,9.999999999999985e-12,1.0,-1.8444397270569688,True,6,9,0.0,1.0
L8_04,E2_ceus,2,2,ceus,independent,D,2.9999999999999997e-06,2.968962908918669e-06,2.9160582696684704e-06,3.0228273715315585e-06,0.007808574061435072,-0.010399585750420215,True,6,9,0.0,1.0
L8_04,E2_ceus,2,2,ceus,independent,vmag,0.0004000000000000001,0.0004327906851335127,0.0004102054581317944,0.00045661941699019385,0.02327647023920459,0.07878965785791348,False,6,9,0.0,1.0
L8_04,E2_ceus,2,2,ceus,independent,S_v,2.4000000000000004e-05,2.2360679774997884e-05,1.4338978448964585e-06,0.0003486998755034075,1.0,-0.07074978113685049,True,6,9,0.0,1.0
L8_04,E2_ceus,3,3,ceus,independent,phi,0.06,0.030066437432255465,0.008566064985575014,0.10553161356936057,0.8382598536136081,-0.6909350480550605,True,6,9,0.0,1.0
L8_04,E2_ceus,3,3,ceus,independent,k,1.9999999999999983e-12,3.162277660168375e-13,9.999999999999987e-15,9.999999999999985e-12,1.0,-1.8444397270569688,True,6,9,0.0,1.0
L8_04,E2_ceus,3,3,ceus,independent,D,2.9999999999999997e-06,3.0076336091712494e-06,2.9560693025385234e-06,3.060097379736107e-06,0.007510317749690471,0.0025413045389104383,True,6,9,0.0,1.0
L8_04,E2_ceus,3,3,ceus,independent,vmag,0.0004000000000000001,0.0003864773697940546,0.0003630730847707493,0.00041139033331881914,0.027130013746148953,-0.03439123242717823,True,6,9,0.0,1.0
L8_04,E2_ceus,3,3,ceus,independent,S_v,2.4000000000000004e-05,2.2360679774997884e-05,1.4338978448964585e-06,0.0003486998755034075,1.0,-0.07074978113685049,True,6,9,0.0,1.0
L8_04,E2_ceus,4,4,ceus,independent,phi,0.06,0.030083427523644995,0.008570901557261194,0.10559129696264948,0.8382601638429924,-0.6903701227022325,True,6,9,0.0,1.0
L8_04,E2_ceus,4,4,ceus,independent,k,1.9999999999999983e-12,3.162277660168375e-13,9.999999999999987e-15,9.999999999999985e-12,1.0,-1.8444397270569688,True,6,9,0.0,1.0
L8_04,E2_ceus,4,4,ceus,independent,D,2.9999999999999997e-06,3.0232895047147835e-06,2.9711525908376023e-06,3.076341301858822e-06,0.007554779784264846,0.007733189899015613,True,6,9,0.0,1.0
L8_04,E2_ceus,4,4,ceus,independent,vmag,0.0004000000000000001,0.00040026920144380367,0.00037701073407437474,0.00042496252531858635,0.025998459360203816,0.0006727772441372792,True,6,9,0.0,1.0
L8_04,E2_ceus,4,4,ceus,independent,S_v,2.4000000000000004e-05,2.2360679774997884e-05,1.4338978448964585e-06,0.0003486998755034075,1.0,-0.07074978113685049,True,6,9,0.0,1.0
L8_04,E2_ceus_Acal,0,0,ceus,independent,phi,0.06,0.05946648517276806,0.05390896970822575,0.06559692900722344,0.06550385183644061,-0.008931682776401662,True,6,9,0.0,1.0
L8_04,E2_ceus_Acal,0,0,ceus,independent,k,1.9999999999999983e-12,3.162277660168375e-13,9.999999999999987e-15,9.999999999999985e-12,1.0,-1.8444397270569688,True,6,9,0.0,1.0
L8_04,E2_ceus_Acal,0,0,ceus,independent,D,2.9999999999999997e-06,3.0042834492433405e-06,2.9514183328652347e-06,3.0580954732483822e-06,0.00771013465053595,0.0014267980538296143,True,6,9,0.0,1.0
L8_04,E2_ceus_Acal,0,0,ceus,independent,vmag,0.0004000000000000001,0.0004159553515849223,0.0003929728970237236,0.0004402819019391335,0.02468411768077425,0.039113379472367704,True,6,9,0.0,1.0
L8_04,E2_ceus_Acal,0,0,ceus,independent,S_v,2.4000000000000004e-05,2.2360679774997884e-05,1.4338978448964585e-06,0.0003486998755034075,1.0,-0.07074978113685049,True,6,9,0.0,1.0
L8_04,E2_ceus_Acal,1,1,ceus,independent,phi,0.06,0.060442809771223516,0.0547944322804532,0.06667343927101085,0.06549920213059512,0.007353062705839353,True,6,9,0.0,1.0
L8_04,E2_ceus_Acal,1,1,ceus,independent,k,1.9999999999999983e-12,3.162277660168577e-13,1.0000000000000626e-14,1.0000000000000625e-11,1.0,-1.8444397270569048,True,6,9,0.0,1.0
L8_04,E2_ceus_Acal,1,1,ceus,independent,D,2.9999999999999997e-06,3.0336641636055964e-06,2.9811118721910377e-06,3.087142868872209e-06,0.007589227205370624,0.011158895164360416,True,6,9,0.0,1.0
L8_04,E2_ceus_Acal,1,1,ceus,independent,vmag,0.0004000000000000001,0.0004066242562079545,0.00038338411292272235,0.000431273180508656,0.025559169724754714,0.016425008499610705,True,6,9,0.0,1.0
L8_04,E2_ceus_Acal,1,1,ceus,independent,S_v,2.4000000000000004e-05,2.2360679774997884e-05,1.4338978448964585e-06,0.0003486998755034075,1.0,-0.07074978113685049,True,6,9,0.0,1.0
L8_04,E2_ceus_Acal,2,2,ceus,independent,phi,0.06,0.05809136716607728,0.05266725553357784,0.06407409888811334,0.06544185712975042,-0.03232749518599842,True,6,9,0.0,1.0
L8_04,E2_ceus_Acal,2,2,ceus,independent,k,1.9999999999999983e-12,3.162277660168375e-13,9.999999999999987e-15,9.999999999999985e-12,1.0,-1.8444397270569688,True,6,9,0.0,1.0
L8_04,E2_ceus_Acal,2,2,ceus,independent,D,2.9999999999999997e-06,2.9686529916271723e-06,2.9157504187170825e-06,3.022515414256409e-06,0.007809088846626096,-0.010503976905715362,True,6,9,0.0,1.0
L8_04,E2_ceus_Acal,2,2,ceus,independent,vmag,0.0004000000000000001,0.000432920238057479,0.00041033995008293834,0.00045674307968761703,0.023264087302442317,0.07908895620673384,False,6,9,0.0,1.0
L8_04,E2_ceus_Acal,2,2,ceus,independent,S_v,2.4000000000000004e-05,2.2360679774997884e-05,1.4338978448964585e-06,0.0003486998755034075,1.0,-0.07074978113685049,True,6,9,0.0,1.0
L8_04,E2_ceus_Acal,3,3,ceus,independent,phi,0.06,0.06027664116044847,0.054646080358418225,0.06648735729543985,0.0654712458913112,0.0046000893541546795,True,6,9,0.0,1.0
L8_04,E2_ceus_Acal,3,3,ceus,independent,k,1.9999999999999983e-12,3.162277660168577e-13,1.0000000000000626e-14,1.0000000000000625e-11,1.0,-1.8444397270569048,True,6,9,0.0,1.0
L8_04,E2_ceus_Acal,3,3,ceus,independent,D,2.9999999999999997e-06,3.0073153314388323e-06,2.955752365787339e-06,3.0597778106820425e-06,0.007510922480681023,0.0024354756330104976,True,6,9,0.0,1.0
L8_04,E2_ceus_Acal,3,3,ceus,independent,vmag,0.0004000000000000001,0.0003866266955941067,0.000363228193278971,0.00041153248704792157,0.02711228715675092,-0.034004930482603335,True,6,9,0.0,1.0
L8_04,E2_ceus_Acal,3,3,ceus,independent,S_v,2.4000000000000004e-05,2.2360679774997884e-05,1.4338978448964585e-06,0.0003486998755034075,1.0,-0.07074978113685049,True,6,9,0.0,1.0
L8_04,E2_ceus_Acal,4,4,ceus,independent,phi,0.06,0.060390803805414464,0.05474592826747096,0.06661772481865234,0.06551576250704415,0.006492276249474127,True,6,9,0.0,1.0
L8_04,E2_ceus_Acal,4,4,ceus,independent,k,1.9999999999999983e-12,3.162277660168375e-13,9.999999999999987e-15,9.999999999999985e-12,1.0,-1.8444397270569688,True,6,9,0.0,1.0
L8_04,E2_ceus_Acal,4,4,ceus,independent,D,2.9999999999999997e-06,3.0229681536831483e-06,2.97083258896571e-06,3.0760186528598695e-06,0.007555392679251281,0.0076268924005979954,True,6,9,0.0,1.0
L8_04,E2_ceus_Acal,4,4,ceus,independent,vmag,0.0004000000000000001,0.00040041645107613387,0.000377163392338239,0.00042510311856729576,0.025982378848176967,0.0010405860927829025,True,6,9,0.0,1.0
L8_04,E2_ceus_Acal,4,4,ceus,independent,S_v,2.4000000000000004e-05,2.2360679774997884e-05,1.4338978448964585e-06,0.0003486998755034075,1.0,-0.07074978113685049,True,6,9,0.0,1.0
L8_04,E3_joint_independent,0,0,swe+ceus,independent,mu,1999.9999999999998,2012.6843202400148,1999.3098552258452,2026.148254284684,0.005791112964451105,0.006322133253640949,True,12,13,0.0,1.0
L8_04,E3_joint_independent,0,0,swe+ceus,independent,eta_s,4.0,4.029393840108052,3.9646464272099444,4.095198655615438,0.007035255793905109,0.0073215916418412075,True,12,13,0.0,1.0
L8_04,E3_joint_independent,0,0,swe+ceus,independent,phi,0.06,0.05993564535977552,0.05433203461237454,0.06611719237686363,0.0655314903241505,-0.0010731529597833855,True,12,13,0.0,1.0
L8_04,E3_joint_independent,0,0,swe+ceus,independent,k,1.9999999999999983e-12,3.068305124001058e-13,9.713837508266146e-15,9.691840455391323e-12,0.9996718072998628,-1.8746069412780528,True,12,13,0.0,1.0
L8_04,E3_joint_independent,0,0,swe+ceus,independent,D,2.9999999999999997e-06,2.9669754327833966e-06,2.915495022204091e-06,3.019364859722953e-06,0.007601646015591916,-0.011069227547599425,True,12,13,0.0,1.0
L8_04,E3_joint_independent,0,0,swe+ceus,independent,vmag,0.0004000000000000001,0.00039133922661309454,0.0003684609762783993,0.0004156380190732102,0.026161883916421696,-0.021889776013126472,True,12,13,0.0,1.0
L8_04,E3_joint_independent,0,0,swe+ceus,independent,S_v,2.4000000000000004e-05,2.2360679774997884e-05,1.4338978448964585e-06,0.0003486998755034075,1.0,-0.07074978113685049,True,12,13,0.0,1.0
L8_04,E3_joint_independent,1,1,swe+ceus,independent,mu,1999.9999999999998,2002.106160591485,1988.912958996006,2015.3868776147012,0.005742649033880064,0.0010525261956617626,True,12,13,0.0,1.0
L8_04,E3_joint_independent,1,1,swe+ceus,independent,eta_s,4.0,3.965583896989033,3.9021170846606985,4.030082978770007,0.007006845922774166,-0.008641254078450844,True,12,13,0.0,1.0
L8_04,E3_joint_independent,1,1,swe+ceus,independent,phi,0.06,0.0607409991706879,0.055059815326045876,0.06700837913105415,0.06555910529895065,0.012274347222137383,True,12,13,0.0,1.0
L8_04,E3_joint_independent,1,1,swe+ceus,independent,k,1.9999999999999983e-12,3.066048809489786e-13,9.70734237798761e-15,9.684066901246538e-12,0.9996524778637383,-1.8753425736323273,True,12,13,0.0,1.0
L8_04,E3_joint_independent,1,1,swe+ceus,independent,D,2.9999999999999997e-06,3.0562299438161247e-06,3.003416876166062e-06,3.1099716937735766e-06,0.007570409733510836,0.018569823200850877,False,12,13,0.0,1.0
L8_04,E3_joint_independent,1,1,swe+ceus,independent,vmag,0.0004000000000000001,0.0003976500019807992,0.00037398327915430865,0.00042281442216587895,0.02664880368572426,-0.00589232072357504,True,12,13,0.0,1.0
L8_04,E3_joint_independent,1,1,swe+ceus,independent,S_v,2.4000000000000004e-05,2.2360679774997884e-05,1.4338978448964585e-06,0.0003486998755034075,1.0,-0.07074978113685049,True,12,13,0.0,1.0
L8_04,E3_joint_independent,2,2,swe+ceus,independent,mu,1999.9999999999998,2008.601012561168,1995.200368349145,2022.0916614003686,0.005814321954022679,0.004291285529927968,True,12,13,0.0,1.0
L8_04,E3_joint_independent,2,2,swe+ceus,independent,eta_s,4.0,4.012476259002373,3.9475766141656994,4.0784428784190485,0.007081908284022115,0.003114210559206354,True,12,13,0.0,1.0
L8_04,E3_joint_independent,2,2,swe+ceus,independent,phi,0.06,0.059059680739100374,0.05354349560710351,0.06514415709051523,0.0654625554263526,-0.01579609162529705,True,12,13,0.0,1.0
L8_04,E3_joint_independent,2,2,swe+ceus,independent,k,1.9999999999999983e-12,3.146638120464628e-13,9.960682752869238e-15,9.940414434250564e-12,0.9997051277493498,-1.8493976539920816,True,12,13,0.0,1.0
L8_04,E3_joint_independent,2,2,swe+ceus,independent,D,2.9999999999999997e-06,2.959462696970194e-06,2.9073410971264468e-06,3.0125187111394417e-06,0.007716882843129823,-0.013604558102978004,True,12,13,0.0,1.0
L8_04,E3_joint_independent,2,2,swe+ceus,independent,vmag,0.0004000000000000001,0.0004080869122974485,0.00038540839383833007,0.0004320998988369802,0.024831497839941066,0.020015624947452793,True,12,13,0.0,1.0
L8_04,E3_joint_independent,2,2,swe+ceus,independent,S_v,2.4000000000000004e-05,2.2360679774997884e-05,1.4338978448964585e-06,0.0003486998755034075,1.0,-0.07074978113685049,True,12,13,0.0,1.0
L8_04,E3_joint_independent,3,3,swe+ceus,independent,mu,1999.9999999999998,1985.804792636597,1972.4691453238563,1999.2306007965537,0.0058526721940344445,-0.007122911491680206,False,12,13,0.0,1.0
L8_04,E3_joint_independent,3,3,swe+ceus,independent,eta_s,4.0,4.03146648607552,3.9663162829745766,4.097686838065576,0.007075710955128342,0.007835840972377772,True,12,13,0.0,1.0
L8_04,E3_joint_independent,3,3,swe+ceus,independent,phi,0.06,0.0596413853032737,0.05406950535937867,0.0657874492701745,0.06547939083058524,-0.005994844840901514,True,12,13,0.0,1.0
L8_04,E3_joint_independent,3,3,swe+ceus,independent,k,1.9999999999999983e-12,3.5774568544155797e-13,1.1328927607012834e-14,1.1296918816289966e-11,0.9995904020503172,-1.7210801014394406,True,12,13,0.0,1.0
L8_04,E3_joint_independent,3,3,swe+ceus,independent,D,2.9999999999999997e-06,3.0075158168220597e-06,2.954787801448552e-06,3.061184760543744e-06,0.007681622604862665,0.002502139310962548,True,12,13,0.0,1.0
L8_04,E3_joint_independent,3,3,swe+ceus,independent,vmag,0.0004000000000000001,0.0004105692890023147,0.00038749254389176075,0.0004350203474339689,0.025123110328995203,0.02608015926383711,True,12,13,0.0,1.0
L8_04,E3_joint_independent,3,3,swe+ceus,independent,S_v,2.4000000000000004e-05,2.2360679774997884e-05,1.4338978448964585e-06,0.0003486998755034075,1.0,-0.07074978113685049,True,12,13,0.0,1.0
L8_04,E3_joint_independent,4,4,swe+ceus,independent,mu,1999.9999999999998,1985.6906303298495,1972.5189267834216,1998.9502893184072,0.00578081498727262,-0.007180402333099245,False,12,13,0.0,1.0
L8_04,E3_joint_independent,4,4,swe+ceus,independent,eta_s,4.0,4.011264119613187,3.9471857821732685,4.076382700293645,0.0069936910061110845,0.0028120723191311647,True,12,13,0.0,1.0
L8_04,E3_joint_independent,4,4,swe+ceus,independent,phi,0.06,0.06030890861597338,0.054669306515097126,0.06653028344973448,0.06554484459697535,0.005135268840501084,True,12,13,0.0,1.0
L8_04,E3_joint_independent,4,4,swe+ceus,independent,k,1.9999999999999983e-12,3.234113757347151e-13,1.0241103869314732e-14,1.0213246471214583e-11,0.999605680566599,-1.8219773375856967,True,12,13,0.0,1.0
L8_04,E3_joint_independent,4,4,swe+ceus,independent,D,2.9999999999999997e-06,2.9505720168572692e-06,2.8996537994325774e-06,3.002384363390138e-06,0.007560070317068096,-0.016613233093922375,True,12,13,0.0,1.0
L8_04,E3_joint_independent,4,4,swe+ceus,independent,vmag,0.0004000000000000001,0.000385848320654301,0.0003631892816415825,0.00040992103588196515,0.026283591150433733,-0.036020206541686584,True,12,13,0.0,1.0
L8_04,E3_joint_independent,4,4,swe+ceus,independent,S_v,2.4000000000000004e-05,2.2360679774997884e-05,1.4338978448964585e-06,0.0003486998755034075,1.0,-0.07074978113685049,True,12,13,0.0,1.0
L8_04,E4_joint_constitutive_Cvcal,0,0,swe+ceus,constitutive,mu,1999.9999999999998,2012.6843202400148,1999.3098552258452,2026.148254284684,0.005791112964451105,0.006322133253640949,True,12,13,0.0,1.0
L8_04,E4_joint_constitutive_Cvcal,0,0,swe+ceus,constitutive,eta_s,4.0,4.029393840108052,3.9646464272099444,4.095198655615438,0.007035255793905109,0.0073215916418412075,True,12,13,0.0,1.0
L8_04,E4_joint_constitutive_Cvcal,0,0,swe+ceus,constitutive,phi,0.06,0.05993564535977552,0.05433203461237454,0.06611719237686363,0.0655314903241505,-0.0010731529597833855,True,12,13,0.0,1.0
L8_04,E4_joint_constitutive_Cvcal,0,0,swe+ceus,constitutive,k,1.9999999999999983e-12,3.068305124001058e-13,9.713837508266146e-15,9.691840455391323e-12,0.9996718072998628,-1.8746069412780528,True,12,13,0.0,1.0
L8_04,E4_joint_constitutive_Cvcal,0,0,swe+ceus,constitutive,D,2.9999999999999997e-06,2.9669754327833966e-06,2.915495022204091e-06,3.019364859722953e-06,0.007601646015591916,-0.011069227547599425,True,12,13,0.0,1.0
L8_04,E4_joint_constitutive_Cvcal,0,0,swe+ceus,constitutive,vmag,0.0004000000000000001,0.00039133922661309454,0.0003684609762783993,0.0004156380190732102,0.026161883916421696,-0.021889776013126472,True,12,13,0.0,1.0
L8_04,E4_joint_constitutive_Cvcal,0,0,swe+ceus,constitutive,S_v,2.4000000000000004e-05,2.3974258143910214e-05,1.579673798238578e-05,3.638504697563126e-05,0.26883876784877975,-0.0010731529597833855,True,12,13,0.0,1.0
L8_04,E4_joint_constitutive_Cvcal,0,0,swe+ceus,constitutive,C_v,0.0004000000000000001,0.0004000000000000001,0.0002666666666666667,0.0006000000000000003,1.0,0.0,True,12,13,0.0,1.0
L8_04,E4_joint_constitutive_Cvcal,1,1,swe+ceus,constitutive,mu,1999.9999999999998,2002.106160591485,1988.912958996006,2015.3868776147012,0.005742649033880064,0.0010525261956617626,True,12,13,0.0,1.0
L8_04,E4_joint_constitutive_Cvcal,1,1,swe+ceus,constitutive,eta_s,4.0,3.965583896989033,3.9021170846606985,4.030082978770007,0.007006845922774166,-0.008641254078450844,True,12,13,0.0,1.0
L8_04,E4_joint_constitutive_Cvcal,1,1,swe+ceus,constitutive,phi,0.06,0.0607409991706879,0.055059815326045876,0.06700837913105415,0.06555910529895065,0.012274347222137383,True,12,13,0.0,1.0
L8_04,E4_joint_constitutive_Cvcal,1,1,swe+ceus,constitutive,k,1.9999999999999983e-12,3.066048809489786e-13,9.70734237798761e-15,9.684066901246538e-12,0.9996524778637383,-1.8753425736323273,True,12,13,0.0,1.0
L8_04,E4_joint_constitutive_Cvcal,1,1,swe+ceus,constitutive,D,2.9999999999999997e-06,3.0562299438161247e-06,3.003416876166062e-06,3.1099716937735766e-06,0.007570409733510836,0.018569823200850877,False,12,13,0.0,1.0
L8_04,E4_joint_constitutive_Cvcal,1,1,swe+ceus,constitutive,vmag,0.0004000000000000001,0.0003976500019807992,0.00037398327915430865,0.00042281442216587895,0.02664880368572426,-0.00589232072357504,True,12,13,0.0,1.0
L8_04,E4_joint_constitutive_Cvcal,1,1,swe+ceus,constitutive,S_v,2.4000000000000004e-05,2.4296399668275155e-05,1.6008842530677048e-05,3.687431091344462e-05,0.26884504088600514,0.012274347222136939,True,12,13,0.0,1.0
L8_04,E4_joint_constitutive_Cvcal,1,1,swe+ceus,constitutive,C_v,0.0004000000000000001,0.0004000000000000001,0.0002666666666666667,0.0006000000000000003,1.0,0.0,True,12,13,0.0,1.0
L8_04,E4_joint_constitutive_Cvcal,2,2,swe+ceus,constitutive,mu,1999.9999999999998,2008.6010084776065,1995.2003643486767,2022.0916572327778,0.0058143219297089235,0.00429128349689023,True,12,13,0.0,1.0
L8_04,E4_joint_constitutive_Cvcal,2,2,swe+ceus,constitutive,eta_s,4.0,4.012476232833902,3.947576588818568,4.078442851409082,0.007081908240227234,0.003114204037430346,True,12,13,0.0,1.0
L8_04,E4_joint_constitutive_Cvcal,2,2,swe+ceus,constitutive,phi,0.06,0.059059685392015865,0.05354349982555477,0.06514416222264104,0.06546255542486962,-0.015796012842018037,True,12,13,0.0,1.0
L8_04,E4_joint_constitutive_Cvcal,2,2,swe+ceus,constitutive,k,1.9999999999999983e-12,3.146729698574831e-13,9.960973239491553e-15,9.940703139965783e-12,0.9997051104222623,-1.8493685509385678,True,12,13,0.0,1.0
L8_04,E4_joint_constitutive_Cvcal,2,2,swe+ceus,constitutive,D,2.9999999999999997e-06,2.959462691543855e-06,2.9073410916844223e-06,3.0125187057310995e-06,0.007716882859748648,-0.013604559936533533,True,12,13,0.0,1.0
L8_04,E4_joint_constitutive_Cvcal,2,2,swe+ceus,constitutive,vmag,0.0004000000000000001,0.0004080869143804745,0.00038540839598592174,0.00043209990084040604,0.024831497636743246,0.020015630051821276,True,12,13,0.0,1.0
L8_04,E4_joint_constitutive_Cvcal,2,2,swe+ceus,constitutive,S_v,2.4000000000000004e-05,2.362387415680637e-05,1.5566246509605673e-05,3.5852408596525655e-05,0.2688231194435416,-0.01579601284201715,True,12,13,0.0,1.0
L8_04,E4_joint_constitutive_Cvcal,2,2,swe+ceus,constitutive,C_v,0.0004000000000000001,0.0004000000000000001,0.0002666666666666667,0.0006000000000000003,1.0,0.0,True,12,13,0.0,1.0
L8_04,E4_joint_constitutive_Cvcal,3,3,swe+ceus,constitutive,mu,1999.9999999999998,1985.804792636597,1972.4691453238563,1999.2306007965537,0.0058526721940344445,-0.007122911491680206,False,12,13,0.0,1.0
L8_04,E4_joint_constitutive_Cvcal,3,3,swe+ceus,constitutive,eta_s,4.0,4.03146648607552,3.9663162829745766,4.097686838065576,0.007075710955128342,0.007835840972377772,True,12,13,0.0,1.0
L8_04,E4_joint_constitutive_Cvcal,3,3,swe+ceus,constitutive,phi,0.06,0.0596413853032737,0.05406950535937867,0.0657874492701745,0.06547939083058524,-0.005994844840901514,True,12,13,0.0,1.0
L8_04,E4_joint_constitutive_Cvcal,3,3,swe+ceus,constitutive,k,1.9999999999999983e-12,3.5774568544155797e-13,1.1328927607012834e-14,1.1296918816289966e-11,0.9995904020503172,-1.7210801014394406,True,12,13,0.0,1.0
L8_04,E4_joint_constitutive_Cvcal,3,3,swe+ceus,constitutive,D,2.9999999999999997e-06,3.0075158168220597e-06,2.954787801448552e-06,3.061184760543744e-06,0.007681622604862665,0.002502139310962548,True,12,13,0.0,1.0
L8_04,E4_joint_constitutive_Cvcal,3,3,swe+ceus,constitutive,vmag,0.0004000000000000001,0.0004105692890023147,0.00038749254389176075,0.0004350203474339689,0.025123110328995203,0.02608015926383711,True,12,13,0.0,1.0
L8_04,E4_joint_constitutive_Cvcal,3,3,swe+ceus,constitutive,S_v,2.4000000000000004e-05,2.3856554121309466e-05,1.5719470836980844e-05,3.6205746392178074e-05,0.26882693968942384,-0.0059948448409024024,True,12,13,0.0,1.0
L8_04,E4_joint_constitutive_Cvcal,3,3,swe+ceus,constitutive,C_v,0.0004000000000000001,0.0004000000000000001,0.0002666666666666667,0.0006000000000000003,1.0,0.0,True,12,13,0.0,1.0
L8_04,E4_joint_constitutive_Cvcal,4,4,swe+ceus,constitutive,mu,1999.9999999999998,1985.6906303298495,1972.5189267834216,1998.9502893184072,0.00578081498727262,-0.007180402333099245,False,12,13,0.0,1.0
L8_04,E4_joint_constitutive_Cvcal,4,4,swe+ceus,constitutive,eta_s,4.0,4.011264119613187,3.9471857821732685,4.076382700293645,0.0069936910061110845,0.0028120723191311647,True,12,13,0.0,1.0
L8_04,E4_joint_constitutive_Cvcal,4,4,swe+ceus,constitutive,phi,0.06,0.06030890861597338,0.054669306515097126,0.06653028344973448,0.06554484459697535,0.005135268840501084,True,12,13,0.0,1.0
L8_04,E4_joint_constitutive_Cvcal,4,4,swe+ceus,constitutive,k,1.9999999999999983e-12,3.234113757347151e-13,1.0241103869314732e-14,1.0213246471214583e-11,0.999605680566599,-1.8219773375856967,True,12,13,0.0,1.0
L8_04,E4_joint_constitutive_Cvcal,4,4,swe+ceus,constitutive,D,2.9999999999999997e-06,2.9505720168572692e-06,2.8996537994325774e-06,3.002384363390138e-06,0.007560070317068096,-0.016613233093922375,True,12,13,0.0,1.0
L8_04,E4_joint_constitutive_Cvcal,4,4,swe+ceus,constitutive,vmag,0.0004000000000000001,0.000385848320654301,0.0003631892816415825,0.00040992103588196515,0.026283591150433733,-0.036020206541686584,True,12,13,0.0,1.0
L8_04,E4_joint_constitutive_Cvcal,4,4,swe+ceus,constitutive,S_v,2.4000000000000004e-05,2.4123563446389358e-05,1.5895041047567017e-05,3.661181569839662e-05,0.2688418011031186,0.005135268840501084,True,12,13,0.0,1.0
L8_04,E4_joint_constitutive_Cvcal,4,4,swe+ceus,constitutive,C_v,0.0004000000000000001,0.0004000000000000001,0.0002666666666666667,0.0006000000000000003,1.0,0.0,True,12,13,0.0,1.0
L8_04,E5_joint_network,0,0,swe+ceus,network,mu,1999.9999999999998,2012.3944167190646,1999.0154109770695,2025.8629654398992,0.005793922996179336,0.006178084632286307,True,12,13,0.0,1.0
L8_04,E5_joint_network,0,0,swe+ceus,network,eta_s,4.0,4.027736810021047,3.9629396296473196,4.0935934752663,0.0070436276438703505,0.006910271487726272,True,12,13,0.0,1.0
L8_04,E5_joint_network,0,0,swe+ceus,network,phi,0.06,0.05982645509710573,0.05423851011793209,0.06599010042318008,0.06546431535010101,-0.0028966061642257124,True,12,13,0.0,1.0
L8_04,E5_joint_network,0,0,swe+ceus,network,k,1.9999999999999983e-12,2.053932407143112e-12,3.8556360200060496e-13,1.0941484909942508e-11,0.4843267456196423,0.026609022490198697,True,12,13,0.0,1.0
L8_04,E5_joint_network,0,0,swe+ceus,network,D,2.9999999999999997e-06,2.9669448824243553e-06,2.915466686370063e-06,3.0193320254686422e-06,0.007601395097334397,-0.011079524402770602,True,12,13,0.0,1.0
L8_04,E5_joint_network,0,0,swe+ceus,network,vmag,0.0004000000000000001,0.00039121055231176237,0.0003683290414945545,0.0004155135191595715,0.026174597858485332,-0.02221863509904587,True,12,13,0.0,1.0
L8_04,E5_joint_network,0,0,swe+ceus,network,S_v,2.4000000000000004e-05,5.982645509710577e-05,5.970173024815959e-06,0.0005995144051283754,0.8390060483980073,0.9133941257099298,True,12,13,0.0,1.0
L8_04,E5_joint_network,0,0,swe+ceus,network,C_v,0.0004000000000000001,0.0010000000000000002,0.00010000000000000009,0.009999999999999995,1.0,0.9162907318741551,True,12,13,0.0,1.0
L8_04,E5_joint_network,1,1,swe+ceus,network,mu,1999.9999999999998,2001.8236911012198,1988.625218747092,2015.1097614958635,0.005745764193167131,0.0009114300720050039,True,12,13,0.0,1.0
L8_04,E5_joint_network,1,1,swe+ceus,network,eta_s,4.0,3.9639694920891855,3.9004448417193256,4.028528737580467,0.007016162674308818,-0.009048440925663925,True,12,13,0.0,1.0
L8_04,E5_joint_network,1,1,swe+ceus,network,phi,0.06,0.06062362104621496,0.05495895040592067,0.06687215461012787,0.06549186916436218,0.010340041147416823,True,12,13,0.0,1.0
L8_04,E5_joint_network,1,1,swe+ceus,network,k,1.9999999999999983e-12,2.109232653242743e-12,3.961990895184288e-13,1.1228855651619275e-11,0.48414067526043664,0.053177029334595005,True,12,13,0.0,1.0
L8_04,E5_joint_network,1,1,swe+ceus,network,D,2.9999999999999997e-06,3.056200024594137e-06,3.0033893893634985e-06,3.1099392650876634e-06,0.007570132763586184,0.018560033568203238,False,12,13,0.0,1.0
L8_04,E5_joint_network,1,1,swe+ceus,network,vmag,0.0004000000000000001,0.00039750812648744696,0.0003738378593942258,0.0004226771223214445,0.026662730373997287,-0.006249169228993878,True,12,13,0.0,1.0
L8_04,E5_joint_network,1,1,swe+ceus,network,S_v,2.4000000000000004e-05,6.062362104621494e-05,6.049712802856285e-06,0.0006075037854722412,0.8390066877947311,0.9266307730215715,True,12,13,0.0,1.0
L8_04,E5_joint_network,1,1,swe+ceus,network,C_v,0.0004000000000000001,0.0010000000000000002,0.00010000000000000009,0.009999999999999995,1.0,0.9162907318741551,True,12,13,0.0,1.0
L8_04,E5_joint_network,2,2,swe+ceus,network,mu,1999.9999999999998,2008.2862729451874,1994.878467624813,2021.78419365175,0.005818354243335641,0.004134577315704213,True,12,13,0.0,1.0
L8_04,E5_joint_network,2,2,swe+ceus,network,eta_s,4.0,4.010667025527069,3.9457082625280155,4.0766952139903525,0.007091636115607621,0.0026632068959764332,True,12,13,0.0,1.0
L8_04,E5_joint_network,2,2,swe+ceus,network,phi,0.06,0.05896631032104201,0.05346426520774388,0.06503457476441303,0.06539488156872884,-0.017378292913301507,True,12,13,0.0,1.0
L8_04,E5_joint_network,2,2,swe+ceus,network,k,1.9999999999999983e-12,2.0916727004063037e-12,3.924135838796384e-13,1.1149192753141117e-11,0.48449979707688257,0.0448169004420329,True,12,13,0.0,1.0
L8_04,E5_joint_network,2,2,swe+ceus,network,D,2.9999999999999997e-06,2.959436575650189e-06,2.9073172369121477e-06,3.0124902553111964e-06,0.007716613800898019,-0.013613384514377103,True,12,13,0.0,1.0
L8_04,E5_joint_network,2,2,swe+ceus,network,vmag,0.0004000000000000001,0.0004079648946391883,0.00038528340147936396,0.00043198163901924123,0.024842494244123322,0.019716581043297765,True,12,13,0.0,1.0
L8_04,E5_joint_network,2,2,swe+ceus,network,S_v,2.4000000000000004e-05,5.896631032104197e-05,5.884363892671007e-06,0.0005908923744855521,0.8390044383518843,0.8989124389608527,True,12,13,0.0,1.0
L8_04,E5_joint_network,2,2,swe+ceus,network,C_v,0.0004000000000000001,0.0010000000000000002,0.00010000000000000009,0.009999999999999995,1.0,0.9162907318741551,True,12,13,0.0,1.0
L8_04,E5_joint_network,3,3,swe+ceus,network,mu,1999.9999999999998,1985.406837828835,1972.0602401808399,1998.843763178362,0.005858672299396394,-0.00732333133636498,False,12,13,0.0,1.0
L8_04,E5_joint_network,3,3,swe+ceus,network,eta_s,4.0,4.029167414674263,3.9639228870449097,4.095485840183792,0.0070901157352621525,0.007265396639609456,True,12,13,0.0,1.0
L8_04,E5_joint_network,3,3,swe+ceus,network,phi,0.06,0.059640098267445686,0.05407398864519876,0.06577915575433328,0.06540962928441467,-0.006016424650097996,True,12,13,0.0,1.0
L8_04,E5_joint_network,3,3,swe+ceus,network,k,1.9999999999999983e-12,2.6835587644681188e-12,5.055150962216423e-13,1.4245840917866827e-11,0.4833179869424006,0.29399663027666634,True,12,13,0.0,1.0
L8_04,E5_joint_network,3,3,swe+ceus,network,D,2.9999999999999997e-06,3.007656882461315e-06,2.9549319474381975e-06,3.0613225900039495e-06,0.007680806387267065,0.0025490425825172025,True,12,13,0.0,1.0
L8_04,E5_joint_network,3,3,swe+ceus,network,vmag,0.0004000000000000001,0.00041037328538138883,0.0003872914593671185,0.00043483074382768763,0.025141161236970792,0.025602650529934934,True,12,13,0.0,1.0
L8_04,E5_joint_network,3,3,swe+ceus,network,S_v,2.4000000000000004e-05,5.96400982674457e-05,5.951596926469702e-06,0.0005976448615885089,0.8390047801825768,0.9102743072240571,True,12,13,0.0,1.0
L8_04,E5_joint_network,3,3,swe+ceus,network,C_v,0.0004000000000000001,0.0010000000000000002,0.00010000000000000009,0.009999999999999995,1.0,0.9162907318741551,True,12,13,0.0,1.0
L8_04,E5_joint_network,4,4,swe+ceus,network,mu,1999.9999999999998,1985.3919200315731,1972.2135027971083,1998.6583960287223,0.005784644427709929,-0.0073308450877140885,False,12,13,0.0,1.0
L8_04,E5_joint_network,4,4,swe+ceus,network,eta_s,4.0,4.00955637674996,3.9454095877251554,4.074746101989803,0.007004228673854316,0.0023862448393101587,True,12,13,0.0,1.0
L8_04,E5_joint_network,4,4,swe+ceus,network,phi,0.06,0.060236414304204434,0.05460916406198089,0.0664435295898237,0.06547671195649363,0.003932495995361052,True,12,13,0.0,1.0
L8_04,E5_joint_network,4,4,swe+ceus,network,k,1.9999999999999983e-12,2.2628786924503535e-12,4.2553614072877715e-13,1.2033337445736571e-11,0.4838165483486614,0.12349057990449452,True,12,13,0.0,1.0
L8_04,E5_joint_network,4,4,swe+ceus,network,D,2.9999999999999997e-06,2.950596788704758e-06,2.899681102448407e-06,3.00240650675818e-06,0.007559627189237651,-0.016604837520670657,True,12,13,0.0,1.0
L8_04,E5_joint_network,4,4,swe+ceus,network,vmag,0.0004000000000000001,0.00038569712071604404,0.0003630341918461035,0.0004097748153477223,0.026298866452881226,-0.036412147008404894,True,12,13,0.0,1.0
L8_04,E5_joint_network,4,4,swe+ceus,network,S_v,2.4000000000000004e-05,6.02364143042045e-05,6.011078728760532e-06,0.0006036230387180341,0.8390063360327312,0.920223227869517,True,12,13,0.0,1.0
L8_04,E5_joint_network,4,4,swe+ceus,network,C_v,0.0004000000000000001,0.0010000000000000002,0.00010000000000000009,0.009999999999999995,1.0,0.9162907318741551,True,12,13,0.0,1.0
L8_04,E8_relax_constitutive_Cvcal,0,0,swe+ceus+relax,constitutive,mu,1999.9999999999998,2012.397329394706,1999.0290787695862,2025.854978481646,0.005789241413104661,0.0061795319994173425,True,15,16,0.0,1.0
L8_04,E8_relax_constitutive_Cvcal,0,0,swe+ceus+relax,constitutive,eta_s,4.0,4.02775350022369,3.963029424411483,4.093534647670021,0.0070355868723722785,0.006914415295738108,True,15,16,0.0,1.0
L8_04,E8_relax_constitutive_Cvcal,0,0,swe+ceus+relax,constitutive,phi,0.06,0.0597788772664791,0.054202663202170785,0.06592875619251223,0.06537455475889813,-0.0036921866320183128,True,15,16,0.0,1.0
L8_04,E8_relax_constitutive_Cvcal,0,0,swe+ceus+relax,constitutive,k,1.9999999999999983e-12,2.0364858458745813e-12,1.2450404262621198e-12,3.3310360956700198e-12,0.14246529522416376,0.018078517301059804,True,15,16,0.0,1.0
L8_04,E8_relax_constitutive_Cvcal,0,0,swe+ceus+relax,constitutive,D,2.9999999999999997e-06,2.966697019000515e-06,2.9152199226734066e-06,3.019083100418478e-06,0.007601871942575599,-0.011163069526693548,True,15,16,0.0,1.0
L8_04,E8_relax_constitutive_Cvcal,0,0,swe+ceus+relax,constitutive,vmag,0.0004000000000000001,0.0003914662277354028,0.00036859367317834056,0.0004157581060357477,0.026146424513380135,-0.021565299164588936,True,15,16,0.0,1.0
L8_04,E8_relax_constitutive_Cvcal,0,0,swe+ceus+relax,constitutive,S_v,2.4000000000000004e-05,2.2863791759005172e-05,1.5345018457704786e-05,3.40666239692059e-05,0.2569726172352259,-0.04849931701309096,True,15,16,0.0,1.0
L8_04,E8_relax_constitutive_Cvcal,0,0,swe+ceus+relax,constitutive,C_v,0.0004000000000000001,0.0003824727529940748,0.0002593235728696279,0.0005641037764677486,0.958358218509777,-0.044807130381072646,True,15,16,0.0,1.0
L8_04,E8_relax_constitutive_Cvcal,1,1,swe+ceus+relax,constitutive,mu,1999.9999999999998,2001.8472422640405,1988.659295264328,2015.122646148138,0.005741099188729343,0.0009231948564805137,True,15,16,0.0,1.0
L8_04,E8_relax_constitutive_Cvcal,1,1,swe+ceus+relax,constitutive,eta_s,4.0,3.964104544815506,3.9006543287041624,4.028586877486101,0.007007634194079076,-0.009014371433955226,True,15,16,0.0,1.0
L8_04,E8_relax_constitutive_Cvcal,1,1,swe+ceus+relax,constitutive,phi,0.06,0.06057095398870988,0.05491861716823716,0.06680504091833411,0.06540175192265817,0.009470908831795466,True,15,16,0.0,1.0
L8_04,E8_relax_constitutive_Cvcal,1,1,swe+ceus+relax,constitutive,k,1.9999999999999983e-12,1.9604715483477618e-12,1.2035329218161167e-12,3.1934720041404033e-12,0.14126837954279012,-0.01996215036194826,True,15,16,0.0,1.0
L8_04,E8_relax_constitutive_Cvcal,1,1,swe+ceus+relax,constitutive,D,2.9999999999999997e-06,3.0559193808320937e-06,3.003109489151139e-06,3.109657938174233e-06,0.007570726541760922,0.018468201670419404,False,15,16,0.0,1.0
L8_04,E8_relax_constitutive_Cvcal,1,1,swe+ceus+relax,constitutive,vmag,0.0004000000000000001,0.0003977952430642452,0.0003741347037249135,0.00042295209139671337,0.026631591366481626,-0.005527138868595571,True,15,16,0.0,1.0
L8_04,E8_relax_constitutive_Cvcal,1,1,swe+ceus+relax,constitutive,S_v,2.4000000000000004e-05,2.3097761382698767e-05,1.5502233630032802e-05,3.44148200591247e-05,0.2569648595820773,-0.03831812735614015,True,15,16,0.0,1.0
L8_04,E8_relax_constitutive_Cvcal,1,1,swe+ceus+relax,constitutive,C_v,0.0004000000000000001,0.00038133395401043313,0.0002585562841804532,0.0005624136537317414,0.9583120695923149,-0.04778903618793606,True,15,16,0.0,1.0
L8_04,E8_relax_constitutive_Cvcal,2,2,swe+ceus+relax,constitutive,mu,1999.9999999999998,2008.3346345368282,1994.9386279149137,2021.8205953011422,0.005813076539232352,0.004158658050608999,True,15,16,0.0,1.0
L8_04,E8_relax_constitutive_Cvcal,2,2,swe+ceus+relax,constitutive,eta_s,4.0,4.010945799509353,3.946067128470343,4.076891163490666,0.007082324363135522,0.0027327126147083103,True,15,16,0.0,1.0
L8_04,E8_relax_constitutive_Cvcal,2,2,swe+ceus+relax,constitutive,phi,0.06,0.05894032499635354,0.053447787772274484,0.06499730027138487,0.0653063989032855,-0.01781907090750412,True,15,16,0.0,1.0
L8_04,E8_relax_constitutive_Cvcal,2,2,swe+ceus+relax,constitutive,k,1.9999999999999983e-12,1.8208041042480176e-12,1.1124382449125784e-12,2.9802351736899905e-12,0.1426582082924882,-0.0938689615220909,True,15,16,0.0,1.0
L8_04,E8_relax_constitutive_Cvcal,2,2,swe+ceus+relax,constitutive,D,2.9999999999999997e-06,2.959248284651105e-06,2.9071307188031045e-06,3.012300187800264e-06,0.007716844330677337,-0.013677010473045925,True,15,16,0.0,1.0
L8_04,E8_relax_constitutive_Cvcal,2,2,swe+ceus+relax,constitutive,vmag,0.0004000000000000001,0.0004081803581432432,0.00038550664386143783,0.0004321876352248579,0.02482023527295915,0.020244583891629198,True,15,16,0.0,1.0
L8_04,E8_relax_constitutive_Cvcal,2,2,swe+ceus+relax,constitutive,S_v,2.4000000000000004e-05,2.2773102732646697e-05,1.528413284817813e-05,3.3931542811308344e-05,0.25697344912969694,-0.0524736954953795,True,15,16,0.0,1.0
L8_04,E8_relax_constitutive_Cvcal,2,2,swe+ceus+relax,constitutive,C_v,0.0004000000000000001,0.0003863755880894043,0.0002619644241875926,0.0005698716363277222,0.9584085183935867,-0.034654624587874494,True,15,16,0.0,1.0
L8_04,E8_relax_constitutive_Cvcal,3,3,swe+ceus+relax,constitutive,mu,1999.9999999999998,1985.5508016641543,1972.2210888830602,1998.9706063947908,0.005850809753900778,-0.007250822965109371,False,15,16,0.0,1.0
L8_04,E8_relax_constitutive_Cvcal,3,3,swe+ceus+relax,constitutive,eta_s,4.0,4.030001599382106,3.964879095665155,4.0961937297857824,0.007075269944096032,0.0074724117076312435,True,15,16,0.0,1.0
L8_04,E8_relax_constitutive_Cvcal,3,3,swe+ceus+relax,constitutive,phi,0.06,0.05954794063538089,0.053997433461902264,0.06566899584989881,0.06532305774194809,-0.007562849128239346,True,15,16,0.0,1.0
L8_04,E8_relax_constitutive_Cvcal,3,3,swe+ceus+relax,constitutive,k,1.9999999999999983e-12,1.8482352650287815e-12,1.1293464808418223e-12,3.0247347938337936e-12,0.14262003306509277,-0.07891590752740996,True,15,16,0.0,1.0
L8_04,E8_relax_constitutive_Cvcal,3,3,swe+ceus+relax,constitutive,D,2.9999999999999997e-06,3.0073427916997656e-06,2.9546190189337854e-06,3.0610073951436994e-06,0.007681444878778895,0.002444606745825695,True,15,16,0.0,1.0
L8_04,E8_relax_constitutive_Cvcal,3,3,swe+ceus+relax,constitutive,vmag,0.0004000000000000001,0.00041064579842218466,0.0003875733763740652,0.0004350917324079579,0.025113447284837387,0.02626649149582594,True,15,16,0.0,1.0
L8_04,E8_relax_constitutive_Cvcal,3,3,swe+ceus+relax,constitutive,S_v,2.4000000000000004e-05,2.3191890715060467e-05,1.5565218717549356e-05,3.4555492261273604e-05,0.2569727469787055,-0.03425115092232289,True,15,16,0.0,1.0
L8_04,E8_relax_constitutive_Cvcal,3,3,swe+ceus+relax,constitutive,C_v,0.0004000000000000001,0.0003894658735063091,0.0002640611543665728,0.0005744262801163979,0.9583944854796899,-0.02668830179408399,True,15,16,0.0,1.0
L8_04,E8_relax_constitutive_Cvcal,4,4,swe+ceus+relax,constitutive,mu,1999.9999999999998,1985.4615093560526,1972.2943580364954,1998.7165653401269,0.0057794795335265724,-0.007295795028212204,False,15,16,0.0,1.0
L8_04,E8_relax_constitutive_Cvcal,4,4,swe+ceus+relax,constitutive,eta_s,4.0,4.009955558005679,3.945891767965691,4.0750594599989665,0.006994390600678401,0.0024857973455714166,True,15,16,0.0,1.0
L8_04,E8_relax_constitutive_Cvcal,4,4,swe+ceus+relax,constitutive,phi,0.06,0.060214850011271526,0.05459685083161697,0.06641093958079014,0.06538821688215893,0.003574437600775582,True,15,16,0.0,1.0
L8_04,E8_relax_constitutive_Cvcal,4,4,swe+ceus+relax,constitutive,k,1.9999999999999983e-12,1.8157388514859714e-12,1.102182759055167e-12,2.991253083673555e-12,0.1445331820211717,-0.0966547149694783,True,15,16,0.0,1.0
L8_04,E8_relax_constitutive_Cvcal,4,4,swe+ceus+relax,constitutive,D,2.9999999999999997e-06,2.9504111207393397e-06,2.8994967498725815e-06,3.0022195340501437e-06,0.007559910055090064,-0.016667765064008577,True,15,16,0.0,1.0
L8_04,E8_relax_constitutive_Cvcal,4,4,swe+ceus+relax,constitutive,vmag,0.0004000000000000001,0.0003859210114003619,0.000363266103537552,0.00040998878119902086,0.026273548687582284,-0.03583183226129805,True,15,16,0.0,1.0
L8_04,E8_relax_constitutive_Cvcal,4,4,swe+ceus+relax,constitutive,S_v,2.4000000000000004e-05,2.3451918702908046e-05,1.5739014350580623e-05,3.494453201432646e-05,0.2570023056901352,-0.023101517783281622,True,15,16,0.0,1.0
L8_04,E8_relax_constitutive_Cvcal,4,4,swe+ceus+relax,constitutive,C_v,0.0004000000000000001,0.00038947068204135915,0.0002640581425966921,0.0005744470163960841,0.9584530652484365,-0.026675955384056316,True,15,16,0.0,1.0
L8_04,E8_relax_constitutive_Cvcal_norm,0,0,swe+ceus+relax,constitutive,mu,1999.9999999999998,2012.5595973131606,1999.1876927888736,2026.0209420792273,0.00579036059295451,0.00626016288391984,True,12,16,0.0,1.0
L8_04,E8_relax_constitutive_Cvcal_norm,0,0,swe+ceus+relax,constitutive,eta_s,4.0,4.028680096208444,3.9639419809767293,4.094475498248056,0.007035493686610568,0.007144441641204535,True,12,16,0.0,1.0
L8_04,E8_relax_constitutive_Cvcal_norm,0,0,swe+ceus+relax,constitutive,phi,0.06,0.028377125532209235,0.010131428053894604,0.07948151525995512,0.6876055711945434,-0.7487611806019308,True,12,16,0.0,1.0
L8_04,E8_relax_constitutive_Cvcal_norm,0,0,swe+ceus+relax,constitutive,k,1.9999999999999983e-12,1.0532112955593716e-12,3.7342852222467976e-13,2.970458781470495e-12,0.30020534813764155,-0.6413033069875311,True,12,16,0.0,1.0
L8_04,E8_relax_constitutive_Cvcal_norm,0,0,swe+ceus+relax,constitutive,D,2.9999999999999997e-06,2.9634687542406806e-06,2.9099165988516075e-06,3.018006447616632e-06,0.00791981070695899,-0.012251830010692188,True,12,16,0.0,1.0
L8_04,E8_relax_constitutive_Cvcal_norm,0,0,swe+ceus+relax,constitutive,vmag,0.0004000000000000001,0.0004052838318261402,0.0003899969094540946,0.0004211699640635564,0.01669811312186804,0.013123093863172564,True,12,16,0.0,1.0
L8_04,E8_relax_constitutive_Cvcal_norm,0,0,swe+ceus+relax,constitutive,S_v,2.4000000000000004e-05,1.1550079057478687e-05,4.154546080598505e-06,3.211044567708575e-05,0.6589159263323907,-0.7313615486002192,True,12,16,0.0,1.0
L8_04,E8_relax_constitutive_Cvcal_norm,0,0,swe+ceus+relax,constitutive,C_v,0.0004000000000000001,0.0004070207549516899,0.0002735017507170322,0.0006057215155922106,0.980494124300637,0.017399632001710685,True,12,16,0.0,1.0
L8_04,E8_relax_constitutive_Cvcal_norm,1,1,swe+ceus+relax,constitutive,mu,1999.9999999999998,2001.9984951463716,1988.8074565907648,2015.2770250765705,0.005742014207445325,0.0009987486576621407,True,12,16,0.0,1.0
L8_04,E8_relax_constitutive_Cvcal_norm,1,1,swe+ceus+relax,constitutive,eta_s,4.0,3.9649678847964944,3.901507894761272,4.0294600835171535,0.007007183942069588,-0.008796605738897068,True,12,16,0.0,1.0
L8_04,E8_relax_constitutive_Cvcal_norm,1,1,swe+ceus+relax,constitutive,phi,0.06,0.028053823303310493,0.010019028507528718,0.07855222702899481,0.687403743851446,-0.7602196363935012,True,12,16,0.0,1.0
L8_04,E8_relax_constitutive_Cvcal_norm,1,1,swe+ceus+relax,constitutive,k,1.9999999999999983e-12,9.892108307441474e-13,3.5111720420085423e-13,2.7869271455629387e-12,0.2998911686699023,-0.7039949749614856,True,12,16,0.0,1.0
L8_04,E8_relax_constitutive_Cvcal_norm,1,1,swe+ceus+relax,constitutive,D,2.9999999999999997e-06,3.0653051379598992e-06,3.0109340407205744e-06,3.1206580621589074e-06,0.0077724714481608205,0.02153483137970902,False,12,16,0.0,1.0
L8_04,E8_relax_constitutive_Cvcal_norm,1,1,swe+ceus+relax,constitutive,vmag,0.0004000000000000001,0.00038290744302714864,0.00036647904925459033,0.00040007228305085057,0.019044656235273173,-0.04367125024706642,True,12,16,0.0,1.0
L8_04,E8_relax_constitutive_Cvcal_norm,1,1,swe+ceus+relax,constitutive,S_v,2.4000000000000004e-05,1.1409230548665503e-05,4.105322151893665e-06,3.170775322773592e-05,0.6586899923294924,-0.7436311053241145,True,12,16,0.0,1.0
L8_04,E8_relax_constitutive_Cvcal_norm,1,1,swe+ceus+relax,constitutive,C_v,0.0004000000000000001,0.00040669075388805026,0.00027328114293114885,0.0006052278892133487,0.9804838378556114,0.016588531069386292,True,12,16,0.0,1.0
L8_04,E8_relax_constitutive_Cvcal_norm,2,2,swe+ceus+relax,constitutive,mu,1999.9999999999998,2008.4804773631606,1995.0818516311172,2021.9690859554867,0.005813793284105925,0.004231274201631052,True,12,16,0.0,1.0
L8_04,E8_relax_constitutive_Cvcal_norm,2,2,swe+ceus+relax,constitutive,eta_s,4.0,4.011782930457242,3.9468922855778255,4.077740438956994,0.007082151928922553,0.0029414024455882704,True,12,16,0.0,1.0
L8_04,E8_relax_constitutive_Cvcal_norm,2,2,swe+ceus+relax,constitutive,phi,0.06,0.029858676747786056,0.010659795826013719,0.08363580238123337,0.6876423635970985,-0.6978690863044559,True,12,16,0.0,1.0
L8_04,E8_relax_constitutive_Cvcal_norm,2,2,swe+ceus+relax,constitutive,k,1.9999999999999983e-12,9.933476121582658e-13,3.520806561555744e-13,2.8025949773977822e-12,0.30030605814424755,-0.6998217941580833,True,12,16,0.0,1.0
L8_04,E8_relax_constitutive_Cvcal_norm,2,2,swe+ceus+relax,constitutive,D,2.9999999999999997e-06,2.968400127162073e-06,2.914594555226495e-06,3.0231989897651716e-06,0.007944292263311253,-0.010589158715678337,True,12,16,0.0,1.0
L8_04,E8_relax_constitutive_Cvcal_norm,2,2,swe+ceus+relax,constitutive,vmag,0.0004000000000000001,0.0004118001526195922,0.00039665280703295966,0.00042752594382479257,0.01627597118971438,0.029073618101452148,True,12,16,0.0,1.0
L8_04,E8_relax_constitutive_Cvcal_norm,2,2,swe+ceus+relax,constitutive,S_v,2.4000000000000004e-05,1.2199307944742603e-05,4.387793082704089e-06,3.391753246462204e-05,0.6589569969171155,-0.6766746060584765,True,12,16,0.0,1.0
L8_04,E8_relax_constitutive_Cvcal_norm,2,2,swe+ceus+relax,constitutive,C_v,0.0004000000000000001,0.0004085682713868805,0.0002745414186898426,0.0006080249500445939,0.9804959343671642,0.021194480245978475,True,12,16,0.0,1.0
L8_04,E8_relax_constitutive_Cvcal_norm,3,3,swe+ceus+relax,constitutive,mu,1999.9999999999998,1985.6909320553364,1972.3580001165833,1999.1139932069773,0.005851813122743781,-0.007180250383213682,False,12,16,0.0,1.0
L8_04,E8_relax_constitutive_Cvcal_norm,3,3,swe+ceus+relax,constitutive,eta_s,4.0,4.030809061716518,3.9656717085421866,4.097016315550911,0.00707546721410073,0.007672754420308792,True,12,16,0.0,1.0
L8_04,E8_relax_constitutive_Cvcal_norm,3,3,swe+ceus+relax,constitutive,phi,0.06,0.030853457745191576,0.01101543521426151,0.08641836081082528,0.6876124045777805,-0.6650957356493201,True,12,16,0.0,1.0
L8_04,E8_relax_constitutive_Cvcal_norm,3,3,swe+ceus+relax,constitutive,k,1.9999999999999983e-12,1.0221074284374121e-12,3.6229669021088335e-13,2.8835582093196748e-12,0.3002881187515869,-0.6712805784148408,True,12,16,0.0,1.0
L8_04,E8_relax_constitutive_Cvcal_norm,3,3,swe+ceus+relax,constitutive,D,2.9999999999999997e-06,3.0096671152687403e-06,2.9555914469672013e-06,3.064732155056402e-06,0.007874061930532047,0.003217191042852008,True,12,16,0.0,1.0
L8_04,E8_relax_constitutive_Cvcal_norm,3,3,swe+ceus+relax,constitutive,vmag,0.0004000000000000001,0.00040631024996132015,0.0003908348464402197,0.000422398413875518,0.016864500351819824,0.0156524831365763,True,12,16,0.0,1.0
L8_04,E8_relax_constitutive_Cvcal_norm,3,3,swe+ceus+relax,constitutive,S_v,2.4000000000000004e-05,1.2636796638757174e-05,4.545383255814012e-06,3.513204944490577e-05,0.6589235120859892,-0.6414409042262363,True,12,16,0.0,1.0
L8_04,E8_relax_constitutive_Cvcal_norm,3,3,swe+ceus+relax,constitutive,C_v,0.0004000000000000001,0.00040957473042795576,0.00027521788553272095,0.0006095223770810805,0.9804944386066671,0.02365483142308289,True,12,16,0.0,1.0
L8_04,E8_relax_constitutive_Cvcal_norm,4,4,swe+ceus+relax,constitutive,mu,1999.9999999999998,1985.5826814074514,1972.4130436284556,1998.8402517621266,0.00578022061762588,-0.00723476722513805,False,12,16,0.0,1.0
L8_04,E8_relax_constitutive_Cvcal_norm,4,4,swe+ceus+relax,constitutive,eta_s,4.0,4.01064674873667,3.946574778456698,4.075758916556536,0.006994075617779979,0.002658151167957312,True,12,16,0.0,1.0
L8_04,E8_relax_constitutive_Cvcal_norm,4,4,swe+ceus+relax,constitutive,phi,0.06,0.031621362212831475,0.011284827586040496,0.0886066305020017,0.687894434816213,-0.6405116506340147,True,12,16,0.0,1.0
L8_04,E8_relax_constitutive_Cvcal_norm,4,4,swe+ceus+relax,constitutive,k,1.9999999999999983e-12,1.0223884967540926e-12,3.617430965432215e-13,2.8895596026120767e-12,0.3008104683948099,-0.6710056272007172,True,12,16,0.0,1.0
L8_04,E8_relax_constitutive_Cvcal_norm,4,4,swe+ceus+relax,constitutive,D,2.9999999999999997e-06,2.948336296210407e-06,2.894880341483e-06,3.0027793518742054e-06,0.007946401886302343,-0.017371244792107277,True,12,16,0.0,1.0
L8_04,E8_relax_constitutive_Cvcal_norm,4,4,swe+ceus+relax,constitutive,vmag,0.0004000000000000001,0.00041055372770602014,0.00039547676488978055,0.000426205477280783,0.016249026900065074,0.026042256791297014,True,12,16,0.0,1.0
L8_04,E8_relax_constitutive_Cvcal_norm,4,4,swe+ceus+relax,constitutive,S_v,2.4000000000000004e-05,1.2973754578888483e-05,4.664296809119635e-06,3.6086534532736826e-05,0.6592395860197997,-0.6151253921157984,True,12,16,0.0,1.0
L8_04,E8_relax_constitutive_Cvcal_norm,4,4,swe+ceus+relax,constitutive,C_v,0.0004000000000000001,0.0004102844934878844,0.0002756931822953228,0.0006105822574034168,0.9805090713347434,0.025386258518216742,True,12,16,0.0,1.0
L8_04,E8_relax_independent_matched,0,0,swe+ceus+relax,independent,mu,1999.9999999999998,2012.4726308409336,1999.1011181614335,2025.9335823935921,0.005790441399473203,0.006216950076016303,True,15,16,0.0,1.0
L8_04,E8_relax_independent_matched,0,0,swe+ceus+relax,independent,eta_s,4.0,4.028184996152328,3.9634437447179285,4.093983769758672,0.00703670910429859,0.007021540227053036,True,15,16,0.0,1.0
L8_04,E8_relax_independent_matched,0,0,swe+ceus+relax,independent,phi,0.06,0.05993586187362043,0.05433223087462051,0.06611743123199702,0.06553149043349361,-0.0010695405276064385,True,15,16,0.0,1.0
L8_04,E8_relax_independent_matched,0,0,swe+ceus+relax,independent,k,1.9999999999999983e-12,1.5857621079833476e-12,5.624860412342473e-13,4.470584652372854e-12,0.30008419115382456,-0.23208206356402172,True,15,16,0.0,1.0
L8_04,E8_relax_independent_matched,0,0,swe+ceus+relax,independent,D,2.9999999999999997e-06,2.966975818297189e-06,2.9154954099270463e-06,3.019365242828679e-06,0.007601644690099151,-0.011069097612661949,True,15,16,0.0,1.0
L8_04,E8_relax_independent_matched,0,0,swe+ceus+relax,independent,vmag,0.0004000000000000001,0.000391339052364994,0.0003684607972074394,0.0004156378509372649,0.026161901607880268,-0.021890221274238897,True,15,16,0.0,1.0
L8_04,E8_relax_independent_matched,0,0,swe+ceus+relax,independent,S_v,2.4000000000000004e-05,1.764345113924653e-05,6.348958475969494e-06,4.903030462101817e-05,0.6586483542423074,-0.3076891560904311,True,15,16,0.0,1.0
L8_04,E8_relax_independent_matched,1,1,swe+ceus+relax,independent,mu,1999.9999999999998,2001.921231411882,1988.7304817163567,2015.1994720364844,0.005742110392209219,0.0009601546099409219,True,15,16,0.0,1.0
L8_04,E8_relax_independent_matched,1,1,swe+ceus+relax,independent,eta_s,4.0,3.9645283181475266,3.901064342454807,4.029024749564417,0.00700841087682337,-0.008907474484695754,True,15,16,0.0,1.0
L8_04,E8_relax_independent_matched,1,1,swe+ceus+relax,independent,phi,0.06,0.06074111900486504,0.05505992394760915,0.06700851133528281,0.06555910535192626,0.012276320091543003,True,15,16,0.0,1.0
L8_04,E8_relax_independent_matched,1,1,swe+ceus+relax,independent,k,1.9999999999999983e-12,1.4915138960726707e-12,5.296161255588538e-13,4.200426676643301e-12,0.2997774027066646,-0.2933555387867841,True,15,16,0.0,1.0
L8_04,E8_relax_independent_matched,1,1,swe+ceus+relax,independent,D,2.9999999999999997e-06,3.056230163939116e-06,3.0034170976109085e-06,3.1099719124597517e-06,0.007570408992336604,0.01856989522520358,False,15,16,0.0,1.0
L8_04,E8_relax_independent_matched,1,1,swe+ceus+relax,independent,vmag,0.0004000000000000001,0.0003976498989863183,0.0003739831733937963,0.0004228143227110553,0.02664881401624222,-0.005892579731480829,True,15,16,0.0,1.0
L8_04,E8_relax_independent_matched,1,1,swe+ceus+relax,independent,S_v,2.4000000000000004e-05,1.7422013433548907e-05,6.271305168826415e-06,4.8399263615417264e-05,0.6584396630322904,-0.3203192838834159,True,15,16,0.0,1.0
L8_04,E8_relax_independent_matched,2,2,swe+ceus+relax,independent,mu,1999.9999999999998,2008.390995394485,1994.9923225851053,2021.8796557346534,0.00581407367779833,0.004186721136242966,True,15,16,0.0,1.0
L8_04,E8_relax_independent_matched,2,2,swe+ceus+relax,independent,eta_s,4.0,4.011270323296131,3.946376087121647,4.077231680747375,0.007083459607959625,0.002813618883496405,True,15,16,0.0,1.0
L8_04,E8_relax_independent_matched,2,2,swe+ceus+relax,independent,phi,0.06,0.05905966621489581,0.053543482446793564,0.06514414106107114,0.06546255533494223,-0.015796337549524253,True,15,16,0.0,1.0
L8_04,E8_relax_independent_matched,2,2,swe+ceus+relax,independent,k,1.9999999999999983e-12,1.5042214221770045e-12,5.333197394921721e-13,4.242637051256981e-12,0.30021607402277795,-0.28487174367626267,True,15,16,0.0,1.0
L8_04,E8_relax_independent_matched,2,2,swe+ceus+relax,independent,D,2.9999999999999997e-06,2.9594626647784503e-06,2.9073410647538534e-06,3.0125186791454365e-06,0.007716882954836024,-0.013604568980541742,True,15,16,0.0,1.0
L8_04,E8_relax_independent_matched,2,2,swe+ceus+relax,independent,vmag,0.0004000000000000001,0.0004080869271434275,0.0003854084090746838,0.00043209991319388745,0.024831496470369453,0.02001566132690602,True,15,16,0.0,1.0
L8_04,E8_relax_independent_matched,2,2,swe+ceus+relax,independent,S_v,2.4000000000000004e-05,1.8705251111339362e-05,6.729973345966912e-06,5.198927263923559e-05,0.6587509561351258,-0.24924953781360415,True,15,16,0.0,1.0
L8_04,E8_relax_independent_matched,3,3,swe+ceus+relax,independent,mu,1999.9999999999998,1985.5973241926663,1972.2647916199364,1999.019984838238,0.005851914047173646,-0.007227392699080681,False,15,16,0.0,1.0
L8_04,E8_relax_independent_matched,3,3,swe+ceus+relax,independent,eta_s,4.0,4.030270606511407,3.965131349698266,4.0964799723332925,0.0070766287617805845,0.007539160602092698,True,15,16,0.0,1.0
L8_04,E8_relax_independent_matched,3,3,swe+ceus+relax,independent,phi,0.06,0.05964112351036443,0.05406926804605982,0.06578716047253311,0.06547939055771752,-0.00599923430104754,True,15,16,0.0,1.0
L8_04,E8_relax_independent_matched,3,3,swe+ceus+relax,independent,k,1.9999999999999983e-12,1.576843504920066e-12,5.591444733670445e-13,4.446856863371702e-12,0.3001763712783214,-0.2377221134448746,True,15,16,0.0,1.0
L8_04,E8_relax_independent_matched,3,3,swe+ceus+relax,independent,D,2.9999999999999997e-06,3.0075153315115057e-06,2.954787313802923e-06,3.0611842778068904e-06,0.0076816241986512575,0.002501977945030376,True,15,16,0.0,1.0
L8_04,E8_relax_independent_matched,3,3,swe+ceus+relax,independent,vmag,0.0004000000000000001,0.00041056950293407184,0.00038749276386043966,0.0004350205538295999,0.02512309008621244,0.026080680324976235,True,15,16,0.0,1.0
L8_04,E8_relax_independent_matched,3,3,swe+ceus+relax,independent,S_v,2.4000000000000004e-05,1.971048844130658e-05,7.09249973255278e-06,5.477664705600877e-05,0.6586735885248124,-0.19690292809480603,True,15,16,0.0,1.0
L8_04,E8_relax_independent_matched,4,4,swe+ceus+relax,independent,mu,1999.9999999999998,1985.5021290003888,1972.3326269650888,1998.7595653838237,0.005780396125217142,-0.007275336697168733,False,15,16,0.0,1.0
L8_04,E8_relax_independent_matched,4,4,swe+ceus+relax,independent,eta_s,4.0,4.010188193960293,3.9461111584101123,4.075305713754346,0.006995439312378623,0.0025438102595223278,True,15,16,0.0,1.0
L8_04,E8_relax_independent_matched,4,4,swe+ceus+relax,independent,phi,0.06,0.060308935275667774,0.05466933069230445,0.06653031284680923,0.06554484446860054,0.005135710892747003,True,15,16,0.0,1.0
L8_04,E8_relax_independent_matched,4,4,swe+ceus+relax,independent,k,1.9999999999999983e-12,1.5535088196661678e-12,5.498939845512225e-13,4.388827156838562e-12,0.3006898362421833,-0.25263105343757175,True,15,16,0.0,1.0
L8_04,E8_relax_independent_matched,4,4,swe+ceus+relax,independent,D,2.9999999999999997e-06,2.9505720508470967e-06,2.8996538334848794e-06,3.0023843973047962e-06,0.007560070219858438,-0.01661322157418077,True,15,16,0.0,1.0
L8_04,E8_relax_independent_matched,4,4,swe+ceus+relax,independent,vmag,0.0004000000000000001,0.000385848308261884,0.0003631892688053231,0.0004099210240387361,0.02628359255139799,-0.036020238659014936,True,15,16,0.0,1.0
L8_04,E8_relax_independent_matched,4,4,swe+ceus+relax,independent,S_v,2.4000000000000004e-05,1.9969064377735437e-05,7.1822693728041715e-06,5.552054809195402e-05,0.658967343090946,-0.18386953540809614,True,15,16,0.0,1.0
L8_05,E2_ceus,0,0,ceus,independent,phi,0.06,0.0299450890368196,0.00853148937771382,0.10510572277865793,0.8382600803307364,-0.6949792231649758,True,6,9,0.0,1.0
L8_05,E2_ceus,0,0,ceus,independent,k,7.000000000000004e-14,3.162277660168375e-13,9.999999999999987e-15,9.999999999999985e-12,1.0,1.5079674904357532,True,6,9,0.0,1.0
L8_05,E2_ceus,0,0,ceus,independent,D,2.9999999999999997e-06,3.0045966856065304e-06,2.951729881779118e-06,3.058410357561741e-06,0.007709571951988388,0.0015310558710748268,True,6,9,0.0,1.0
L8_05,E2_ceus,0,0,ceus,independent,vmag,0.0004000000000000001,0.0004158178012621682,0.0003928302286912424,0.000440150556698639,0.02469817783773618,0.038782639477846104,True,6,9,0.0,1.0
L8_05,E2_ceus,0,0,ceus,independent,S_v,0.00015000000000000004,2.2360679774997884e-05,1.4338978448964585e-06,0.0003486998755034075,1.0,-1.9033312448851607,True,6,9,0.0,1.0
L8_05,E2_ceus,1,1,ceus,independent,phi,0.06,0.030091107197480687,0.008573091013838257,0.10561823394954069,0.8382600483149621,-0.6901148760630029,True,6,9,0.0,1.0
L8_05,E2_ceus,1,1,ceus,independent,k,7.000000000000004e-14,3.162277660168375e-13,9.999999999999987e-15,9.999999999999985e-12,1.0,1.5079674904357532,True,6,9,0.0,1.0
L8_05,E2_ceus,1,1,ceus,independent,D,2.9999999999999997e-06,3.033984568901942e-06,2.9814307122441856e-06,3.087464795519685e-06,0.007588646702085562,0.011264506187927736,True,6,9,0.0,1.0
L8_05,E2_ceus,1,1,ceus,independent,vmag,0.0004000000000000001,0.0004064833486112385,0.0003832379143275216,0.0004311387431176718,0.02557429167068761,0.01607841821490208,True,6,9,0.0,1.0
L8_05,E2_ceus,1,1,ceus,independent,S_v,0.00015000000000000004,2.2360679774997884e-05,1.4338978448964585e-06,0.0003486998755034075,1.0,-1.9033312448851607,True,6,9,0.0,1.0
L8_05,E2_ceus,2,2,ceus,independent,phi,0.06,0.029736640013884295,0.008472106803830128,0.10437400988802205,0.838259648329671,-0.7019646062584646,True,6,9,0.0,1.0
L8_05,E2_ceus,2,2,ceus,independent,k,7.000000000000004e-14,3.162277660168375e-13,9.999999999999987e-15,9.999999999999985e-12,1.0,1.5079674904357532,True,6,9,0.0,1.0
L8_05,E2_ceus,2,2,ceus,independent,D,2.9999999999999997e-06,2.9689629097148597e-06,2.9160582704720633e-06,3.0228273723198132e-06,0.007808574058219699,-0.010399585482248952,True,6,9,0.0,1.0
L8_05,E2_ceus,2,2,ceus,independent,vmag,0.0004000000000000001,0.00043279068433899406,0.00041020545731908513,0.00045661941621833255,0.02327647030236048,0.07878965602210997,False,6,9,0.0,1.0
L8_05,E2_ceus,2,2,ceus,independent,S_v,0.00015000000000000004,2.2360679774997884e-05,1.4338978448964585e-06,0.0003486998755034075,1.0,-1.9033312448851607,True,6,9,0.0,1.0
L8_05,E2_ceus,3,3,ceus,independent,phi,0.06,0.03006641734762038,0.00856605926337189,0.10553154307333698,0.8382598536135375,-0.6909357160637608,True,6,9,0.0,1.0
L8_05,E2_ceus,3,3,ceus,independent,k,7.000000000000004e-14,3.162277660168375e-13,9.999999999999987e-15,9.999999999999985e-12,1.0,1.5079674904357532,True,6,9,0.0,1.0
L8_05,E2_ceus,3,3,ceus,independent,D,2.9999999999999997e-06,3.0076336072683755e-06,2.9560693006607064e-06,3.060097377807873e-06,0.007510317750802261,0.0025413039062289755,True,6,9,0.0,1.0
L8_05,E2_ceus,3,3,ceus,independent,vmag,0.0004000000000000001,0.0003864773697862914,0.00036307308478517774,0.00041139033328594336,0.027130013720166643,-0.034391232447265274,True,6,9,0.0,1.0
L8_05,E2_ceus,3,3,ceus,independent,S_v,0.00015000000000000004,2.2360679774997884e-05,1.4338978448964585e-06,0.0003486998755034075,1.0,-1.9033312448851607,True,6,9,0.0,1.0
L8_05,E2_ceus,4,4,ceus,independent,phi,0.06,0.030083415621753228,0.008570898167076757,0.10559125517878074,0.8382601637871293,-0.6903705183318234,True,6,9,0.0,1.0
L8_05,E2_ceus,4,4,ceus,independent,k,7.000000000000004e-14,3.162277660168375e-13,9.999999999999987e-15,9.999999999999985e-12,1.0,1.5079674904357532,True,6,9,0.0,1.0
L8_05,E2_ceus,4,4,ceus,independent,D,2.9999999999999997e-06,3.0232895049995675e-06,2.971152591125772e-06,3.0763413021400126e-06,0.007554779783052141,0.007733189993212264,True,6,9,0.0,1.0
L8_05,E2_ceus,4,4,ceus,independent,vmag,0.0004000000000000001,0.0004002692014710063,0.0003770107341052398,0.0004249625253415571,0.025998459354163866,0.0006727773120980274,True,6,9,0.0,1.0
L8_05,E2_ceus,4,4,ceus,independent,S_v,0.00015000000000000004,2.2360679774997884e-05,1.4338978448964585e-06,0.0003486998755034075,1.0,-1.9033312448851607,True,6,9,0.0,1.0
L8_05,E2_ceus_Acal,0,0,ceus,independent,phi,0.06,0.05946648157624066,0.05390896644803956,0.06559692503965579,0.06550385183367648,-0.008931743256308966,True,6,9,0.0,1.0
L8_05,E2_ceus_Acal,0,0,ceus,independent,k,7.000000000000004e-14,3.162277660168375e-13,9.999999999999987e-15,9.999999999999985e-12,1.0,1.5079674904357532,True,6,9,0.0,1.0
L8_05,E2_ceus_Acal,0,0,ceus,independent,D,2.9999999999999997e-06,3.0042834479715027e-06,2.95141833157879e-06,3.058095471992089e-06,0.007710134655978418,0.0014267976304882524,True,6,9,0.0,1.0
L8_05,E2_ceus_Acal,0,0,ceus,independent,vmag,0.0004000000000000001,0.00041595535218058263,0.00039297289763053116,0.0004402819025202674,0.024684117632082513,0.03911338090439731,True,6,9,0.0,1.0
L8_05,E2_ceus_Acal,0,0,ceus,independent,S_v,0.00015000000000000004,2.2360679774997884e-05,1.4338978448964585e-06,0.0003486998755034075,1.0,-1.9033312448851607,True,6,9,0.0,1.0
L8_05,E2_ceus_Acal,1,1,ceus,independent,phi,0.06,0.06044281285457198,0.054794435073238036,0.06667344267515087,0.0654992021601399,0.0073531137184974504,True,6,9,0.0,1.0
L8_05,E2_ceus_Acal,1,1,ceus,independent,k,7.000000000000004e-14,3.162277660168375e-13,9.999999999999987e-15,9.999999999999985e-12,1.0,1.5079674904357532,True,6,9,0.0,1.0
L8_05,E2_ceus_Acal,1,1,ceus,independent,D,2.9999999999999997e-06,3.0336641849312953e-06,2.98111189374079e-06,3.087142889959258e-06,0.007589227118910898,0.011158902194043918,True,6,9,0.0,1.0
L8_05,E2_ceus_Acal,1,1,ceus,independent,vmag,0.0004000000000000001,0.0004066242440727632,0.00038338410051921916,0.00043127316871988385,0.025559170814370338,0.016424978655863676,True,6,9,0.0,1.0
L8_05,E2_ceus_Acal,1,1,ceus,independent,S_v,0.00015000000000000004,2.2360679774997884e-05,1.4338978448964585e-06,0.0003486998755034075,1.0,-1.9033312448851607,True,6,9,0.0,1.0
L8_05,E2_ceus_Acal,2,2,ceus,independent,phi,0.06,0.0580913669817228,0.05266725536663252,0.06407409868453454,0.06544185712727106,-0.03232749835952475,True,6,9,0.0,1.0
L8_05,E2_ceus_Acal,2,2,ceus,independent,k,7.000000000000004e-14,3.162277660168375e-13,9.999999999999987e-15,9.999999999999985e-12,1.0,1.5079674904357532,True,6,9,0.0,1.0
L8_05,E2_ceus_Acal,2,2,ceus,independent,D,2.9999999999999997e-06,2.9686529907957807e-06,2.915750417878572e-06,3.0225154134326705e-06,0.007809088849893027,-0.010503977185772229,True,6,9,0.0,1.0
L8_05,E2_ceus_Acal,2,2,ceus,independent,vmag,0.0004000000000000001,0.000432920238229782,0.0004103399502584818,0.0004567430798557913,0.023264087289501103,0.07908895660473547,False,6,9,0.0,1.0
L8_05,E2_ceus_Acal,2,2,ceus,independent,S_v,0.00015000000000000004,2.2360679774997884e-05,1.4338978448964585e-06,0.0003486998755034075,1.0,-1.9033312448851607,True,6,9,0.0,1.0
L8_05,E2_ceus_Acal,3,3,ceus,independent,phi,0.06,0.060276635180423234,0.0546460749367507,0.06648735069955371,0.06547124589434522,0.004599990144487087,True,6,9,0.0,1.0
L8_05,E2_ceus_Acal,3,3,ceus,independent,k,7.000000000000004e-14,3.162277660168375e-13,9.999999999999987e-15,9.999999999999985e-12,1.0,1.5079674904357532,True,6,9,0.0,1.0
L8_05,E2_ceus_Acal,3,3,ceus,independent,D,2.9999999999999997e-06,3.00731533307461e-06,2.955752367423071e-06,3.05977781231737e-06,0.007510922476566749,0.0024354761769433964,True,6,9,0.0,1.0
L8_05,E2_ceus_Acal,3,3,ceus,independent,vmag,0.0004000000000000001,0.0003866266951173657,0.0003632281927875902,0.0004115324865897454,0.02711228720875202,-0.03400493171568186,True,6,9,0.0,1.0
L8_05,E2_ceus_Acal,3,3,ceus,independent,S_v,0.00015000000000000004,2.2360679774997884e-05,1.4338978448964585e-06,0.0003486998755034075,1.0,-1.9033312448851607,True,6,9,0.0,1.0
L8_05,E2_ceus_Acal,4,4,ceus,independent,phi,0.06,0.06039079960641222,0.05474592446187025,0.06661772018558122,0.06551576249594014,0.006492206718980764,True,6,9,0.0,1.0
L8_05,E2_ceus_Acal,4,4,ceus,independent,k,7.000000000000004e-14,3.162277660168375e-13,9.999999999999987e-15,9.999999999999985e-12,1.0,1.5079674904357532,True,6,9,0.0,1.0
L8_05,E2_ceus_Acal,4,4,ceus,independent,D,2.9999999999999997e-06,3.0229681531742776e-06,2.970832588418358e-06,3.076018652391e-06,0.007555392686160406,0.007626892232263316,True,6,9,0.0,1.0
L8_05,E2_ceus_Acal,4,4,ceus,independent,vmag,0.0004000000000000001,0.0004004164515631625,0.0003771633928074579,0.00042510311907254666,0.025982378836117304,0.0010405873090881812,True,6,9,0.0,1.0
L8_05,E2_ceus_Acal,4,4,ceus,independent,S_v,0.00015000000000000004,2.2360679774997884e-05,1.4338978448964585e-06,0.0003486998755034075,1.0,-1.9033312448851607,True,6,9,0.0,1.0
L8_05,E3_joint_independent,0,0,swe+ceus,independent,mu,5999.999999999995,6000.6417062626215,5984.962108131592,6016.362382314131,0.0022725819864685714,0.00010694532491584141,True,11,13,0.0,1.0
L8_05,E3_joint_independent,0,0,swe+ceus,independent,eta_s,0.5,0.5046272700030635,0.4900452051328201,0.5196432471198769,0.012734571862581761,0.009211979136759751,True,11,13,0.0,1.0
L8_05,E3_joint_independent,0,0,swe+ceus,independent,phi,0.06,0.05993578860145234,0.05433216444994039,0.06611735040645755,0.06553149047041655,-0.001070763037979816,True,11,13,0.0,1.0
L8_05,E3_joint_independent,0,0,swe+ceus,independent,k,7.000000000000004e-14,2.9118625642878093e-13,9.25418373753045e-15,9.162281443488443e-12,0.9985551700576797,1.4254678768296536,True,11,13,0.0,1.0
L8_05,E3_joint_independent,0,0,swe+ceus,independent,D,2.9999999999999997e-06,2.9669757069858785e-06,2.91549529798879e-06,3.0193651322013554e-06,0.007601645071189125,-0.01106913512941965,True,11,13,0.0,1.0
L8_05,E3_joint_independent,0,0,swe+ceus,independent,vmag,0.0004000000000000001,0.00039133910174001375,0.0003684608479541995,0.0004156378985745516,0.026161896588769096,-0.021890095104830642,True,11,13,0.0,1.0
L8_05,E3_joint_independent,0,0,swe+ceus,independent,S_v,0.00015000000000000004,2.2360679774997884e-05,1.4338978448964585e-06,0.0003486998755034075,1.0,-1.9033312448851607,True,11,13,0.0,1.0
L8_05,E3_joint_independent,1,1,swe+ceus,independent,mu,5999.999999999995,5975.447601138533,5959.835490917591,5991.1006081234755,0.002272340633934053,-0.004100461891827223,False,11,13,0.0,1.0
L8_05,E3_joint_independent,1,1,swe+ceus,independent,eta_s,0.5,0.5015196437199873,0.48752168705263393,0.5159195164375695,0.012294008564961675,0.003034678142860736,True,11,13,0.0,1.0
L8_05,E3_joint_independent,1,1,swe+ceus,independent,phi,0.06,0.0607411089118897,0.05505991479511903,0.06700850020518218,0.0655591053946527,0.012276153927726074,True,11,13,0.0,1.0
L8_05,E3_joint_independent,1,1,swe+ceus,independent,k,7.000000000000004e-14,3.6354142317359354e-13,1.15867381003475e-14,1.140634794870513e-11,0.997728474995269,1.6473980048927253,True,11,13,0.0,1.0
L8_05,E3_joint_independent,1,1,swe+ceus,independent,D,2.9999999999999997e-06,3.0562301684803717e-06,3.0034171022562795e-06,3.109971916891795e-06,0.007570408965934603,0.01856989671110476,False,11,13,0.0,1.0
L8_05,E3_joint_independent,1,1,swe+ceus,independent,vmag,0.0004000000000000001,0.00039764989082155056,0.00037398316500246827,0.00042281431483512757,0.026648814843643637,-0.0058926002640342645,True,11,13,0.0,1.0
L8_05,E3_joint_independent,1,1,swe+ceus,independent,S_v,0.00015000000000000004,2.2360679774997884e-05,1.4338978448964585e-06,0.0003486998755034075,1.0,-1.9033312448851607,True,11,13,0.0,1.0
L8_05,E3_joint_independent,2,2,swe+ceus,independent,mu,5999.999999999995,6004.7999689886,5989.138752218523,6020.502138844064,0.00226834038319806,0.0007996750061298741,True,11,13,0.0,1.0
L8_05,E3_joint_independent,2,2,swe+ceus,independent,eta_s,0.5,0.49184256343734595,0.4771803602161766,0.5069552885601323,0.013143548648883657,-0.016449426152097102,True,11,13,0.0,1.0
L8_05,E3_joint_independent,2,2,swe+ceus,independent,phi,0.06,0.059059885898062416,0.053543681597491066,0.06514438339360652,0.06546255550976034,-0.01579261787462416,True,11,13,0.0,1.0
L8_05,E3_joint_independent,2,2,swe+ceus,independent,k,7.000000000000004e-14,3.161661091635736e-13,1.0056751231406274e-14,9.939691882947688e-12,0.998305071572176,1.5077724953357716,True,11,13,0.0,1.0
L8_05,E3_joint_independent,2,2,swe+ceus,independent,D,2.9999999999999997e-06,2.9594630641166733e-06,2.907341465980424e-06,3.012519076398652e-06,0.007716881622165349,-0.01360443404449363,True,11,13,0.0,1.0
L8_05,E3_joint_independent,2,2,swe+ceus,independent,vmag,0.0004000000000000001,0.00040808675305354286,0.0003854082300169802,0.0004320997452764466,0.024831512970136266,0.020015234726811215,True,11,13,0.0,1.0
L8_05,E3_joint_independent,2,2,swe+ceus,independent,S_v,0.00015000000000000004,2.2360679774997884e-05,1.4338978448964585e-06,0.0003486998755034075,1.0,-1.9033312448851607,True,11,13,0.0,1.0
L8_05,E3_joint_independent,3,3,swe+ceus,independent,mu,5999.999999999995,6017.442818655702,6001.543527355088,6033.384230364625,0.002298023579353361,0.0029029188934863726,False,11,13,0.0,1.0
L8_05,E3_joint_independent,3,3,swe+ceus,independent,eta_s,0.5,0.503626245145256,0.488806159732566,0.518895659862142,0.012971684061973245,0.007226317452122766,True,11,13,0.0,1.0
L8_05,E3_joint_independent,3,3,swe+ceus,independent,phi,0.06,0.05964141553842424,0.054069532769779535,0.06578748262117627,0.06547939083169384,-0.005994337891864099,True,11,13,0.0,1.0
L8_05,E3_joint_independent,3,3,swe+ceus,independent,k,7.000000000000004e-14,3.354859842169672e-13,1.0677898737364497e-14,1.0540542514435456e-11,0.9981257221097654,1.5670849376833864,True,11,13,0.0,1.0
L8_05,E3_joint_independent,3,3,swe+ceus,independent,D,2.9999999999999997e-06,3.007515872715647e-06,2.9547878576475977e-06,3.0611848161030754e-06,0.007681622415936323,0.0025021578955986,True,11,13,0.0,1.0
L8_05,E3_joint_independent,3,3,swe+ceus,independent,vmag,0.0004000000000000001,0.0004105692630409896,0.00038749251722228103,0.00043502032235973357,0.025123112758126565,0.026080096031328992,True,11,13,0.0,1.0
L8_05,E3_joint_independent,3,3,swe+ceus,independent,S_v,0.00015000000000000004,2.2360679774997884e-05,1.4338978448964585e-06,0.0003486998755034075,1.0,-1.9033312448851607,True,11,13,0.0,1.0
L8_05,E3_joint_independent,4,4,swe+ceus,independent,mu,5999.999999999995,5988.273001890945,5972.665826937414,6003.920959958264,0.00226674976079229,-0.0019564122117792238,True,11,13,0.0,1.0
L8_05,E3_joint_independent,4,4,swe+ceus,independent,eta_s,0.5,0.4977905573996065,0.48469214746664696,0.5112429411769301,0.011580670466102453,-0.00442867733151131,True,11,13,0.0,1.0
L8_05,E3_joint_independent,4,4,swe+ceus,independent,phi,0.06,0.06030872835070316,0.05466914313038067,0.06653008455985253,0.06554484430875589,0.005132279803826911,True,11,13,0.0,1.0
L8_05,E3_joint_independent,4,4,swe+ceus,independent,k,7.000000000000004e-14,3.885416685208555e-13,1.2399978228701103e-14,1.2174588163997482e-11,0.9973444521283881,1.713905176886886,True,11,13,0.0,1.0
L8_05,E3_joint_independent,4,4,swe+ceus,independent,D,2.9999999999999997e-06,2.950571707015939e-06,2.8996534874713403e-06,3.002384055839362e-06,0.0075600714354139556,-0.016613338104525255,True,11,13,0.0,1.0
L8_05,E3_joint_independent,4,4,swe+ceus,independent,vmag,0.0004000000000000001,0.0003858484667797801,0.00036318943156801194,0.00040992117714864595,0.0262835763440456,-0.0360198278295254,True,11,13,0.0,1.0
L8_05,E3_joint_independent,4,4,swe+ceus,independent,S_v,0.00015000000000000004,2.2360679774997884e-05,1.4338978448964585e-06,0.0003486998755034075,1.0,-1.9033312448851607,True,11,13,0.0,1.0
L8_05,E4_joint_constitutive_Cvcal,0,0,swe+ceus,constitutive,mu,5999.999999999995,6000.6417062626215,5984.962108131592,6016.362382314131,0.0022725819864685714,0.00010694532491584141,True,11,13,0.0,1.0
L8_05,E4_joint_constitutive_Cvcal,0,0,swe+ceus,constitutive,eta_s,0.5,0.5046272700030635,0.4900452051328201,0.5196432471198769,0.012734571862581761,0.009211979136759751,True,11,13,0.0,1.0
L8_05,E4_joint_constitutive_Cvcal,0,0,swe+ceus,constitutive,phi,0.06,0.05993578860145234,0.05433216444994039,0.06611735040645755,0.06553149047041655,-0.001070763037979816,True,11,13,0.0,1.0
L8_05,E4_joint_constitutive_Cvcal,0,0,swe+ceus,constitutive,k,7.000000000000004e-14,2.9118625642878093e-13,9.25418373753045e-15,9.162281443488443e-12,0.9985551700576797,1.4254678768296536,True,11,13,0.0,1.0
L8_05,E4_joint_constitutive_Cvcal,0,0,swe+ceus,constitutive,D,2.9999999999999997e-06,2.9669757069858785e-06,2.91549529798879e-06,3.0193651322013554e-06,0.007601645071189125,-0.01106913512941965,True,11,13,0.0,1.0
L8_05,E4_joint_constitutive_Cvcal,0,0,swe+ceus,constitutive,vmag,0.0004000000000000001,0.00039133910174001375,0.0003684608479541995,0.0004156378985745516,0.026161896588769096,-0.021890095104830642,True,11,13,0.0,1.0
L8_05,E4_joint_constitutive_Cvcal,0,0,swe+ceus,constitutive,S_v,0.00015000000000000001,0.0001498394715036309,9.872984834115687e-05,0.0002274070870939245,0.268838767881999,-0.001070763037979816,True,11,13,0.0,1.0
L8_05,E4_joint_constitutive_Cvcal,0,0,swe+ceus,constitutive,C_v,0.0025000000000000005,0.0025000000000000005,0.0016666666666666668,0.003750000000000002,1.0,0.0,True,11,13,0.0,1.0
L8_05,E4_joint_constitutive_Cvcal,1,1,swe+ceus,constitutive,mu,5999.999999999995,5975.447601138533,5959.835490917591,5991.1006081234755,0.002272340633934053,-0.004100461891827223,False,11,13,0.0,1.0
L8_05,E4_joint_constitutive_Cvcal,1,1,swe+ceus,constitutive,eta_s,0.5,0.5015196437199873,0.48752168705263393,0.5159195164375695,0.012294008564961675,0.003034678142860736,True,11,13,0.0,1.0
L8_05,E4_joint_constitutive_Cvcal,1,1,swe+ceus,constitutive,phi,0.06,0.0607411089118897,0.05505991479511903,0.06700850020518218,0.0655591053946527,0.012276153927726074,True,11,13,0.0,1.0
L8_05,E4_joint_constitutive_Cvcal,1,1,swe+ceus,constitutive,k,7.000000000000004e-14,3.6354142317359354e-13,1.15867381003475e-14,1.140634794870513e-11,0.997728474995269,1.6473980048927253,True,11,13,0.0,1.0
L8_05,E4_joint_constitutive_Cvcal,1,1,swe+ceus,constitutive,D,2.9999999999999997e-06,3.0562301684803717e-06,3.0034171022562795e-06,3.109971916891795e-06,0.007570408965934603,0.01856989671110476,False,11,13,0.0,1.0
L8_05,E4_joint_constitutive_Cvcal,1,1,swe+ceus,constitutive,vmag,0.0004000000000000001,0.00039764989082155056,0.00037398316500246827,0.00042281431483512757,0.026648814843643637,-0.0058926002640342645,True,11,13,0.0,1.0
L8_05,E4_joint_constitutive_Cvcal,1,1,swe+ceus,constitutive,S_v,0.00015000000000000001,0.00015185277227972423,0.00010005544658392672,0.0002304648595985789,0.2688450409077492,0.01227615392772563,True,11,13,0.0,1.0
L8_05,E4_joint_constitutive_Cvcal,1,1,swe+ceus,constitutive,C_v,0.0025000000000000005,0.0025000000000000005,0.0016666666666666668,0.003750000000000002,1.0,0.0,True,11,13,0.0,1.0
L8_05,E4_joint_constitutive_Cvcal,2,2,swe+ceus,constitutive,mu,5999.999999999995,6004.799960370039,5989.138741760143,6020.5021320750175,0.0022683406532820853,0.0007996735708513114,True,11,13,0.0,1.0
L8_05,E4_joint_constitutive_Cvcal,2,2,swe+ceus,constitutive,eta_s,0.5,0.49184254457729804,0.47718033477269445,0.5069552767121159,0.013143555152344525,-0.016449464497798827,True,11,13,0.0,1.0
L8_05,E4_joint_constitutive_Cvcal,2,2,swe+ceus,constitutive,phi,0.06,0.05905989485782012,0.05354368972041114,0.06514439327641436,0.06546255550969278,-0.015792466168319752,True,11,13,0.0,1.0
L8_05,E4_joint_constitutive_Cvcal,2,2,swe+ceus,constitutive,k,7.000000000000004e-14,3.161753782100793e-13,1.0057049485412562e-14,9.939979904770832e-12,0.9983049731123661,1.5078018119208494,True,11,13,0.0,1.0
L8_05,E4_joint_constitutive_Cvcal,2,2,swe+ceus,constitutive,D,2.9999999999999997e-06,2.959463055537789e-06,2.9073414573762216e-06,3.0125190678487585e-06,0.00771688164851683,-0.013604436943291276,True,11,13,0.0,1.0
L8_05,E4_joint_constitutive_Cvcal,2,2,swe+ceus,constitutive,vmag,0.0004000000000000001,0.00040808675662026703,0.0003854082336953236,0.00043209974870567935,0.02483151262100404,0.02001524346692385,True,11,13,0.0,1.0
L8_05,E4_joint_constitutive_Cvcal,2,2,swe+ceus,constitutive,S_v,0.00015000000000000001,0.00014764973714455042,9.728938573522358e-05,0.00022407834846635267,0.26882311946278703,-0.015792466168319308,True,11,13,0.0,1.0
L8_05,E4_joint_constitutive_Cvcal,2,2,swe+ceus,constitutive,C_v,0.0025000000000000005,0.0025000000000000005,0.0016666666666666668,0.003750000000000002,1.0,0.0,True,11,13,0.0,1.0
L8_05,E4_joint_constitutive_Cvcal,3,3,swe+ceus,constitutive,mu,5999.999999999995,6017.442818655702,6001.543527355088,6033.384230364625,0.002298023579353361,0.0029029188934863726,False,11,13,0.0,1.0
L8_05,E4_joint_constitutive_Cvcal,3,3,swe+ceus,constitutive,eta_s,0.5,0.503626245145256,0.488806159732566,0.518895659862142,0.012971684061973245,0.007226317452122766,True,11,13,0.0,1.0
L8_05,E4_joint_constitutive_Cvcal,3,3,swe+ceus,constitutive,phi,0.06,0.05964141553842424,0.054069532769779535,0.06578748262117627,0.06547939083169384,-0.005994337891864099,True,11,13,0.0,1.0
L8_05,E4_joint_constitutive_Cvcal,3,3,swe+ceus,constitutive,k,7.000000000000004e-14,3.354859842169672e-13,1.0677898737364497e-14,1.0540542514435456e-11,0.9981257221097654,1.5670849376833864,True,11,13,0.0,1.0
L8_05,E4_joint_constitutive_Cvcal,3,3,swe+ceus,constitutive,D,2.9999999999999997e-06,3.007515872715647e-06,2.9547878576475977e-06,3.0611848161030754e-06,0.007681622415936323,0.0025021578955986,True,11,13,0.0,1.0
L8_05,E4_joint_constitutive_Cvcal,3,3,swe+ceus,constitutive,vmag,0.0004000000000000001,0.0004105692630409896,0.00038749251722228103,0.00043502032235973357,0.025123112758126565,0.026080096031328992,True,11,13,0.0,1.0
L8_05,E4_joint_constitutive_Cvcal,3,3,swe+ceus,constitutive,S_v,0.00015000000000000001,0.0001491035388460605,9.824674253717082e-05,0.00022628602966665725,0.2688269396896754,-0.005994337891864987,True,11,13,0.0,1.0
L8_05,E4_joint_constitutive_Cvcal,3,3,swe+ceus,constitutive,C_v,0.0025000000000000005,0.0025000000000000005,0.0016666666666666668,0.003750000000000002,1.0,0.0,True,11,13,0.0,1.0
L8_05,E4_joint_constitutive_Cvcal,4,4,swe+ceus,constitutive,mu,5999.999999999995,5988.273001890945,5972.665826937414,6003.920959958264,0.00226674976079229,-0.0019564122117792238,True,11,13,0.0,1.0
L8_05,E4_joint_constitutive_Cvcal,4,4,swe+ceus,constitutive,eta_s,0.5,0.4977905573996065,0.48469214746664696,0.5112429411769301,0.011580670466102453,-0.00442867733151131,True,11,13,0.0,1.0
L8_05,E4_joint_constitutive_Cvcal,4,4,swe+ceus,constitutive,phi,0.06,0.06030872835070316,0.05466914313038067,0.06653008455985253,0.06554484430875589,0.005132279803826911,True,11,13,0.0,1.0
L8_05,E4_joint_constitutive_Cvcal,4,4,swe+ceus,constitutive,k,7.000000000000004e-14,3.885416685208555e-13,1.2399978228701103e-14,1.2174588163997482e-11,0.9973444521283881,1.713905176886886,True,11,13,0.0,1.0
L8_05,E4_joint_constitutive_Cvcal,4,4,swe+ceus,constitutive,D,2.9999999999999997e-06,2.950571707015939e-06,2.8996534874713403e-06,3.002384055839362e-06,0.0075600714354139556,-0.016613338104525255,True,11,13,0.0,1.0
L8_05,E4_joint_constitutive_Cvcal,4,4,swe+ceus,constitutive,vmag,0.0004000000000000001,0.0003858484667797801,0.00036318943156801194,0.00040992117714864595,0.0262835763440456,-0.0360198278295254,True,11,13,0.0,1.0
L8_05,E4_joint_constitutive_Cvcal,4,4,swe+ceus,constitutive,S_v,0.00015000000000000001,0.0001507718208767578,9.934370961495165e-05,0.0002288231641298792,0.2688418010376469,0.005132279803826023,True,11,13,0.0,1.0
L8_05,E4_joint_constitutive_Cvcal,4,4,swe+ceus,constitutive,C_v,0.0025000000000000005,0.0025000000000000005,0.0016666666666666668,0.003750000000000002,1.0,0.0,True,11,13,0.0,1.0
L8_05,E5_joint_network,0,0,swe+ceus,network,mu,5999.999999999995,5999.206895605472,5983.265779021488,6015.190483844123,0.002311089952860208,-0.00013219280283749413,True,11,13,0.0,1.0
L8_05,E5_joint_network,0,0,swe+ceus,network,eta_s,0.5,0.502055421349294,0.48671984412078007,0.5178741922091599,0.013472607800844943,0.004102416269996412,True,11,13,0.0,1.0
L8_05,E5_joint_network,0,0,swe+ceus,network,phi,0.06,0.05977507562401062,0.054192617524708935,0.06593259061950761,0.065455840774782,-0.0037557837340438383,True,11,13,0.0,1.0
L8_05,E5_joint_network,0,0,swe+ceus,network,k,7.000000000000004e-14,1.796463038488215e-12,3.421506148773339e-13,9.43233566834693e-12,0.4801339742632238,3.2450797901140014,False,11,13,0.0,1.0
L8_05,E5_joint_network,0,0,swe+ceus,network,D,2.9999999999999997e-06,2.9668629356108165e-06,2.915384548505451e-06,3.019250302061746e-06,0.007601635361573971,-0.011107144715412076,True,11,13,0.0,1.0
L8_05,E5_joint_network,0,0,swe+ceus,network,vmag,0.0004000000000000001,0.0003912446603670506,0.00036836421126711306,0.0004155462978859554,0.026170994095258374,-0.02213145297090069,True,11,13,0.0,1.0
L8_05,E5_joint_network,0,0,swe+ceus,network,S_v,0.00015000000000000001,5.977507562401063e-05,5.965049010388183e-06,0.0005989992135242605,0.8390058517962743,-0.920046515608199,True,11,13,0.0,1.0
L8_05,E5_joint_network,0,0,swe+ceus,network,C_v,0.0025000000000000005,0.0010000000000000002,0.00010000000000000009,0.009999999999999995,1.0,-0.9162907318741551,True,11,13,0.0,1.0
L8_05,E5_joint_network,1,1,swe+ceus,network,mu,5999.999999999995,5973.274734159293,5957.069070624123,5989.524483725278,0.0023597088877823726,-0.004464160527081873,False,11,13,0.0,1.0
L8_05,E5_joint_network,1,1,swe+ceus,network,eta_s,0.5,0.49763831935397196,0.48203638482414335,0.5137452372600282,0.01383399402537103,-0.004734551614198335,True,11,13,0.0,1.0
L8_05,E5_joint_network,1,1,swe+ceus,network,phi,0.06,0.0607152836467026,0.055043673100407496,0.06697128771866538,0.06547215892831362,0.011850894045849714,True,11,13,0.0,1.0
L8_05,E5_joint_network,1,1,swe+ceus,network,k,7.000000000000004e-14,2.575952713431992e-12,5.007537796040707e-13,1.3251087963997268e-11,0.4742091003277072,3.6054794884194408,False,11,13,0.0,1.0
L8_05,E5_joint_network,1,1,swe+ceus,network,D,2.9999999999999997e-06,3.0563525724266924e-06,3.0035432807563687e-06,3.1100903745348675e-06,0.007569557342247941,0.01860994653996606,False,11,13,0.0,1.0
L8_05,E5_joint_network,1,1,swe+ceus,network,vmag,0.0004000000000000001,0.00039744192666346683,0.00037377002786414675,0.00042261303286571147,0.026669206552324815,-0.00641572013082925,True,11,13,0.0,1.0
L8_05,E5_joint_network,1,1,swe+ceus,network,S_v,0.00015000000000000001,6.071528364670267e-05,6.058867549978693e-06,0.0006084215635828719,0.8390062303838732,-0.9044398378283045,True,11,13,0.0,1.0
L8_05,E5_joint_network,1,1,swe+ceus,network,C_v,0.0025000000000000005,0.0010000000000000002,0.00010000000000000009,0.009999999999999995,1.0,-0.9162907318741551,True,11,13,0.0,1.0
L8_05,E5_joint_network,2,2,swe+ceus,network,mu,5999.999999999995,6003.2369778539,5987.258646316713,6019.257951123103,0.002314935275966356,0.00053935083317036,True,11,13,0.0,1.0
L8_05,E5_joint_network,2,2,swe+ceus,network,eta_s,0.5,0.48907888579360964,0.4735383453083384,0.5051294343932546,0.014023761882546483,-0.02208430131676664,True,11,13,0.0,1.0
L8_05,E5_joint_network,2,2,swe+ceus,network,phi,0.06,0.05894278453373039,0.05344378690230426,0.06500759115256431,0.06538423421801852,-0.01777734249726759,True,11,13,0.0,1.0
L8_05,E5_joint_network,2,2,swe+ceus,network,k,7.000000000000004e-14,1.943084406373264e-12,3.71291530378262e-13,1.0168766862105584e-11,0.47918441596596156,3.3235366476471526,False,11,13,0.0,1.0
L8_05,E5_joint_network,2,2,swe+ceus,network,D,2.9999999999999997e-06,2.95939915403541e-06,2.9072799594320016e-06,3.0124526963741623e-06,0.007716690718478401,-0.01362602943864566,True,11,13,0.0,1.0
L8_05,E5_joint_network,2,2,swe+ceus,network,vmag,0.0004000000000000001,0.00040797949241821226,0.00038529854423855934,0.00043199557517862187,0.024840965167177306,0.019752362352066122,True,11,13,0.0,1.0
L8_05,E5_joint_network,2,2,swe+ceus,network,S_v,0.00015000000000000001,5.8942784533730406e-05,5.882020194865084e-06,0.0005906562258359362,0.8390041916095404,-0.9340680743714227,True,11,13,0.0,1.0
L8_05,E5_joint_network,2,2,swe+ceus,network,C_v,0.0025000000000000005,0.0010000000000000002,0.00010000000000000009,0.009999999999999995,1.0,-0.9162907318741551,True,11,13,0.0,1.0
L8_05,E5_joint_network,3,3,swe+ceus,network,mu,5999.999999999995,6015.53855704553,5999.18207600858,6031.939633240374,0.0023649434932533383,0.002586411858926496,True,11,13,0.0,1.0
L8_05,E5_joint_network,3,3,swe+ceus,network,eta_s,0.5,0.5002699507426895,0.4842256250507857,0.5168458889176809,0.014156648871628789,0.0005397557910100659,True,11,13,0.0,1.0
L8_05,E5_joint_network,3,3,swe+ceus,network,phi,0.06,0.05957391610744559,0.0540150359982573,0.06570488040573498,0.06539661619147413,-0.007126733151093578,True,11,13,0.0,1.0
L8_05,E5_joint_network,3,3,swe+ceus,network,k,7.000000000000004e-14,2.288813066572092e-12,4.409260631216317e-13,1.1881051477481001e-11,0.4768297022850829,3.4872934085884957,False,11,13,0.0,1.0
L8_05,E5_joint_network,3,3,swe+ceus,network,D,2.9999999999999997e-06,3.007545555264843e-06,2.954820503068631e-06,3.0612114196444706e-06,0.007681110450733346,0.0025120273040997176,True,11,13,0.0,1.0
L8_05,E5_joint_network,3,3,swe+ceus,network,vmag,0.0004000000000000001,0.0004104187933539803,0.0003873384238388591,0.0004348744549242375,0.025136658210184543,0.02571353847297697,True,11,13,0.0,1.0
L8_05,E5_joint_network,3,3,swe+ceus,network,S_v,0.00015000000000000001,5.957391610744558e-05,5.94499741067174e-06,0.0005969811650390522,0.8390044785539349,-0.9234174650252491,True,11,13,0.0,1.0
L8_05,E5_joint_network,3,3,swe+ceus,network,C_v,0.0025000000000000005,0.0010000000000000002,0.00010000000000000009,0.009999999999999995,1.0,-0.9162907318741551,True,11,13,0.0,1.0
L8_05,E5_joint_network,4,4,swe+ceus,network,mu,5999.999999999995,5985.039880352635,5968.1858181750795,6001.941538134707,0.002449424527472185,-0.002496466856419133,True,11,13,0.0,1.0
L8_05,E5_joint_network,4,4,swe+ceus,network,eta_s,0.5,0.4920898570977928,0.47582516203898256,0.5089105133088516,0.014597009326251955,-0.015946762228248867,True,11,13,0.0,1.0
L8_05,E5_joint_network,4,4,swe+ceus,network,phi,0.06,0.0604123456735079,0.05477176513995042,0.06663381215577001,0.06543886246778433,0.006848920400138958,True,11,13,0.0,1.0
L8_05,E5_joint_network,4,4,swe+ceus,network,k,7.000000000000004e-14,3.5248027890062225e-12,7.086477451435896e-13,1.7532313884479495e-11,0.46446960924557434,3.9190845252507387,False,11,13,0.0,1.0
L8_05,E5_joint_network,4,4,swe+ceus,network,D,2.9999999999999997e-06,2.950867567481973e-06,2.899954253196134e-06,3.002674746065399e-06,0.007558572203174111,-0.016513070880710856,True,11,13,0.0,1.0
L8_05,E5_joint_network,4,4,swe+ceus,network,vmag,0.0004000000000000001,0.000385585542890934,0.000362919823573083,0.00040966682233756956,0.026310051057605977,-0.036701477577217645,True,11,13,0.0,1.0
L8_05,E5_joint_network,4,4,swe+ceus,network,S_v,0.00015000000000000001,6.0412345673507915e-05,6.0286497144918245e-06,0.0006053845691187343,0.8390054579928474,-0.9094418114740161,True,11,13,0.0,1.0
L8_05,E5_joint_network,4,4,swe+ceus,network,C_v,0.0025000000000000005,0.0010000000000000002,0.00010000000000000009,0.009999999999999995,1.0,-0.9162907318741551,True,11,13,0.0,1.0
L8_05,E8_relax_constitutive_Cvcal,0,0,swe+ceus+relax,constitutive,mu,5999.999999999995,6000.783930602443,5985.127384486679,6016.481432811626,0.0022691826336119743,0.0001306465657737732,True,14,16,0.0,1.0
L8_05,E8_relax_constitutive_Cvcal,0,0,swe+ceus+relax,constitutive,eta_s,0.5,0.5048975507671153,0.4903999221813219,0.5198237708454944,0.012652871364955607,0.009747440504224492,True,14,16,0.0,1.0
L8_05,E8_relax_constitutive_Cvcal,0,0,swe+ceus+relax,constitutive,phi,0.06,0.060056385427559304,0.054451729719251184,0.06623792208658524,0.06540588618764029,0.0009393158307124949,True,14,16,0.0,1.0
L8_05,E8_relax_constitutive_Cvcal,0,0,swe+ceus+relax,constitutive,k,7.000000000000004e-14,1.3073846198849265e-13,1.120782661955398e-14,1.5250544127168772e-12,0.7112546450880347,0.6247036121719844,True,14,16,0.0,1.0
L8_05,E8_relax_constitutive_Cvcal,0,0,swe+ceus+relax,constitutive,D,2.9999999999999997e-06,2.9671893437960544e-06,2.9157141073653214e-06,3.019573345581699e-06,0.007600322484744715,-0.010997132814539512,True,14,16,0.0,1.0
L8_05,E8_relax_constitutive_Cvcal,0,0,swe+ceus+relax,constitutive,vmag,0.0004000000000000001,0.0003912416085928946,0.000368362405054607,0.0004155418527894132,0.026169736007860444,-0.022139253169516593,True,14,16,0.0,1.0
L8_05,E8_relax_constitutive_Cvcal,0,0,swe+ceus+relax,constitutive,S_v,0.00015000000000000001,0.00015538651773324205,0.0001039012446791269,0.00023238383686190544,0.25936418574535863,0.035280381600211186,True,14,16,0.0,1.0
L8_05,E8_relax_constitutive_Cvcal,0,0,swe+ceus+relax,constitutive,C_v,0.0025000000000000005,0.0025873438207610917,0.0017483135944981751,0.003829031626761507,0.9667419631814772,0.03434106576949869,True,14,16,0.0,1.0
L8_05,E8_relax_constitutive_Cvcal,1,1,swe+ceus+relax,constitutive,mu,5999.999999999995,5975.631981759833,5960.0563763943155,5991.248291351482,0.0022669503758212146,-0.004069605998008541,False,14,16,0.0,1.0
L8_05,E8_relax_constitutive_Cvcal,1,1,swe+ceus+relax,constitutive,eta_s,0.5,0.5018781679208896,0.48801914886506914,0.5161307625354484,0.012161440798233539,0.0037492984300501186,True,14,16,0.0,1.0
L8_05,E8_relax_constitutive_Cvcal,1,1,swe+ceus+relax,constitutive,phi,0.06,0.06078690717318924,0.05511232896929849,0.06704576186102264,0.06542705883547363,0.01302986101425585,True,14,16,0.0,1.0
L8_05,E8_relax_constitutive_Cvcal,1,1,swe+ceus+relax,constitutive,k,7.000000000000004e-14,1.555904254798695e-13,1.3746773838908701e-14,1.7610226795532e-12,0.702521387126426,0.7987318348959818,True,14,16,0.0,1.0
L8_05,E8_relax_constitutive_Cvcal,1,1,swe+ceus+relax,constitutive,D,2.9999999999999997e-06,3.056313628712357e-06,3.003505303852145e-06,3.1100504417530176e-06,0.007569514842651133,0.018597204566805914,False,14,16,0.0,1.0
L8_05,E8_relax_constitutive_Cvcal,1,1,swe+ceus+relax,constitutive,vmag,0.0004000000000000001,0.0003976108557954413,0.00037394499172622395,0.00042277446187092866,0.026650512180293785,-0.00599076938983778,True,14,16,0.0,1.0
L8_05,E8_relax_constitutive_Cvcal,1,1,swe+ceus+relax,constitutive,S_v,0.00015000000000000001,0.00015393409871468686,0.0001030053093220852,0.00023004354729919151,0.25889327243431437,0.025889286304908055,True,14,16,0.0,1.0
L8_05,E8_relax_constitutive_Cvcal,1,1,swe+ceus+relax,constitutive,C_v,0.0025000000000000005,0.0025323561581461923,0.0017123169947596674,0.0037451171315396633,0.9650712928681844,0.012859425290651316,True,14,16,0.0,1.0
L8_05,E8_relax_constitutive_Cvcal,2,2,swe+ceus+relax,constitutive,mu,5999.999999999995,6004.734988589413,5989.091054241861,6020.419786012789,0.0022658585145464544,0.000788853538118417,True,14,16,0.0,1.0
L8_05,E8_relax_constitutive_Cvcal,2,2,swe+ceus+relax,constitutive,eta_s,0.5,0.4917211036627143,0.4771226640128321,0.5067662092462977,0.013088801058378993,-0.01669640513131687,True,14,16,0.0,1.0
L8_05,E8_relax_constitutive_Cvcal,2,2,swe+ceus+relax,constitutive,phi,0.06,0.0591931100231902,0.05367640092270492,0.06527681092596123,0.06531405207051075,-0.01353941184877927,True,14,16,0.0,1.0
L8_05,E8_relax_constitutive_Cvcal,2,2,swe+ceus+relax,constitutive,k,7.000000000000004e-14,3.8868031651193153e-13,6.188751270595359e-14,2.4410803058382094e-12,0.5319930128075113,1.71426195524678,True,14,16,0.0,1.0
L8_05,E8_relax_constitutive_Cvcal,2,2,swe+ceus+relax,constitutive,D,2.9999999999999997e-06,2.9597018146892763e-06,2.9075861319151637e-06,3.0127516209141785e-06,0.007715370005887484,-0.013523763687231849,True,14,16,0.0,1.0
L8_05,E8_relax_constitutive_Cvcal,2,2,swe+ceus+relax,constitutive,vmag,0.0004000000000000001,0.0004079826727840882,0.00038530318667525444,0.000431997105262297,0.024839117901905097,0.019760157727909622,True,14,16,0.0,1.0
L8_05,E8_relax_constitutive_Cvcal,2,2,swe+ceus+relax,constitutive,S_v,0.00015000000000000001,0.00015380207494372638,0.00010313053921204606,0.00022937025674188094,0.2575573470451594,0.025031254065858377,True,14,16,0.0,1.0
L8_05,E8_relax_constitutive_Cvcal,2,2,swe+ceus+relax,constitutive,C_v,0.0025000000000000005,0.002598310426390354,0.0017602049437433036,0.0038354721681053148,0.9604553941183495,0.03857066591463809,True,14,16,0.0,1.0
L8_05,E8_relax_constitutive_Cvcal,3,3,swe+ceus+relax,constitutive,mu,5999.999999999995,6017.629919785074,6001.76250072817,6033.539289017031,0.002293339397086149,0.002934011539696968,False,14,16,0.0,1.0
L8_05,E8_relax_constitutive_Cvcal,3,3,swe+ceus+relax,constitutive,eta_s,0.5,0.5039818721492464,0.48927721425069853,0.519128461447041,0.012859924439268212,0.0079322010444699,True,14,16,0.0,1.0
L8_05,E8_relax_constitutive_Cvcal,3,3,swe+ceus+relax,constitutive,phi,0.06,0.05968796871541491,0.05412212528309186,0.06582619567759929,0.06535123284440586,-0.005214091188279646,True,14,16,0.0,1.0
L8_05,E8_relax_constitutive_Cvcal,3,3,swe+ceus+relax,constitutive,k,7.000000000000004e-14,1.2444197621246273e-13,1.0991369111764906e-14,1.4089059594120532e-12,0.7026100711812931,0.5753443106998688,True,14,16,0.0,1.0
L8_05,E8_relax_constitutive_Cvcal,3,3,swe+ceus+relax,constitutive,D,2.9999999999999997e-06,3.0076019668176222e-06,2.9548785383626874e-06,3.061266131032742e-06,0.0076807264496882325,0.002530783802614067,True,14,16,0.0,1.0
L8_05,E8_relax_constitutive_Cvcal,3,3,swe+ceus+relax,constitutive,vmag,0.0004000000000000001,0.00041053118616755815,0.0003874551478986723,0.00043498158620470297,0.02512471857065571,0.025987350074374582,True,14,16,0.0,1.0
L8_05,E8_relax_constitutive_Cvcal,3,3,swe+ceus+relax,constitutive,S_v,0.00015000000000000001,0.000151223205995525,0.0001011523946773679,0.00022607925501423284,0.2591411474804915,0.008121636678891875,True,14,16,0.0,1.0
L8_05,E8_relax_constitutive_Cvcal,3,3,swe+ceus+relax,constitutive,C_v,0.0025000000000000005,0.002533562613205004,0.0017124899599797524,0.0037483078237177314,0.9659968849534899,0.013335727867172409,True,14,16,0.0,1.0
L8_05,E8_relax_constitutive_Cvcal,4,4,swe+ceus+relax,constitutive,mu,5999.999999999995,5988.501015714926,5972.937668151298,6004.1049158174965,0.0022602899064844283,-0.0019183362117356495,True,14,16,0.0,1.0
L8_05,E8_relax_constitutive_Cvcal,4,4,swe+ceus+relax,constitutive,eta_s,0.5,0.49824478536700334,0.4853274827282291,0.5115058903112306,0.01140787718281301,-0.0035166052806870907,True,14,16,0.0,1.0
L8_05,E8_relax_constitutive_Cvcal,4,4,swe+ceus+relax,constitutive,phi,0.06,0.06040536194313941,0.054767180147020755,0.06662398432211712,0.06541756995109904,0.006733312671536318,True,14,16,0.0,1.0
L8_05,E8_relax_constitutive_Cvcal,4,4,swe+ceus+relax,constitutive,k,7.000000000000004e-14,1.3422411317045655e-13,1.1614190808299374e-14,1.551215478871016e-12,0.7085610576616928,0.6510156472004311,True,14,16,0.0,1.0
L8_05,E8_relax_constitutive_Cvcal,4,4,swe+ceus+relax,constitutive,D,2.9999999999999997e-06,2.950736750969696e-06,2.899823427309467e-06,3.002543979583489e-06,0.007558911638349551,-0.01655740340632228,True,14,16,0.0,1.0
L8_05,E8_relax_constitutive_Cvcal,4,4,swe+ceus+relax,constitutive,vmag,0.0004000000000000001,0.00038577388377351694,0.00036311455895291807,0.0004098472113892832,0.02628916116639331,-0.03621314261995856,True,14,16,0.0,1.0
L8_05,E8_relax_constitutive_Cvcal,4,4,swe+ceus+relax,constitutive,S_v,0.00015000000000000001,0.00015519454709289775,0.00010379188940468706,0.00023205423454100845,0.25924615535760687,0.03404417832491369,True,14,16,0.0,1.0
L8_05,E8_relax_constitutive_Cvcal,4,4,swe+ceus+relax,constitutive,C_v,0.0025000000000000005,0.0025692180644325113,0.0017363637271116726,0.0038015545703586383,0.9663186182361532,0.027310865653378258,True,14,16,0.0,1.0
L8_05,E8_relax_constitutive_Cvcal_norm,0,0,swe+ceus+relax,constitutive,mu,5999.999999999995,6000.821555407059,5985.165905864152,6016.518156089244,0.00226903827345504,0.00013691652768166307,True,11,16,3.101353415043769e-14,0.9999999999999845
L8_05,E8_relax_constitutive_Cvcal_norm,0,0,swe+ceus+relax,constitutive,eta_s,0.5,0.5049697458980948,0.4904750981727477,0.5198927432246034,0.01264839635732912,0.009890419945862039,True,11,16,3.101353415043769e-14,0.9999999999999845
L8_05,E8_relax_constitutive_Cvcal_norm,0,0,swe+ceus+relax,constitutive,phi,0.06,0.045804661767988204,0.015407536468528974,0.13617147971483032,0.7273874972745975,-0.2699586909544829,True,11,16,3.101353415043769e-14,0.9999999999999845
L8_05,E8_relax_constitutive_Cvcal_norm,0,0,swe+ceus+relax,constitutive,k,7.000000000000004e-14,8.778594567799691e-14,4.567124371456685e-15,1.6873576526058724e-12,0.8558547690153063,0.22640617377422956,True,11,16,3.101353415043769e-14,0.9999999999999845
L8_05,E8_relax_constitutive_Cvcal_norm,0,0,swe+ceus+relax,constitutive,D,2.9999999999999997e-06,2.963468754140598e-06,2.9099165987537214e-06,3.018006447514305e-06,0.007919810706901067,-0.012251830044464285,True,11,16,3.101353415043769e-14,0.9999999999999845
L8_05,E8_relax_constitutive_Cvcal_norm,0,0,swe+ceus+relax,constitutive,vmag,0.0004000000000000001,0.0004052838320806742,0.0003899969097163544,0.000421169964309356,0.016698113102573412,0.013123094491211518,True,11,16,3.101353415043769e-14,0.9999999999999845
L8_05,E8_relax_constitutive_Cvcal_norm,0,0,swe+ceus+relax,constitutive,S_v,0.00015000000000000001,0.00012068896510492899,4.052433042578339e-05,0.00035943410156460785,0.7032683996650859,-0.217418594323588,True,11,16,3.101353415043769e-14,0.9999999999999845
L8_05,E8_relax_constitutive_Cvcal_norm,0,0,swe+ceus+relax,constitutive,C_v,0.0025000000000000005,0.0026348620521694484,0.0017690145627696648,0.003924500216150311,0.9825954766262099,0.052540096630893984,True,11,16,3.101353415043769e-14,0.9999999999999845
L8_05,E8_relax_constitutive_Cvcal_norm,1,1,swe+ceus+relax,constitutive,mu,5999.999999999995,5975.687838160598,5960.113942538656,5991.302428679849,0.0022666799911840955,-0.004060258678782347,False,11,16,3.101353415043769e-14,0.9999999999999845
L8_05,E8_relax_constitutive_Cvcal_norm,1,1,swe+ceus+relax,constitutive,eta_s,0.5,0.5019881829771338,0.4881343877256201,0.5162351643013705,0.012154090195507733,0.00396848110628234,True,11,16,3.101353415043769e-14,0.9999999999999845
L8_05,E8_relax_constitutive_Cvcal_norm,1,1,swe+ceus+relax,constitutive,phi,0.06,0.040115056595024685,0.013624900426799574,0.11810858906952257,0.7209273786974623,-0.40259282219796555,True,11,16,3.101353415043769e-14,0.9999999999999845
L8_05,E8_relax_constitutive_Cvcal_norm,1,1,swe+ceus+relax,constitutive,k,7.000000000000004e-14,9.161633786120646e-14,4.831407351742605e-15,1.7372895208414423e-12,0.8519328480741039,0.2691143746565068,True,11,16,3.101353415043769e-14,0.9999999999999845
L8_05,E8_relax_constitutive_Cvcal_norm,1,1,swe+ceus+relax,constitutive,D,2.9999999999999997e-06,3.065305137709785e-06,3.0109340404717678e-06,3.1206580619075194e-06,0.007772471448612117,0.021534831298113843,False,11,16,3.101353415043769e-14,0.9999999999999845
L8_05,E8_relax_constitutive_Cvcal_norm,1,1,swe+ceus+relax,constitutive,vmag,0.0004000000000000001,0.0003829074428324066,0.00036647904905449843,0.00040007228286234006,0.019044656251514528,-0.043671250755654256,True,11,16,3.101353415043769e-14,0.9999999999999845
L8_05,E8_relax_constitutive_Cvcal_norm,1,1,swe+ceus+relax,constitutive,S_v,0.00015000000000000001,0.0001046754339609031,3.554096265093384e-05,0.0003082906499330707,0.6960923544538583,-0.3597708364064438,True,11,16,3.101353415043769e-14,0.9999999999999845
L8_05,E8_relax_constitutive_Cvcal_norm,1,1,swe+ceus+relax,constitutive,C_v,0.0025000000000000005,0.00260938018903071,0.0017521542222205578,0.0038859963835128995,0.9822465476800801,0.04282198579152219,True,11,16,3.101353415043769e-14,0.9999999999999845
L8_05,E8_relax_constitutive_Cvcal_norm,2,2,swe+ceus+relax,constitutive,mu,5999.999999999995,6004.793347484238,5989.151651300732,6020.47589463859,0.002265511870179685,0.0007985723036174619,True,11,16,3.101353415043769e-14,0.9999999999999845
L8_05,E8_relax_constitutive_Cvcal_norm,2,2,swe+ceus+relax,constitutive,eta_s,0.5,0.49183170889129385,0.47724082942516943,0.5068686812951315,0.013078932892546377,-0.016471495543069037,True,11,16,3.101353415043769e-14,0.9999999999999845
L8_05,E8_relax_constitutive_Cvcal_norm,2,2,swe+ceus+relax,constitutive,phi,0.06,0.047698225783015295,0.016816801600278757,0.1352885523017524,0.6960005933636355,-0.2294503603441953,True,11,16,3.101353415043769e-14,0.9999999999999845
L8_05,E8_relax_constitutive_Cvcal_norm,2,2,swe+ceus+relax,constitutive,k,7.000000000000004e-14,3.2241211553894857e-13,4.2386302654359685e-14,2.4524331148663776e-12,0.5874572122941122,1.5273353470921336,True,11,16,3.101353415043769e-14,0.9999999999999845
L8_05,E8_relax_constitutive_Cvcal_norm,2,2,swe+ceus+relax,constitutive,D,2.9999999999999997e-06,2.9684001291144517e-06,2.914594557161259e-06,3.023198991735157e-06,0.007944292260663172,-0.010589158057957349,True,11,16,3.101353415043769e-14,0.9999999999999845
L8_05,E8_relax_constitutive_Cvcal_norm,2,2,swe+ceus+relax,constitutive,vmag,0.0004000000000000001,0.0004118001518606337,0.0003966528062446619,0.0004275259430985638,0.016275971252403876,0.02907361625842597,True,11,16,3.101353415043769e-14,0.9999999999999845
L8_05,E8_relax_constitutive_Cvcal_norm,2,2,swe+ceus+relax,constitutive,S_v,0.00015000000000000001,0.00012604304826092008,4.468143672841682e-05,0.0003555581731059425,0.6683092134280396,-0.1740117926303828,True,11,16,3.101353415043769e-14,0.9999999999999845
L8_05,E8_relax_constitutive_Cvcal_norm,2,2,swe+ceus+relax,constitutive,C_v,0.0025000000000000005,0.0026425102022516367,0.0017753491244125903,0.003933232102341789,0.980928317228916,0.055438567713811615,True,11,16,3.101353415043769e-14,0.9999999999999845
L8_05,E8_relax_constitutive_Cvcal_norm,3,3,swe+ceus+relax,constitutive,mu,5999.999999999995,6017.670740597361,6001.8042852434655,6033.579140738779,0.0022931843513141633,0.0029407950532025495,False,11,16,3.101353415043769e-14,0.9999999999999845
L8_05,E8_relax_constitutive_Cvcal_norm,3,3,swe+ceus+relax,constitutive,eta_s,0.5,0.5040603966250714,0.48935898019522117,0.5192034758296757,0.01285501438335638,0.008087997043142225,True,11,16,3.101353415043769e-14,0.9999999999999845
L8_05,E8_relax_constitutive_Cvcal_norm,3,3,swe+ceus+relax,constitutive,phi,0.06,0.04005882439072751,0.01355533878887519,0.11838209553892699,0.7234081075105651,-0.40399557862753044,True,11,16,3.101353415043769e-14,0.9999999999999845
L8_05,E8_relax_constitutive_Cvcal_norm,3,3,swe+ceus+relax,constitutive,k,7.000000000000004e-14,7.769871227895373e-14,4.065741823639538e-15,1.484867990069134e-12,0.8541826825961045,0.1043434422004701,True,11,16,3.101353415043769e-14,0.9999999999999845
L8_05,E8_relax_constitutive_Cvcal_norm,3,3,swe+ceus+relax,constitutive,D,2.9999999999999997e-06,3.0096671135085274e-06,2.9555914452281194e-06,3.0647321532748666e-06,0.007874061932074102,0.003217190457998953,True,11,16,3.101353415043769e-14,0.9999999999999845
L8_05,E8_relax_constitutive_Cvcal_norm,3,3,swe+ceus+relax,constitutive,vmag,0.0004000000000000001,0.0004063102506894564,0.0003908348471974136,0.00042239841457110834,0.016864500288714012,0.015652484928645904,True,11,16,3.101353415043769e-14,0.9999999999999845
L8_05,E8_relax_constitutive_Cvcal_norm,3,3,swe+ceus+relax,constitutive,S_v,0.00015000000000000001,0.00010451833110273448,3.533613234118371e-05,0.00030914762914697905,0.6988491365203047,-0.3612728208241496,True,11,16,3.101353415043769e-14,0.9999999999999845
L8_05,E8_relax_constitutive_Cvcal_norm,3,3,swe+ceus+relax,constitutive,C_v,0.0025000000000000005,0.002609121278330062,0.0017518854399988534,0.003885821349733435,0.9823801838048242,0.04272275780338042,True,11,16,3.101353415043769e-14,0.9999999999999845
L8_05,E8_relax_constitutive_Cvcal_norm,4,4,swe+ceus+relax,constitutive,mu,5999.999999999995,5988.542039619155,5972.97968125445,6004.14494508276,0.002260130553401743,-0.0019114857889661607,True,11,16,3.101353415043769e-14,0.9999999999999845
L8_05,E8_relax_constitutive_Cvcal_norm,4,4,swe+ceus+relax,constitutive,eta_s,0.5,0.49832769986393655,0.48541297522238575,0.5115860290671302,0.011403647416508256,-0.0033502059502754644,True,11,16,3.101353415043769e-14,0.9999999999999845
L8_05,E8_relax_constitutive_Cvcal_norm,4,4,swe+ceus+relax,constitutive,phi,0.06,0.04387275171602859,0.01480277929991605,0.13003087488761012,0.7253508555823637,-0.31305112468855434,True,11,16,3.101353415043769e-14,0.9999999999999845
L8_05,E8_relax_constitutive_Cvcal_norm,4,4,swe+ceus+relax,constitutive,k,7.000000000000004e-14,8.770675410248494e-14,4.571253607365395e-15,1.682793250148995e-12,0.8553318150947098,0.2255036680747189,True,11,16,3.101353415043769e-14,0.9999999999999845
L8_05,E8_relax_constitutive_Cvcal_norm,4,4,swe+ceus+relax,constitutive,D,2.9999999999999997e-06,2.948336292651192e-06,2.8948803379564956e-06,3.0027793482822736e-06,0.007946401891076392,-0.01737124599930162,True,11,16,3.101353415043769e-14,0.9999999999999845
L8_05,E8_relax_constitutive_Cvcal_norm,4,4,swe+ceus+relax,constitutive,vmag,0.0004000000000000001,0.0004105537288432708,0.0003954767660738645,0.00042620547836590855,0.016249026802771623,0.0260422595613381,True,11,16,3.101353415043769e-14,0.9999999999999845
L8_05,E8_relax_constitutive_Cvcal_norm,4,4,swe+ceus+relax,constitutive,S_v,0.00015000000000000001,0.00011523514079986,3.8829087320305125e-05,0.00034198943605402314,0.7010070854436037,-0.26366055068476335,True,11,16,3.101353415043769e-14,0.9999999999999845
L8_05,E8_relax_constitutive_Cvcal_norm,4,4,swe+ceus+relax,constitutive,C_v,0.0025000000000000005,0.0026265765490556107,0.0017635306633168055,0.003911984357036122,0.9824851500359233,0.04939057400379099,True,11,16,3.101353415043769e-14,0.9999999999999845
L8_05,E8_relax_independent_matched,0,0,swe+ceus+relax,independent,mu,5999.999999999995,6000.736771449086,5985.075363273396,6016.439161515756,0.0022699061003350336,0.00012278770279650075,True,14,16,0.0,1.0
L8_05,E8_relax_independent_matched,0,0,swe+ceus+relax,independent,eta_s,0.5,0.5048075882651636,0.4902920612155563,0.5197528602406943,0.01267101336898491,0.009569244912834507,True,14,16,0.0,1.0
L8_05,E8_relax_independent_matched,0,0,swe+ceus+relax,independent,phi,0.06,0.05993570076321879,0.05433208482933159,0.0661172535024605,0.06553149040535046,-0.0010722285780180307,True,14,16,0.0,1.0
L8_05,E8_relax_independent_matched,0,0,swe+ceus+relax,independent,k,7.000000000000004e-14,1.8419955951520498e-13,9.545304487021909e-15,3.5545725934387018e-12,0.856999200494642,0.9675244904291667,True,14,16,0.0,1.0
L8_05,E8_relax_independent_matched,0,0,swe+ceus+relax,independent,D,2.9999999999999997e-06,2.9669755327696987e-06,2.915495122919091e-06,3.0193649589234218e-06,0.007601645648615951,-0.011069193847859538,True,14,16,0.0,1.0
L8_05,E8_relax_independent_matched,0,0,swe+ceus+relax,independent,vmag,0.0004000000000000001,0.00039133917554749623,0.00036846092392766477,0.0004156379696541698,0.026161888949944034,-0.021889906502477352,True,14,16,0.0,1.0
L8_05,E8_relax_independent_matched,0,0,swe+ceus+relax,independent,S_v,0.00015000000000000004,0.0001946614036874929,6.567203173965644e-05,0.0005770045646799005,0.7002230896728339,0.2606263638464661,True,14,16,0.0,1.0
L8_05,E8_relax_independent_matched,1,1,swe+ceus+relax,independent,mu,5999.999999999995,5975.6175052608705,5960.039219184529,5991.236509692939,0.0022673465493904944,-0.004072028589718002,False,14,16,0.0,1.0
L8_05,E8_relax_independent_matched,1,1,swe+ceus+relax,independent,eta_s,0.5,0.5018498167540297,0.48798029257744535,0.5161135447618157,0.012171486834088998,0.0036928066966318562,True,14,16,0.0,1.0
L8_05,E8_relax_independent_matched,1,1,swe+ceus+relax,independent,phi,0.06,0.06074101612589104,0.055059830692333084,0.06700839783947073,0.06555910533622333,0.01227462636145038,True,14,16,0.0,1.0
L8_05,E8_relax_independent_matched,1,1,swe+ceus+relax,independent,k,7.000000000000004e-14,1.7205847623251563e-13,9.365561847318022e-15,3.160954967366187e-12,0.8427614908465239,0.8993391550806571,True,14,16,0.0,1.0
L8_05,E8_relax_independent_matched,1,1,swe+ceus+relax,independent,D,2.9999999999999997e-06,3.0562299911424207e-06,3.0034169237719655e-06,3.109971740795712e-06,0.0075704095748227425,0.01856983868603912,False,14,16,0.0,1.0
L8_05,E8_relax_independent_matched,1,1,swe+ceus+relax,independent,vmag,0.0004000000000000001,0.00039764998003150324,0.000373983256622159,0.00042281440096344087,0.026648805879588126,-0.005892375921101589,True,14,16,0.0,1.0
L8_05,E8_relax_independent_matched,1,1,swe+ceus+relax,independent,S_v,0.00015000000000000004,0.00016602589546237172,5.6736787865460054e-05,0.0004858328960999045,0.6919309307509666,0.1015084788553331,True,14,16,0.0,1.0
L8_05,E8_relax_independent_matched,2,2,swe+ceus+relax,independent,mu,5999.999999999995,6004.645482383753,5988.987157136515,6020.344746631712,0.002267979458354893,0.0007739474893213583,True,14,16,0.0,1.0
L8_05,E8_relax_independent_matched,2,2,swe+ceus+relax,independent,eta_s,0.5,0.4915549034252685,0.4769064800860413,0.5066532604837576,0.013138809134175495,-0.01703445922361768,True,14,16,0.0,1.0
L8_05,E8_relax_independent_matched,2,2,swe+ceus+relax,independent,phi,0.06,0.05906016591767413,0.05354393545998984,0.06514469226546948,0.06546255555002432,-0.015787876603224227,True,14,16,0.0,1.0
L8_05,E8_relax_independent_matched,2,2,swe+ceus+relax,independent,k,7.000000000000004e-14,4.877375741505175e-13,6.02045375272639e-14,3.951329102569768e-12,0.6057046595165915,1.9412822612718728,True,14,16,0.0,1.0
L8_05,E8_relax_independent_matched,2,2,swe+ceus+relax,independent,D,2.9999999999999997e-06,2.9594635692735413e-06,2.9073419734968617e-06,3.0125195789482327e-06,0.007716879940713832,-0.013604263352441137,True,14,16,0.0,1.0
L8_05,E8_relax_independent_matched,2,2,swe+ceus+relax,independent,vmag,0.0004000000000000001,0.0004080865322163143,0.0003854080028244448,0.0004320995323291049,0.02483153396080606,0.020014693574013087,True,14,16,0.0,1.0
L8_05,E8_relax_independent_matched,2,2,swe+ceus+relax,independent,S_v,0.00015000000000000004,0.0001956749505244899,6.929573645206871e-05,0.0005525402892463022,0.6689575767117122,0.26581957274928314,True,14,16,0.0,1.0
L8_05,E8_relax_independent_matched,3,3,swe+ceus+relax,independent,mu,5999.999999999995,6017.617551250647,6001.74826539089,6033.528797256442,0.0022936142856454906,0.002931956154553106,False,14,16,0.0,1.0
L8_05,E8_relax_independent_matched,3,3,swe+ceus+relax,independent,eta_s,0.5,0.5039581844755086,0.489246563663918,0.5191121830225364,0.012866718732275571,0.007885198896700363,True,14,16,0.0,1.0
L8_05,E8_relax_independent_matched,3,3,swe+ceus+relax,independent,phi,0.06,0.059641401888266325,0.054069520393869974,0.06578746756557094,0.06547939084392997,-0.0059945667623453325,True,14,16,0.0,1.0
L8_05,E8_relax_independent_matched,3,3,swe+ceus+relax,independent,k,7.000000000000004e-14,1.3852023951241137e-13,7.265464161990267e-15,2.6409677794514795e-12,0.853499912611435,0.6825212065651698,True,14,16,0.0,1.0
L8_05,E8_relax_independent_matched,3,3,swe+ceus+relax,independent,D,2.9999999999999997e-06,3.007515853389133e-06,2.954787838225053e-06,3.0611847968822046e-06,0.007681622479852545,0.0025021514695264813,True,14,16,0.0,1.0
L8_05,E8_relax_independent_matched,3,3,swe+ceus+relax,independent,vmag,0.0004000000000000001,0.00041056927114951485,0.00038749252555623197,0.0004350203301864253,0.02512311199467372,0.026080115780798607,True,14,16,0.0,1.0
L8_05,E8_relax_independent_matched,3,3,swe+ceus+relax,independent,S_v,0.00015000000000000004,0.00016483428454860653,5.584390374274772e-05,0.0004865408673400548,0.6975111936007621,0.09430533905186067,True,14,16,0.0,1.0
L8_05,E8_relax_independent_matched,4,4,swe+ceus+relax,independent,mu,5999.999999999995,5988.468520084838,5972.901502322974,6004.076109760018,0.0022608359135998534,-0.0019237625643686584,True,14,16,0.0,1.0
L8_05,E8_relax_independent_matched,4,4,swe+ceus+relax,independent,eta_s,0.5,0.49817949444645043,0.48524706356305225,0.5114565905140659,0.01142293161699897,-0.0036476557216871264,True,14,16,0.0,1.0
L8_05,E8_relax_independent_matched,4,4,swe+ceus+relax,independent,phi,0.06,0.06030887540038036,0.054669276412127744,0.06653024679967671,0.06554484451674768,0.0051347180826955,True,14,16,0.0,1.0
L8_05,E8_relax_independent_matched,4,4,swe+ceus+relax,independent,k,7.000000000000004e-14,1.7082598617808258e-13,8.912638119634437e-15,3.2741728276196943e-12,0.8550317755906888,0.8921501716321814,True,14,16,0.0,1.0
L8_05,E8_relax_independent_matched,4,4,swe+ceus+relax,independent,D,2.9999999999999997e-06,2.9505719424676382e-06,2.8996537244396544e-06,3.0023842896481114e-06,0.0075600705996982775,-0.016613258305858025,True,14,16,0.0,1.0
L8_05,E8_relax_independent_matched,4,4,swe+ceus+relax,independent,vmag,0.0004000000000000001,0.00038584835788654304,0.0003631893197735026,0.0004099210719538445,0.02628358746007677,-0.03602011004718797,True,14,16,0.0,1.0
L8_05,E8_relax_independent_matched,4,4,swe+ceus+relax,independent,S_v,0.00015000000000000004,0.00018483407761534594,6.252080017360946e-05,0.0005464363244400136,0.6985287208004762,0.20882325079168673,True,14,16,0.0,1.0
L8_06,E2_ceus,0,0,ceus,independent,phi,0.06,0.030212282843064722,0.008607403565933272,0.10604615289586142,0.8382764085840585,-0.686096003870305,True,6,9,0.0,1.0
L8_06,E2_ceus,0,0,ceus,independent,k,1.9999999999999983e-12,3.162277660168375e-13,9.999999999999987e-15,9.999999999999985e-12,1.0,-1.8444397270569688,True,6,9,0.0,1.0
L8_06,E2_ceus,0,0,ceus,independent,D,3.0000000000000015e-07,3.159192939288927e-07,3.009162765913637e-07,3.3167032839523884e-07,0.021130470685921263,0.05170430735164189,False,6,9,0.0,1.0
L8_06,E2_ceus,0,0,ceus,independent,vmag,0.002999999999999999,0.003034904977996371,0.002990462548894039,0.003080007883353537,0.006406730100351485,0.011567826620561661,True,6,9,0.0,1.0
L8_06,E2_ceus,0,0,ceus,independent,S_v,2.4000000000000004e-05,2.2360679774997884e-05,1.4338978448964585e-06,0.0003486998755034075,1.0,-0.07074978113685049,True,6,9,0.0,1.0
L8_06,E2_ceus,1,1,ceus,independent,phi,0.06,0.030008002747962913,0.008549240616900695,0.10532867996972993,0.8382736021980023,-0.6928804578681746,True,6,9,0.0,1.0
L8_06,E2_ceus,1,1,ceus,independent,k,1.9999999999999983e-12,3.162277660168375e-13,9.999999999999987e-15,9.999999999999985e-12,1.0,-1.8444397270569688,True,6,9,0.0,1.0
L8_06,E2_ceus,1,1,ceus,independent,D,3.0000000000000015e-07,2.9533842183871867e-07,2.8175345831858184e-07,3.095783950078755e-07,0.02045069446806519,-0.01566058316545238,True,6,9,0.0,1.0
L8_06,E2_ceus,1,1,ceus,independent,vmag,0.002999999999999999,0.0029754403051319932,0.002933487665713858,0.0030179929211495596,0.006166975140724055,-0.008220258896651345,True,6,9,0.0,1.0
L8_06,E2_ceus,1,1,ceus,independent,S_v,2.4000000000000004e-05,2.2360679774997884e-05,1.4338978448964585e-06,0.0003486998755034075,1.0,-0.07074978113685049,True,6,9,0.0,1.0
L8_06,E2_ceus,2,2,ceus,independent,phi,0.06,0.029986209785916557,0.008543011976459038,0.10525243085257764,0.8382751537510884,-0.6936069600451167,True,6,9,0.0,1.0
L8_06,E2_ceus,2,2,ceus,independent,k,1.9999999999999983e-12,3.162277660168375e-13,9.999999999999987e-15,9.999999999999985e-12,1.0,-1.8444397270569688,True,6,9,0.0,1.0
L8_06,E2_ceus,2,2,ceus,independent,D,3.0000000000000015e-07,3.027840276092076e-07,2.885590912691405e-07,3.1771020269032073e-07,0.020898200001954578,0.009237296536976913,True,6,9,0.0,1.0
L8_06,E2_ceus,2,2,ceus,independent,vmag,0.002999999999999999,0.0030169102595511373,0.0029732590316478382,0.0030612023430533542,0.006329645143216999,0.0056209261380653075,True,6,9,0.0,1.0
L8_06,E2_ceus,2,2,ceus,independent,S_v,2.4000000000000004e-05,2.2360679774997884e-05,1.4338978448964585e-06,0.0003486998755034075,1.0,-0.07074978113685049,True,6,9,0.0,1.0
L8_06,E2_ceus,3,3,ceus,independent,phi,0.06,0.030047329377515437,0.00856040900053366,0.1054671573127661,0.838276388073479,-0.6915707778187281,True,6,9,0.0,1.0
L8_06,E2_ceus,3,3,ceus,independent,k,1.9999999999999983e-12,3.162277660168375e-13,9.999999999999987e-15,9.999999999999985e-12,1.0,-1.8444397270569688,True,6,9,0.0,1.0
L8_06,E2_ceus,3,3,ceus,independent,D,3.0000000000000015e-07,3.102206165675449e-07,2.953850635309885e-07,3.2580127713008625e-07,0.021282125720136897,0.033501236055496264,True,6,9,0.0,1.0
L8_06,E2_ceus,3,3,ceus,independent,vmag,0.002999999999999999,0.0030254933358381123,0.0029808366484439176,0.00307081903665512,0.006458023563988825,0.008461875745057412,True,6,9,0.0,1.0
L8_06,E2_ceus,3,3,ceus,independent,S_v,2.4000000000000004e-05,2.2360679774997884e-05,1.4338978448964585e-06,0.0003486998755034075,1.0,-0.07074978113685049,True,6,9,0.0,1.0
L8_06,E2_ceus,4,4,ceus,independent,phi,0.06,0.03029115378242973,0.008629899720850485,0.10632267200671261,0.8382743954803284,-0.6834888467090092,True,6,9,0.0,1.0
L8_06,E2_ceus,4,4,ceus,independent,k,1.9999999999999983e-12,3.162277660168375e-13,9.999999999999987e-15,9.999999999999985e-12,1.0,-1.8444397270569688,True,6,9,0.0,1.0
L8_06,E2_ceus,4,4,ceus,independent,D,3.0000000000000015e-07,3.069941335788335e-07,2.926473790805098e-07,3.2204422382983644e-07,0.020785437552413685,0.02304616388468439,True,6,9,0.0,1.0
L8_06,E2_ceus,4,4,ceus,independent,vmag,0.002999999999999999,0.002987709994233356,0.002945088775544072,0.0030309480256644652,0.006240049343441272,-0.004105082924001913,True,6,9,0.0,1.0
L8_06,E2_ceus,4,4,ceus,independent,S_v,2.4000000000000004e-05,2.2360679774997884e-05,1.4338978448964585e-06,0.0003486998755034075,1.0,-0.07074978113685049,True,6,9,0.0,1.0
L8_06,E2_ceus_Acal,0,0,ceus,independent,phi,0.06,0.061247804534935536,0.055332698230867616,0.0677952400712133,0.06780578056608522,0.020583442232729343,True,6,9,0.0,1.0
L8_06,E2_ceus_Acal,0,0,ceus,independent,k,1.9999999999999983e-12,3.162277660168375e-13,9.999999999999987e-15,9.999999999999985e-12,1.0,-1.8444397270569688,True,6,9,0.0,1.0
L8_06,E2_ceus_Acal,0,0,ceus,independent,D,3.0000000000000015e-07,3.1576711047686343e-07,3.007725676403757e-07,3.315091826397095e-07,0.021128669662658257,0.05122247505665456,False,6,9,0.0,1.0
L8_06,E2_ceus_Acal,0,0,ceus,independent,vmag,0.002999999999999999,0.003034613874692012,0.0029901817612967775,0.003079706219758217,0.0064058509811978455,0.011471903595476007,True,6,9,0.0,1.0
L8_06,E2_ceus_Acal,0,0,ceus,independent,S_v,2.4000000000000004e-05,2.2360679774997884e-05,1.4338978448964585e-06,0.0003486998755034075,1.0,-0.07074978113685049,True,6,9,0.0,1.0
L8_06,E2_ceus_Acal,1,1,ceus,independent,phi,0.06,0.05987477099054755,0.054123876010106,0.06623672333631696,0.06741577828738954,-0.002089331290861196,True,6,9,0.0,1.0
L8_06,E2_ceus_Acal,1,1,ceus,independent,k,1.9999999999999983e-12,3.162277660168577e-13,1.0000000000000626e-14,1.0000000000000625e-11,1.0,-1.8444397270569048,True,6,9,0.0,1.0
L8_06,E2_ceus_Acal,1,1,ceus,independent,D,3.0000000000000015e-07,2.952144364763527e-07,2.8163630213035705e-07,3.094471942885823e-07,0.02044895797167257,-0.016080479072963172,True,6,9,0.0,1.0
L8_06,E2_ceus_Acal,1,1,ceus,independent,vmag,0.002999999999999999,0.0029752008184500203,0.002933256779259196,0.003017744635483712,0.006166201747318363,-0.008300749948666919,True,6,9,0.0,1.0
L8_06,E2_ceus_Acal,1,1,ceus,independent,S_v,2.4000000000000004e-05,2.2360679774997884e-05,1.4338978448964585e-06,0.0003486998755034075,1.0,-0.07074978113685049,True,6,9,0.0,1.0
L8_06,E2_ceus_Acal,2,2,ceus,independent,phi,0.06,0.05972767070095256,0.05397344793410127,0.06609536325559612,0.06763166991020732,-0.004549153376205428,True,6,9,0.0,1.0
L8_06,E2_ceus_Acal,2,2,ceus,independent,k,1.9999999999999983e-12,3.162277660168375e-13,9.999999999999987e-15,9.999999999999985e-12,1.0,-1.8444397270569688,True,6,9,0.0,1.0
L8_06,E2_ceus_Acal,2,2,ceus,independent,D,3.0000000000000015e-07,3.026472826475731e-07,2.8842998395136177e-07,3.1756538082186985e-07,0.020896373107697295,0.008785569110122182,True,6,9,0.0,1.0
L8_06,E2_ceus_Acal,2,2,ceus,independent,vmag,0.002999999999999999,0.0030166459660275332,0.002973004281552908,0.0030609282808018185,0.006328809655574977,0.0055333182617509635,True,6,9,0.0,1.0
L8_06,E2_ceus_Acal,2,2,ceus,independent,S_v,2.4000000000000004e-05,2.2360679774997884e-05,1.4338978448964585e-06,0.0003486998755034075,1.0,-0.07074978113685049,True,6,9,0.0,1.0
L8_06,E2_ceus_Acal,3,3,ceus,independent,phi,0.06,0.060136399221041976,0.05432885451825926,0.06656474802090875,0.06780300551186921,0.0022707402674884136,True,6,9,0.0,1.0
L8_06,E2_ceus_Acal,3,3,ceus,independent,k,1.9999999999999983e-12,3.162277660168375e-13,9.999999999999987e-15,9.999999999999985e-12,1.0,-1.8444397270569688,True,6,9,0.0,1.0
L8_06,E2_ceus_Acal,3,3,ceus,independent,D,3.0000000000000015e-07,3.1008386076049276e-07,2.9525621815141095e-07,3.2565614132070456e-07,0.02128010996852765,0.03306030482167088,True,6,9,0.0,1.0
L8_06,E2_ceus_Acal,3,3,ceus,independent,vmag,0.002999999999999999,0.0030252364396369147,0.002980589135751344,0.003070552531353838,0.006457208812056761,0.008376961623659085,True,6,9,0.0,1.0
L8_06,E2_ceus_Acal,3,3,ceus,independent,S_v,2.4000000000000004e-05,2.2360679774997884e-05,1.4338978448964585e-06,0.0003486998755034075,1.0,-0.07074978113685049,True,6,9,0.0,1.0
L8_06,E2_ceus_Acal,4,4,ceus,independent,phi,0.06,0.061787280015490345,0.05584345662350666,0.06836374756403617,0.06752616738012884,0.029352956064608193,True,6,9,0.0,1.0
L8_06,E2_ceus_Acal,4,4,ceus,independent,k,1.9999999999999983e-12,3.162277660168375e-13,9.999999999999987e-15,9.999999999999985e-12,1.0,-1.8444397270569688,True,6,9,0.0,1.0
L8_06,E2_ceus_Acal,4,4,ceus,independent,D,3.0000000000000015e-07,3.0685997150521003e-07,2.92520866667575e-07,3.2190196612259656e-07,0.020783388914296406,0.02260905000160207,True,6,9,0.0,1.0
L8_06,E2_ceus_Acal,4,4,ceus,independent,vmag,0.002999999999999999,0.0029874637967160023,0.0029448516703065868,0.0030306925223706157,0.006239226405965486,-0.004187489737964789,True,6,9,0.0,1.0
L8_06,E2_ceus_Acal,4,4,ceus,independent,S_v,2.4000000000000004e-05,2.2360679774997884e-05,1.4338978448964585e-06,0.0003486998755034075,1.0,-0.07074978113685049,True,6,9,0.0,1.0
L8_06,E3_joint_independent,0,0,swe+ceus,independent,mu,5999.999999999995,6002.525393002478,5986.789844285311,6018.302300694968,0.0022799853924111955,0.00042081028067997295,True,12,13,0.0,1.0
L8_06,E3_joint_independent,0,0,swe+ceus,independent,eta_s,0.5,0.5079653679615623,0.4932851845097548,0.5230824341597935,0.012736032070886241,0.01580517352837363,True,12,13,0.0,1.0
L8_06,E3_joint_independent,0,0,swe+ceus,independent,phi,0.06,0.06018775603999933,0.05438861534622736,0.06660522526763965,0.06763894707576446,0.003124381366644169,True,12,13,0.0,1.0
L8_06,E3_joint_independent,0,0,swe+ceus,independent,k,1.9999999999999983e-12,2.963844117733419e-13,9.420764605145019e-15,9.324478768342779e-12,0.9985128040380031,-1.909245159360971,True,12,13,0.0,1.0
L8_06,E3_joint_independent,0,0,swe+ceus,independent,D,3.0000000000000015e-07,3.025529491410757e-07,2.883045557924032e-07,3.1750551697794007e-07,0.020949885413869405,0.00847382598014157,True,12,13,0.0,1.0
L8_06,E3_joint_independent,0,0,swe+ceus,independent,vmag,0.002999999999999999,0.002999071710270666,0.0029558488774836596,0.0030429265825669878,0.00630462393366144,-0.00030947779309009604,True,12,13,0.0,1.0
L8_06,E3_joint_independent,0,0,swe+ceus,independent,S_v,2.4000000000000004e-05,2.2360679774997884e-05,1.4338978448964585e-06,0.0003486998755034075,1.0,-0.07074978113685049,True,12,13,0.0,1.0
L8_06,E3_joint_independent,1,1,swe+ceus,independent,mu,5999.999999999995,5977.249991019728,5961.580374222441,5992.960794360712,0.0022800330712649374,-0.0037988747595569805,False,12,13,0.0,1.0
L8_06,E3_joint_independent,1,1,swe+ceus,independent,eta_s,0.5,0.504905920194956,0.490781245203622,0.5194371030664515,0.012322504806701029,0.009764016854141189,True,12,13,0.0,1.0
L8_06,E3_joint_independent,1,1,swe+ceus,independent,phi,0.06,0.06048142207993082,0.05465747722294569,0.06692592857679647,0.06759630709962489,0.007991682599114647,True,12,13,0.0,1.0
L8_06,E3_joint_independent,1,1,swe+ceus,independent,k,1.9999999999999983e-12,3.7380313271657277e-13,1.191842715770511e-14,1.1723760205925357e-11,0.9976159934690544,-1.6771731838265431,True,12,13,0.0,1.0
L8_06,E3_joint_independent,1,1,swe+ceus,independent,D,3.0000000000000015e-07,3.028483239882663e-07,2.886932570497254e-07,3.176974352632846e-07,0.020788534279469275,0.009449624623911745,True,12,13,0.0,1.0
L8_06,E3_joint_independent,1,1,swe+ceus,independent,vmag,0.002999999999999999,0.003021254969769024,0.0029777962218892565,0.003065347966142155,0.006292403237072322,0.00706000930412376,True,12,13,0.0,1.0
L8_06,E3_joint_independent,1,1,swe+ceus,independent,S_v,2.4000000000000004e-05,2.2360679774997884e-05,1.4338978448964585e-06,0.0003486998755034075,1.0,-0.07074978113685049,True,12,13,0.0,1.0
L8_06,E3_joint_independent,2,2,swe+ceus,independent,mu,5999.999999999995,6006.6987371951855,5990.980828388325,6022.457883432834,0.00227584173417954,0.0011158334254659508,True,12,13,0.0,1.0
L8_06,E3_joint_independent,2,2,swe+ceus,independent,eta_s,0.5,0.49512973348301004,0.4803757690862637,0.5103368420211324,0.013137914542309148,-0.009788282348056065,True,12,13,0.0,1.0
L8_06,E3_joint_independent,2,2,swe+ceus,independent,phi,0.06,0.05978737981266402,0.05403213237693254,0.06615564901136103,0.06757325148378039,-0.0035499634595788088,True,12,13,0.0,1.0
L8_06,E3_joint_independent,2,2,swe+ceus,independent,k,1.9999999999999983e-12,3.2300275950682773e-13,1.0276446075986065e-14,1.0152418635546108e-11,0.9982421899743431,-1.8232415929911276,True,12,13,0.0,1.0
L8_06,E3_joint_independent,2,2,swe+ceus,independent,D,3.0000000000000015e-07,3.022446043176157e-07,2.879673899113361e-07,3.172296726627237e-07,0.021015246521079542,0.0074541629593092296,True,12,13,0.0,1.0
L8_06,E3_joint_independent,2,2,swe+ceus,independent,vmag,0.002999999999999999,0.003007317717153228,0.0029641000639390497,0.003051165499414689,0.006286452136361283,0.0024362689364014756,True,12,13,0.0,1.0
L8_06,E3_joint_independent,2,2,swe+ceus,independent,S_v,2.4000000000000004e-05,2.2360679774997884e-05,1.4338978448964585e-06,0.0003486998755034075,1.0,-0.07074978113685049,True,12,13,0.0,1.0
L8_06,E3_joint_independent,3,3,swe+ceus,independent,mu,5999.999999999995,6019.387470117627,6003.429937949975,6035.387418509923,0.002305706557639356,0.0032260357659836814,False,12,13,0.0,1.0
L8_06,E3_joint_independent,3,3,swe+ceus,independent,eta_s,0.5,0.5070408432782633,0.49212177193152384,0.5224121983940696,0.01297036508118355,0.013983460658557822,True,12,13,0.0,1.0
L8_06,E3_joint_independent,3,3,swe+ceus,independent,phi,0.06,0.05852906727395018,0.052920120405613474,0.06473250041198342,0.06725560472820279,-0.02482105490875064,True,12,13,0.0,1.0
L8_06,E3_joint_independent,3,3,swe+ceus,independent,k,1.9999999999999983e-12,3.4348833297431936e-13,1.0935503283552727e-14,1.0789099671976521e-11,0.9980488099651916,-1.76174931359677,True,12,13,0.0,1.0
L8_06,E3_joint_independent,3,3,swe+ceus,independent,D,3.0000000000000015e-07,2.844310042515828e-07,2.7135967216213337e-07,2.981319793577388e-07,0.02043162878639134,-0.053291766313190436,False,12,13,0.0,1.0
L8_06,E3_joint_independent,3,3,swe+ceus,independent,vmag,0.002999999999999999,0.0029699493375655735,0.0029289565582787443,0.0030115158392413225,0.006036110676244442,-0.010067394057720946,True,12,13,0.0,1.0
L8_06,E3_joint_independent,3,3,swe+ceus,independent,S_v,2.4000000000000004e-05,2.2360679774997884e-05,1.4338978448964585e-06,0.0003486998755034075,1.0,-0.07074978113685049,True,12,13,0.0,1.0
L8_06,E3_joint_independent,4,4,swe+ceus,independent,mu,5999.999999999995,5990.068412081285,5974.402514364143,6005.775388441973,0.0022746068297003373,-0.0016566361172873911,True,12,13,0.0,1.0
L8_06,E3_joint_independent,4,4,swe+ceus,independent,eta_s,0.5,0.5012108069866081,0.48796299865008624,0.5148182828106378,0.011633535088323948,0.0024186865911390854,True,12,13,0.0,1.0
L8_06,E3_joint_independent,4,4,swe+ceus,independent,phi,0.06,0.058935274206680266,0.05327722127816436,0.06519421363366316,0.06738313938860141,-0.017904767857687354,True,12,13,0.0,1.0
L8_06,E3_joint_independent,4,4,swe+ceus,independent,k,1.9999999999999983e-12,4.0167083026115876e-13,1.2826058531270888e-14,1.2579036302487703e-11,0.9971847176681168,-1.6052695365437444,True,12,13,0.0,1.0
L8_06,E3_joint_independent,4,4,swe+ceus,independent,D,3.0000000000000015e-07,2.889693755097723e-07,2.756019577016324e-07,3.0298514814219414e-07,0.020569521194452958,-0.03746175925289208,True,12,13,0.0,1.0
L8_06,E3_joint_independent,4,4,swe+ceus,independent,vmag,0.002999999999999999,0.002959982980499565,0.002918472988078165,0.0030020833773817444,0.006133535878852003,-0.013428770179898741,True,12,13,0.0,1.0
L8_06,E3_joint_independent,4,4,swe+ceus,independent,S_v,2.4000000000000004e-05,2.2360679774997884e-05,1.4338978448964585e-06,0.0003486998755034075,1.0,-0.07074978113685049,True,12,13,0.0,1.0
L8_06,E4_joint_constitutive_Cvcal,0,0,swe+ceus,constitutive,mu,5999.999999999995,6002.525393002478,5986.789844285311,6018.302300694968,0.0022799853924111955,0.00042081028067997295,True,12,13,0.0,1.0
L8_06,E4_joint_constitutive_Cvcal,0,0,swe+ceus,constitutive,eta_s,0.5,0.5079653679615623,0.4932851845097548,0.5230824341597935,0.012736032070886241,0.01580517352837363,True,12,13,0.0,1.0
L8_06,E4_joint_constitutive_Cvcal,0,0,swe+ceus,constitutive,phi,0.06,0.06018775603999933,0.05438861534622736,0.06660522526763965,0.06763894707576446,0.003124381366644169,True,12,13,0.0,1.0
L8_06,E4_joint_constitutive_Cvcal,0,0,swe+ceus,constitutive,k,1.9999999999999983e-12,2.963844117733419e-13,9.420764605145019e-15,9.324478768342779e-12,0.9985128040380031,-1.909245159360971,True,12,13,0.0,1.0
L8_06,E4_joint_constitutive_Cvcal,0,0,swe+ceus,constitutive,D,3.0000000000000015e-07,3.025529491410757e-07,2.883045557924032e-07,3.1750551697794007e-07,0.020949885413869405,0.00847382598014157,True,12,13,0.0,1.0
L8_06,E4_joint_constitutive_Cvcal,0,0,swe+ceus,constitutive,vmag,0.002999999999999999,0.002999071710270666,0.0029558488774836596,0.0030429265825669878,0.00630462393366144,-0.00030947779309009604,True,12,13,0.0,1.0
L8_06,E4_joint_constitutive_Cvcal,0,0,swe+ceus,constitutive,S_v,2.4000000000000004e-05,2.407510241599975e-05,1.5851228404835933e-05,3.65656554519174e-05,0.26932466119374104,0.003124381366644613,True,12,13,0.0,1.0
L8_06,E4_joint_constitutive_Cvcal,0,0,swe+ceus,constitutive,C_v,0.0004000000000000001,0.0004000000000000001,0.0002666666666666667,0.0006000000000000003,1.0,0.0,True,12,13,0.0,1.0
L8_06,E4_joint_constitutive_Cvcal,1,1,swe+ceus,constitutive,mu,5999.999999999995,5977.249991019728,5961.580374222441,5992.960794360712,0.0022800330712649374,-0.0037988747595569805,False,12,13,0.0,1.0
L8_06,E4_joint_constitutive_Cvcal,1,1,swe+ceus,constitutive,eta_s,0.5,0.504905920194956,0.490781245203622,0.5194371030664515,0.012322504806701029,0.009764016854141189,True,12,13,0.0,1.0
L8_06,E4_joint_constitutive_Cvcal,1,1,swe+ceus,constitutive,phi,0.06,0.06048142207993082,0.05465747722294569,0.06692592857679647,0.06759630709962489,0.007991682599114647,True,12,13,0.0,1.0
L8_06,E4_joint_constitutive_Cvcal,1,1,swe+ceus,constitutive,k,1.9999999999999983e-12,3.7380313271657277e-13,1.191842715770511e-14,1.1723760205925357e-11,0.9976159934690544,-1.6771731838265431,True,12,13,0.0,1.0
L8_06,E4_joint_constitutive_Cvcal,1,1,swe+ceus,constitutive,D,3.0000000000000015e-07,3.028483239882663e-07,2.886932570497254e-07,3.176974352632846e-07,0.020788534279469275,0.009449624623911745,True,12,13,0.0,1.0
L8_06,E4_joint_constitutive_Cvcal,1,1,swe+ceus,constitutive,vmag,0.002999999999999999,0.003021254969769024,0.0029777962218892565,0.003065347966142155,0.006292403237072322,0.00706000930412376,True,12,13,0.0,1.0
L8_06,E4_joint_constitutive_Cvcal,1,1,swe+ceus,constitutive,S_v,2.4000000000000004e-05,2.419256883197235e-05,1.5928815726818816e-05,3.674349661188579e-05,0.26931468654904894,0.007991682599115535,True,12,13,0.0,1.0
L8_06,E4_joint_constitutive_Cvcal,1,1,swe+ceus,constitutive,C_v,0.0004000000000000001,0.0004000000000000001,0.0002666666666666667,0.0006000000000000003,1.0,0.0,True,12,13,0.0,1.0
L8_06,E4_joint_constitutive_Cvcal,2,2,swe+ceus,constitutive,mu,5999.999999999995,6006.6987371951855,5990.980828388325,6022.457883432834,0.00227584173417954,0.0011158334254659508,True,12,13,0.0,1.0
L8_06,E4_joint_constitutive_Cvcal,2,2,swe+ceus,constitutive,eta_s,0.5,0.49512973348301004,0.4803757690862637,0.5103368420211324,0.013137914542309148,-0.009788282348056065,True,12,13,0.0,1.0
L8_06,E4_joint_constitutive_Cvcal,2,2,swe+ceus,constitutive,phi,0.06,0.05978737981266402,0.05403213237693254,0.06615564901136103,0.06757325148378039,-0.0035499634595788088,True,12,13,0.0,1.0
L8_06,E4_joint_constitutive_Cvcal,2,2,swe+ceus,constitutive,k,1.9999999999999983e-12,3.2300275950682773e-13,1.0276446075986065e-14,1.0152418635546108e-11,0.9982421899743431,-1.8232415929911276,True,12,13,0.0,1.0
L8_06,E4_joint_constitutive_Cvcal,2,2,swe+ceus,constitutive,D,3.0000000000000015e-07,3.022446043176157e-07,2.879673899113361e-07,3.172296726627237e-07,0.021015246521079542,0.0074541629593092296,True,12,13,0.0,1.0
L8_06,E4_joint_constitutive_Cvcal,2,2,swe+ceus,constitutive,vmag,0.002999999999999999,0.003007317717153228,0.0029641000639390497,0.003051165499414689,0.006286452136361283,0.0024362689364014756,True,12,13,0.0,1.0
L8_06,E4_joint_constitutive_Cvcal,2,2,swe+ceus,constitutive,S_v,2.4000000000000004e-05,2.3914951925065624e-05,1.574615956174163e-05,3.632155023805319e-05,0.2693092956826133,-0.0035499634595783647,True,12,13,0.0,1.0
L8_06,E4_joint_constitutive_Cvcal,2,2,swe+ceus,constitutive,C_v,0.0004000000000000001,0.0004000000000000001,0.0002666666666666667,0.0006000000000000003,1.0,0.0,True,12,13,0.0,1.0
L8_06,E4_joint_constitutive_Cvcal,3,3,swe+ceus,constitutive,mu,5999.999999999995,6019.387475430589,6003.429944437573,6035.3874226419575,0.0023057063856534643,0.003226036648625197,False,12,13,0.0,1.0
L8_06,E4_joint_constitutive_Cvcal,3,3,swe+ceus,constitutive,eta_s,0.5,0.5070408573767194,0.49212179040386705,0.5224122078364661,0.012970360855169793,0.013983488463923499,True,12,13,0.0,1.0
L8_06,E4_joint_constitutive_Cvcal,3,3,swe+ceus,constitutive,phi,0.06,0.05852906867764567,0.0529201216749294,0.0647325019642849,0.06725560472644751,-0.024821030925872734,True,12,13,0.0,1.0
L8_06,E4_joint_constitutive_Cvcal,3,3,swe+ceus,constitutive,k,1.9999999999999983e-12,3.4348279866269797e-13,1.0935324740038234e-14,1.0788928155484022e-11,0.9980488721799605,-1.7617654258069244,True,12,13,0.0,1.0
L8_06,E4_joint_constitutive_Cvcal,3,3,swe+ceus,constitutive,D,3.0000000000000015e-07,2.8443100432080574e-07,2.7135967223166017e-07,2.981319794264673e-07,0.02043162878081358,-0.053291766069817115,False,12,13,0.0,1.0
L8_06,E4_joint_constitutive_Cvcal,3,3,swe+ceus,constitutive,vmag,0.002999999999999999,0.0029699493375522257,0.002928956558273942,0.0030115158392191913,0.006036110675004396,-0.01006739406221513,True,12,13,0.0,1.0
L8_06,E4_joint_constitutive_Cvcal,3,3,swe+ceus,constitutive,S_v,2.4000000000000004e-05,2.3411627471058273e-05,1.5416531549699614e-05,3.5553023004989085e-05,0.2692351997581664,-0.024821030925872734,True,12,13,0.0,1.0
L8_06,E4_joint_constitutive_Cvcal,3,3,swe+ceus,constitutive,C_v,0.0004000000000000001,0.0004000000000000001,0.0002666666666666667,0.0006000000000000003,1.0,0.0,True,12,13,0.0,1.0
L8_06,E4_joint_constitutive_Cvcal,4,4,swe+ceus,constitutive,mu,5999.999999999995,5990.068412081285,5974.402514364143,6005.775388441973,0.0022746068297003373,-0.0016566361172873911,True,12,13,0.0,1.0
L8_06,E4_joint_constitutive_Cvcal,4,4,swe+ceus,constitutive,eta_s,0.5,0.5012108069866081,0.48796299865008624,0.5148182828106378,0.011633535088323948,0.0024186865911390854,True,12,13,0.0,1.0
L8_06,E4_joint_constitutive_Cvcal,4,4,swe+ceus,constitutive,phi,0.06,0.058935274206680266,0.05327722127816436,0.06519421363366316,0.06738313938860141,-0.017904767857687354,True,12,13,0.0,1.0
L8_06,E4_joint_constitutive_Cvcal,4,4,swe+ceus,constitutive,k,1.9999999999999983e-12,4.0167083026115876e-13,1.2826058531270888e-14,1.2579036302487703e-11,0.9971847176681168,-1.6052695365437444,True,12,13,0.0,1.0
L8_06,E4_joint_constitutive_Cvcal,4,4,swe+ceus,constitutive,D,3.0000000000000015e-07,2.889693755097723e-07,2.756019577016324e-07,3.0298514814219414e-07,0.020569521194452958,-0.03746175925289208,True,12,13,0.0,1.0
L8_06,E4_joint_constitutive_Cvcal,4,4,swe+ceus,constitutive,vmag,0.002999999999999999,0.002959982980499565,0.002918472988078165,0.0030020833773817444,0.006133535878852003,-0.013428770179898741,True,12,13,0.0,1.0
L8_06,E4_joint_constitutive_Cvcal,4,4,swe+ceus,constitutive,S_v,2.4000000000000004e-05,2.3574109682672133e-05,1.5522810245920784e-05,3.580141987992784e-05,0.2692649096538999,-0.017904767857686466,True,12,13,0.0,1.0
L8_06,E4_joint_constitutive_Cvcal,4,4,swe+ceus,constitutive,C_v,0.0004000000000000001,0.0004000000000000001,0.0002666666666666667,0.0006000000000000003,1.0,0.0,True,12,13,0.0,1.0
L8_06,E5_joint_network,0,0,swe+ceus,network,mu,5999.999999999995,6000.566620386033,5984.357906756118,6016.819235534144,0.0023494045921012706,9.443227213878913e-05,True,12,13,0.0,1.0
L8_06,E5_joint_network,0,0,swe+ceus,network,eta_s,0.5,0.5045136764769604,0.4885558036067046,0.520992787053663,0.0139587670089551,0.008986849977192679,True,12,13,0.0,1.0
L8_06,E5_joint_network,0,0,swe+ceus,network,phi,0.06,0.059858011898498126,0.05410091029432244,0.06622775049344698,0.06751222623675973,-0.002369272870009098,True,12,13,0.0,1.0
L8_06,E5_joint_network,0,0,swe+ceus,network,k,1.9999999999999983e-12,2.3093315161647783e-12,4.449044298731694e-13,1.1986871097399988e-11,0.4768130350342247,0.14381091515162225,True,12,13,0.0,1.0
L8_06,E5_joint_network,0,0,swe+ceus,network,D,3.0000000000000015e-07,3.022072763400208e-07,2.8798043376819826e-07,3.171369550278774e-07,0.02094193524826712,0.007330652788072101,True,12,13,0.0,1.0
L8_06,E5_joint_network,0,0,swe+ceus,network,vmag,0.002999999999999999,0.002998285822408169,0.0029550952888385503,0.0030421076121667414,0.006301541641480923,-0.0005715558375332108,True,12,13,0.0,1.0
L8_06,E5_joint_network,0,0,swe+ceus,network,S_v,2.4000000000000004e-05,5.985801189849819e-05,5.972530413334367e-06,0.0005999101453617268,0.839054302743808,0.9139214590041469,True,12,13,0.0,1.0
L8_06,E5_joint_network,0,0,swe+ceus,network,C_v,0.0004000000000000001,0.0010000000000000002,0.00010000000000000009,0.009999999999999995,1.0,0.9162907318741551,True,12,13,0.0,1.0
L8_06,E5_joint_network,1,1,swe+ceus,network,mu,5999.999999999995,5973.958876472632,5957.003551498931,5990.962461119587,0.0024687393247767517,-0.004349633208644121,False,12,13,0.0,1.0
L8_06,E5_joint_network,1,1,swe+ceus,network,eta_s,0.5,0.49922559884502465,0.48205722891308844,0.5170054167720141,0.015198246699868627,-0.0015500029441051222,True,12,13,0.0,1.0
L8_06,E5_joint_network,1,1,swe+ceus,network,phi,0.06,0.06034736169715015,0.054548767930863,0.06676235233071467,0.06744401347721625,0.005772667665756792,True,12,13,0.0,1.0
L8_06,E5_joint_network,1,1,swe+ceus,network,k,1.9999999999999983e-12,3.5943079178082735e-12,7.229641187694601e-13,1.7869558215431842e-11,0.4643323574015479,0.586204279648534,True,12,13,0.0,1.0
L8_06,E5_joint_network,1,1,swe+ceus,network,D,3.0000000000000015e-07,3.0264192905457134e-07,2.885027653443836e-07,3.1747403569092083e-07,0.020779116215323305,0.008767879738170947,True,12,13,0.0,1.0
L8_06,E5_joint_network,1,1,swe+ceus,network,vmag,0.002999999999999999,0.0030207496459114633,0.0029773164764441747,0.003064816419573972,0.006289732439189572,0.00689273903841503,True,12,13,0.0,1.0
L8_06,E5_joint_network,1,1,swe+ceus,network,S_v,2.4000000000000004e-05,6.034736169715017e-05,6.021383881908508e-06,0.0006048118065929355,0.839052671582671,0.9220633995399119,True,12,13,0.0,1.0
L8_06,E5_joint_network,1,1,swe+ceus,network,C_v,0.0004000000000000001,0.0010000000000000002,0.00010000000000000009,0.009999999999999995,1.0,0.9162907318741551,True,12,13,0.0,1.0
L8_06,E5_joint_network,2,2,swe+ceus,network,mu,5999.999999999995,6004.476109300961,5988.140760292521,6020.856020325878,0.0023662412962948986,0.0007457400835573225,True,12,13,0.0,1.0
L8_06,E5_joint_network,2,2,swe+ceus,network,eta_s,0.5,0.49127847566036187,0.47494669230950964,0.5081718528737214,0.014682869400700646,-0.01759697119782988,True,12,13,0.0,1.0
L8_06,E5_joint_network,2,2,swe+ceus,network,phi,0.06,0.05952028495038885,0.05380128596707825,0.06584720526463421,0.06744248093344668,-0.008027384235793189,True,12,13,0.0,1.0
L8_06,E5_joint_network,2,2,swe+ceus,network,k,1.9999999999999983e-12,2.5787801133937146e-12,5.006286526590394e-13,1.3283512315792385e-11,0.4745990735446894,0.25416928229093827,True,12,13,0.0,1.0
L8_06,E5_joint_network,2,2,swe+ceus,network,D,3.0000000000000015e-07,3.0194294589882155e-07,2.876856113787096e-07,3.16906855859548e-07,0.02100674676024947,0.006455604006044169,True,12,13,0.0,1.0
L8_06,E5_joint_network,2,2,swe+ceus,network,vmag,0.002999999999999999,0.003006637004808874,0.0029634492477797177,0.00305045415758645,0.006283504444665696,0.0022098913267480924,True,12,13,0.0,1.0
L8_06,E5_joint_network,2,2,swe+ceus,network,S_v,2.4000000000000004e-05,5.952028495038889e-05,5.938859801451354e-06,0.0005965226388590154,0.8390526349540927,0.9082633476383624,True,12,13,0.0,1.0
L8_06,E5_joint_network,2,2,swe+ceus,network,C_v,0.0004000000000000001,0.0010000000000000002,0.00010000000000000009,0.009999999999999995,1.0,0.9162907318741551,True,12,13,0.0,1.0
L8_06,E5_joint_network,3,3,swe+ceus,network,mu,5999.999999999995,6016.641341945161,5999.7704397615635,6033.559683833884,0.0024389791796157875,0.002769717778880576,True,12,13,0.0,1.0
L8_06,E5_joint_network,3,3,swe+ceus,network,eta_s,0.5,0.5023307994238899,0.4852130044777366,0.5200524918359283,0.015057374755814597,0.004650767244553045,True,12,13,0.0,1.0
L8_06,E5_joint_network,3,3,swe+ceus,network,phi,0.06,0.05836480599703667,0.05278236360100597,0.06453766649826201,0.06711945511285365,-0.027631491083648374,True,12,13,0.0,1.0
L8_06,E5_joint_network,3,3,swe+ceus,network,k,1.9999999999999983e-12,3.0661914104669216e-12,6.040922776734415e-13,1.5563068943422882e-11,0.47033065244322336,0.42728902796935486,True,12,13,0.0,1.0
L8_06,E5_joint_network,3,3,swe+ceus,network,D,3.0000000000000015e-07,2.842337315925e-07,2.7117674857708686e-07,2.979193997970356e-07,0.02042316756773907,-0.05398557640747548,False,12,13,0.0,1.0
L8_06,E5_joint_network,3,3,swe+ceus,network,vmag,0.002999999999999999,0.0029694661072046076,0.002928496339302401,0.0030110090436163434,0.006033687220366744,-0.010230113896575688,True,12,13,0.0,1.0
L8_06,E5_joint_network,3,3,swe+ceus,network,S_v,2.4000000000000004e-05,5.8364805997036656e-05,5.82369076026786e-06,0.0005849298527854949,0.8390449330132738,0.8886592407905063,True,12,13,0.0,1.0
L8_06,E5_joint_network,3,3,swe+ceus,network,C_v,0.0004000000000000001,0.0010000000000000002,0.00010000000000000009,0.009999999999999995,1.0,0.9162907318741551,True,12,13,0.0,1.0
L8_06,E5_joint_network,4,4,swe+ceus,network,mu,5999.999999999995,5968.493041855054,5939.536818285314,5997.590431800063,0.004224226189228069,-0.00526499548711179,False,12,13,0.0,1.0
L8_06,E5_joint_network,4,4,swe+ceus,network,eta_s,0.5,0.4737353881498398,0.447436758133951,0.5015797515641133,0.02480416815736471,-0.05395918545669265,True,12,13,0.0,1.0
L8_06,E5_joint_network,4,4,swe+ceus,network,phi,0.06,0.05938781498423753,0.05372206432865644,0.0656510990907827,0.06693874001090558,-0.010255491842048325,True,12,13,0.0,1.0
L8_06,E5_joint_network,4,4,swe+ceus,network,k,1.9999999999999983e-12,1.530172370327008e-11,6.6025102418154106e-12,3.546268611721806e-11,0.243354181513624,2.034818301837195,False,12,13,0.0,1.0
L8_06,E5_joint_network,4,4,swe+ceus,network,D,3.0000000000000015e-07,2.8916747172301666e-07,2.7580272489262513e-07,3.0317984253141635e-07,0.020550885211754858,-0.03677646745063079,True,12,13,0.0,1.0
L8_06,E5_joint_network,4,4,swe+ceus,network,vmag,0.002999999999999999,0.0029602927467271673,0.002918791552725194,0.0030023840305222886,0.006131580368706551,-0.01332412430117369,True,12,13,0.0,1.0
L8_06,E5_joint_network,4,4,swe+ceus,network,S_v,2.4000000000000004e-05,5.9387814984237566e-05,5.9258373558914405e-06,0.0005951753915580541,0.839040640302473,0.9060352400321072,True,12,13,0.0,1.0
L8_06,E5_joint_network,4,4,swe+ceus,network,C_v,0.0004000000000000001,0.0010000000000000002,0.00010000000000000009,0.009999999999999995,1.0,0.9162907318741551,True,12,13,0.0,1.0
L8_06,E8_relax_constitutive_Cvcal,0,0,swe+ceus+relax,constitutive,mu,5999.999999999995,6000.869139494835,5985.127341128657,6016.652341193252,0.002281522477498734,0.00014484609177145558,True,15,16,0.0,1.0
L8_06,E8_relax_constitutive_Cvcal,0,0,swe+ceus+relax,constitutive,eta_s,0.5,0.5050183828361732,0.4903529908588172,0.5201223848064503,0.012798358289470822,0.009986731846432284,True,15,16,0.0,1.0
L8_06,E8_relax_constitutive_Cvcal,0,0,swe+ceus+relax,constitutive,phi,0.06,0.05999949956724192,0.054232752909875837,0.06637944332831223,0.06746343748517428,-8.340580750498816e-06,True,15,16,0.0,1.0
L8_06,E8_relax_constitutive_Cvcal,0,0,swe+ceus+relax,constitutive,k,1.9999999999999983e-12,2.0190903503292884e-12,1.2344259383720157e-12,3.302527690052683e-12,0.14246047629414116,0.009499907808773855,True,15,16,0.0,1.0
L8_06,E8_relax_constitutive_Cvcal,0,0,swe+ceus+relax,constitutive,D,3.0000000000000015e-07,3.02420103913107e-07,2.881804663456438e-07,3.1736335363244146e-07,0.0209461184686302,0.008034648633536534,True,15,16,0.0,1.0
L8_06,E8_relax_constitutive_Cvcal,0,0,swe+ceus+relax,constitutive,vmag,0.002999999999999999,0.002998814306034715,0.002955602392509869,0.0030426579924513445,0.006303564567646283,-0.0003953094462456619,True,15,16,0.0,1.0
L8_06,E8_relax_constitutive_Cvcal,0,0,swe+ceus+relax,constitutive,S_v,2.4000000000000004e-05,2.277719380461367e-05,1.5280730958776403e-05,3.395129192527018e-05,0.2572326556187163,-0.0522940667206413,True,15,16,0.0,1.0
L8_06,E8_relax_constitutive_Cvcal,0,0,swe+ceus+relax,constitutive,C_v,0.0004000000000000001,0.0003796230630071687,0.0002574496248335041,0.0005597742473314721,0.9578006687905359,-0.0522857261398908,True,15,16,0.0,1.0
L8_06,E8_relax_constitutive_Cvcal,1,1,swe+ceus+relax,constitutive,mu,5999.999999999995,5975.701447109634,5960.043991110313,5991.4000363503765,0.0022788524359578692,-0.004057981295172652,False,15,16,0.0,1.0
L8_06,E8_relax_constitutive_Cvcal,1,1,swe+ceus+relax,constitutive,eta_s,0.5,0.5020887430093821,0.4880721929749431,0.5165078229926601,0.012296419238438886,0.004168784549139937,True,15,16,0.0,1.0
L8_06,E8_relax_constitutive_Cvcal,1,1,swe+ceus+relax,constitutive,phi,0.06,0.060347371764316635,0.054550640566431524,0.06676008276063536,0.06742120626078306,0.0057728344860676906,True,15,16,0.0,1.0
L8_06,E8_relax_constitutive_Cvcal,1,1,swe+ceus+relax,constitutive,k,1.9999999999999983e-12,1.9879305986867845e-12,1.2203698303335944e-12,3.23825447578865e-12,0.14127317062519354,-0.006052983052246219,True,15,16,0.0,1.0
L8_06,E8_relax_constitutive_Cvcal,1,1,swe+ceus+relax,constitutive,D,3.0000000000000015e-07,3.027545536441855e-07,2.8860649654775946e-07,3.1759617627707055e-07,0.020784581102985547,0.009139948602566506,True,15,16,0.0,1.0
L8_06,E8_relax_constitutive_Cvcal,1,1,swe+ceus+relax,constitutive,vmag,0.002999999999999999,0.0030210747323939375,0.0029776248263269673,0.003065158665394233,0.006291491771123361,0.007000351064992749,True,15,16,0.0,1.0
L8_06,E8_relax_constitutive_Cvcal,1,1,swe+ceus+relax,constitutive,S_v,2.4000000000000004e-05,2.327338824065746e-05,1.5614070600380112e-05,3.4689903361086814e-05,0.2572139412606112,-0.03074325810430345,True,15,16,0.0,1.0
L8_06,E8_relax_constitutive_Cvcal,1,1,swe+ceus+relax,constitutive,C_v,0.0004000000000000001,0.0003856570312879639,0.000261545430640572,0.0005686635221176514,0.9577654091493829,-0.036516092590371585,True,15,16,0.0,1.0
L8_06,E8_relax_constitutive_Cvcal,2,2,swe+ceus+relax,constitutive,mu,5999.999999999995,6005.254803003376,5989.541684682625,6021.009143524482,0.0022756949618273114,0.000875417211078755,True,15,16,0.0,1.0
L8_06,E8_relax_constitutive_Cvcal,2,2,swe+ceus+relax,constitutive,eta_s,0.5,0.49256486987568804,0.4778512307287582,0.5077315604390931,0.013170725481924035,-0.014981931000140336,True,15,16,0.0,1.0
L8_06,E8_relax_constitutive_Cvcal,2,2,swe+ceus+relax,constitutive,phi,0.06,0.05965438841914182,0.05392601798882866,0.06599126340830605,0.06739897703280866,-0.005776846909979483,True,15,16,0.0,1.0
L8_06,E8_relax_constitutive_Cvcal,2,2,swe+ceus+relax,constitutive,k,1.9999999999999983e-12,1.834939905293076e-12,1.1210063035451856e-12,3.00355532826961e-12,0.14267586059154655,-0.08613544874876311,True,15,16,0.0,1.0
L8_06,E8_relax_constitutive_Cvcal,2,2,swe+ceus+relax,constitutive,D,3.0000000000000015e-07,3.021503278983632e-07,2.878802016598571e-07,3.1712781956765883e-07,0.02101127164953287,0.0071421933679314265,True,15,16,0.0,1.0
L8_06,E8_relax_constitutive_Cvcal,2,2,swe+ceus+relax,constitutive,vmag,0.002999999999999999,0.0030071402403522027,0.0029639313600470854,0.0030509790297579115,0.006285540385989132,0.0023772522129226203,True,15,16,0.0,1.0
L8_06,E8_relax_constitutive_Cvcal,2,2,swe+ceus+relax,constitutive,S_v,2.4000000000000004e-05,2.2982401648917977e-05,1.5417854449193123e-05,3.425838447838182e-05,0.25725547868877624,-0.043325052991388446,True,15,16,0.0,1.0
L8_06,E8_relax_constitutive_Cvcal,2,2,swe+ceus+relax,constitutive,C_v,0.0004000000000000001,0.00038525919480457557,0.00026125860091607715,0.0005681139172491694,0.9579261158497991,-0.037548206081408964,True,15,16,0.0,1.0
L8_06,E8_relax_constitutive_Cvcal,3,3,swe+ceus+relax,constitutive,mu,5999.999999999995,6017.987172490292,6002.039711262849,6033.977006233053,0.002304786351038274,0.0029933774538140057,False,15,16,0.0,1.0
L8_06,E8_relax_constitutive_Cvcal,3,3,swe+ceus+relax,constitutive,eta_s,0.5,0.5045369487443901,0.4896816368724789,0.5198429213603334,0.012979158194919913,0.009032977033362477,True,15,16,0.0,1.0
L8_06,E8_relax_constitutive_Cvcal,3,3,swe+ceus+relax,constitutive,phi,0.06,0.05842557579799545,0.052840123897475305,0.06460143647563267,0.06708403963939193,-0.02659082650991973,True,15,16,0.0,1.0
L8_06,E8_relax_constitutive_Cvcal,3,3,swe+ceus+relax,constitutive,k,1.9999999999999983e-12,1.8068389767602109e-12,1.1040454063117276e-12,2.957004367099469e-12,0.14262167694626268,-0.10156828373384386,True,15,16,0.0,1.0
L8_06,E8_relax_constitutive_Cvcal,3,3,swe+ceus+relax,constitutive,D,3.0000000000000015e-07,2.843666791846006e-07,2.7130057580309875e-07,2.9806205899528336e-07,0.020427990853516136,-0.05351794538926491,False,15,16,0.0,1.0
L8_06,E8_relax_constitutive_Cvcal,3,3,swe+ceus+relax,constitutive,vmag,0.002999999999999999,0.0029698229887021713,0.002928836898883458,0.0030113826371097117,0.006035377340544816,-0.010109937393216306,True,15,16,0.0,1.0
L8_06,E8_relax_constitutive_Cvcal,3,3,swe+ceus+relax,constitutive,S_v,2.4000000000000004e-05,2.2706851934044787e-05,1.5234344220684605e-05,3.384465502982203e-05,0.2571986401075615,-0.05538710409257597,True,15,16,0.0,1.0
L8_06,E8_relax_constitutive_Cvcal,3,3,swe+ceus+relax,constitutive,C_v,0.0004000000000000001,0.00038864575357465023,0.00026355249875679575,0.0005731136015940089,0.9579509490531252,-0.028796277582656238,True,15,16,0.0,1.0
L8_06,E8_relax_constitutive_Cvcal,4,4,swe+ceus+relax,constitutive,mu,5999.999999999995,5988.702867558185,5973.0612145242385,6004.385481382728,0.0022716005518064594,-0.0018846302073551868,True,15,16,0.0,1.0
L8_06,E8_relax_constitutive_Cvcal,4,4,swe+ceus+relax,constitutive,eta_s,0.5,0.49866368465531924,0.485590967296208,0.5120883359478452,0.011537142104989543,-0.0026762085430386273,True,15,16,0.0,1.0
L8_06,E8_relax_constitutive_Cvcal,4,4,swe+ceus+relax,constitutive,phi,0.06,0.058885793421279635,0.053246224867356216,0.0651226763116397,0.06721091641342503,-0.018744698938024662,True,15,16,0.0,1.0
L8_06,E8_relax_constitutive_Cvcal,4,4,swe+ceus+relax,constitutive,k,1.9999999999999983e-12,1.8156386251925694e-12,1.1021352832658213e-12,2.9910517042181276e-12,0.14452967150630158,-0.09670991512097515,True,15,16,0.0,1.0
L8_06,E8_relax_constitutive_Cvcal,4,4,swe+ceus+relax,constitutive,D,3.0000000000000015e-07,2.8893606686723353e-07,2.755727498027795e-07,3.029474097001749e-07,0.02056548681597714,-0.03757703292963299,True,15,16,0.0,1.0
L8_06,E8_relax_constitutive_Cvcal,4,4,swe+ceus+relax,constitutive,vmag,0.002999999999999999,0.002959917647467701,0.002918412948871331,0.0030020126120873353,0.006132884437679048,-0.013450842520626338,True,15,16,0.0,1.0
L8_06,E8_relax_constitutive_Cvcal,4,4,swe+ceus+relax,constitutive,S_v,2.4000000000000004e-05,2.3261327878991918e-05,1.560543531281399e-05,3.467313559972694e-05,0.2572364058437749,-0.03126159636619619,True,15,16,0.0,1.0
L8_06,E8_relax_constitutive_Cvcal,4,4,swe+ceus+relax,constitutive,C_v,0.0004000000000000001,0.00039502444524396887,0.000267873479376014,0.0005825299044302408,0.9579933383967913,-0.012516897428170637,True,15,16,0.0,1.0
L8_06,E8_relax_constitutive_Cvcal_norm,0,0,swe+ceus+relax,constitutive,mu,5999.999999999995,6001.797092183138,5986.0540926829535,6017.581494923158,0.0022813435490848864,0.0002994705180849877,True,12,16,0.0,1.0
L8_06,E8_relax_constitutive_Cvcal_norm,0,0,swe+ceus+relax,constitutive,eta_s,0.5,0.5066979815210609,0.49201088150071237,0.5218235086476349,0.012774466344975876,0.013307030473804105,True,12,16,0.0,1.0
L8_06,E8_relax_constitutive_Cvcal_norm,0,0,swe+ceus+relax,constitutive,phi,0.06,0.02794600102602032,0.00998744870714569,0.07819604347880799,0.6869405167357041,-0.7640704488494561,True,12,16,0.0,1.0
L8_06,E8_relax_constitutive_Cvcal_norm,0,0,swe+ceus+relax,constitutive,k,1.9999999999999983e-12,1.0329571466220408e-12,3.667116091347459e-13,2.909644636762742e-12,0.29983843059478993,-0.6607214756759348,True,12,16,0.0,1.0
L8_06,E8_relax_constitutive_Cvcal_norm,0,0,swe+ceus+relax,constitutive,D,3.0000000000000015e-07,3.0974663026928197e-07,2.886771407259629e-07,3.3235390485681915e-07,0.030594195318077978,0.03197216692150029,True,12,16,0.0,1.0
L8_06,E8_relax_constitutive_Cvcal_norm,0,0,swe+ceus+relax,constitutive,vmag,0.002999999999999999,0.0030155945678197044,0.0029651437848185304,0.0030669037515225453,0.007327194436779766,0.0051847253259831305,True,12,16,0.0,1.0
L8_06,E8_relax_constitutive_Cvcal_norm,0,0,swe+ceus+relax,constitutive,S_v,2.4000000000000004e-05,1.1348760986382496e-05,4.086814956346741e-06,3.151460912758537e-05,0.6581771209280041,-0.7489452565747534,True,12,16,0.0,1.0
L8_06,E8_relax_constitutive_Cvcal_norm,0,0,swe+ceus+relax,constitutive,C_v,0.0004000000000000001,0.000406096062753871,0.00027288396847924084,0.0006043374885789281,0.9804618214534255,0.015125192274702215,True,12,16,0.0,1.0
L8_06,E8_relax_constitutive_Cvcal_norm,1,1,swe+ceus+relax,constitutive,mu,5999.999999999995,5976.5939843013775,5960.933363457668,5992.295748877161,0.002278972828873977,-0.003908631373473526,False,12,16,0.0,1.0
L8_06,E8_relax_constitutive_Cvcal_norm,1,1,swe+ceus+relax,constitutive,eta_s,0.5,0.5037436776083815,0.48968275395207567,0.5182083515958409,0.012294799486354943,0.007459464106603697,True,12,16,0.0,1.0
L8_06,E8_relax_constitutive_Cvcal_norm,1,1,swe+ceus+relax,constitutive,phi,0.06,0.029245830951376835,0.010455578515791495,0.08180500263516627,0.6867111429053836,-0.7186075302796859,True,12,16,0.0,1.0
L8_06,E8_relax_constitutive_Cvcal_norm,1,1,swe+ceus+relax,constitutive,k,1.9999999999999983e-12,1.0361777877237296e-12,3.682707207330714e-13,2.9154215834341385e-12,0.299511390955509,-0.657608441673986,True,12,16,0.0,1.0
L8_06,E8_relax_constitutive_Cvcal_norm,1,1,swe+ceus+relax,constitutive,D,3.0000000000000015e-07,3.046335244788458e-07,2.842018583065908e-07,3.265340514990271e-07,0.030150781793930492,0.015327020414570569,True,12,16,0.0,1.0
L8_06,E8_relax_constitutive_Cvcal_norm,1,1,swe+ceus+relax,constitutive,vmag,0.002999999999999999,0.0030307503304554495,0.002980754556276707,0.0030815846766764515,0.007223944712936489,0.010197934010656162,True,12,16,0.0,1.0
L8_06,E8_relax_constitutive_Cvcal_norm,1,1,swe+ceus+relax,constitutive,S_v,2.4000000000000004e-05,1.1923967618138186e-05,4.29566264877777e-06,3.3098735953779405e-05,0.6579206316743503,-0.6995033702236491,True,12,16,0.0,1.0
L8_06,E8_relax_constitutive_Cvcal_norm,1,1,swe+ceus+relax,constitutive,C_v,0.0004000000000000001,0.0004077151248655776,0.00027397319263795154,0.0006067441177130943,0.980450437535617,0.019104160056036434,True,12,16,0.0,1.0
L8_06,E8_relax_constitutive_Cvcal_norm,2,2,swe+ceus+relax,constitutive,mu,5999.999999999995,6006.041352862397,5990.324080858582,6021.799863476327,0.0022759988248811794,0.0010063855678552613,True,12,16,0.0,1.0
L8_06,E8_relax_constitutive_Cvcal_norm,2,2,swe+ceus+relax,constitutive,eta_s,0.5,0.4939861907892927,0.47924849429575406,0.5091770962141495,0.013154051458776735,-0.012100535492814535,True,12,16,0.0,1.0
L8_06,E8_relax_constitutive_Cvcal_norm,2,2,swe+ceus+relax,constitutive,phi,0.06,0.029899560926967144,0.010684718574168686,0.08366937672899596,0.6869968018400512,-0.6965007666500993,True,12,16,0.0,1.0
L8_06,E8_relax_constitutive_Cvcal_norm,2,2,swe+ceus+relax,constitutive,k,1.9999999999999983e-12,9.931479710479646e-13,3.5244387322102463e-13,2.7985814688233588e-12,0.29994932958120574,-0.7000227924514206,True,12,16,0.0,1.0
L8_06,E8_relax_constitutive_Cvcal_norm,2,2,swe+ceus+relax,constitutive,D,3.0000000000000015e-07,3.2106652685248895e-07,2.9902309523807263e-07,3.4473495962928225e-07,0.030890297443689818,0.06786587576240422,True,12,16,0.0,1.0
L8_06,E8_relax_constitutive_Cvcal_norm,2,2,swe+ceus+relax,constitutive,vmag,0.002999999999999999,0.0030301876392951287,0.0029786355095919423,0.003082631997022985,0.007452159681929345,0.010012256095869532,True,12,16,0.0,1.0
L8_06,E8_relax_constitutive_Cvcal_norm,2,2,swe+ceus+relax,constitutive,S_v,2.4000000000000004e-05,1.2203616381256482e-05,4.3942344830153136e-06,3.389174004175519e-05,0.6582392106294055,-0.6763214978407,True,12,16,0.0,1.0
L8_06,E8_relax_constitutive_Cvcal_norm,2,2,swe+ceus+relax,constitutive,C_v,0.0004000000000000001,0.0004081536986802281,0.0002742663251664248,0.0006074002765205102,0.9804646170462725,0.020179268809398465,True,12,16,0.0,1.0
L8_06,E8_relax_constitutive_Cvcal_norm,3,3,swe+ceus+relax,constitutive,mu,5999.999999999995,6018.732909072835,6002.779405349686,6034.728812201969,0.0023053747382662483,0.003117287718145789,False,12,16,0.0,1.0
L8_06,E8_relax_constitutive_Cvcal_norm,3,3,swe+ceus+relax,constitutive,eta_s,0.5,0.5058941445847804,0.4910056614481703,0.521234082658703,0.012973153042280236,0.011719348554477316,True,12,16,0.0,1.0
L8_06,E8_relax_constitutive_Cvcal_norm,3,3,swe+ceus+relax,constitutive,phi,0.06,0.030530957835826034,0.01091073056925418,0.08543326961071727,0.6869735510489186,-0.6756033823734153,True,12,16,0.0,1.0
L8_06,E8_relax_constitutive_Cvcal_norm,3,3,swe+ceus+relax,constitutive,k,1.9999999999999983e-12,1.0098089687477102e-12,3.583741582527106e-13,2.8453897410880103e-12,0.29993502515431125,-0.6833860074497267,True,12,16,0.0,1.0
L8_06,E8_relax_constitutive_Cvcal_norm,3,3,swe+ceus+relax,constitutive,D,3.0000000000000015e-07,2.722424961724679e-07,2.5436532296127444e-07,2.9137610370537765e-07,0.029498013476714824,-0.09708927549123203,False,12,16,0.0,1.0
L8_06,E8_relax_constitutive_Cvcal_norm,3,3,swe+ceus+relax,constitutive,vmag,0.002999999999999999,0.002951189605434722,0.002904643988603099,0.0029984810948947074,0.0069042024354785065,-0.01640394352269503,False,12,16,0.0,1.0
L8_06,E8_relax_constitutive_Cvcal_norm,3,3,swe+ceus+relax,constitutive,S_v,2.4000000000000004e-05,1.2493424357261914e-05,4.498768105479515e-06,3.469519844343886e-05,0.6582133395488686,-0.6528513758723289,True,12,16,0.0,1.0
L8_06,E8_relax_constitutive_Cvcal_norm,3,3,swe+ceus+relax,constitutive,C_v,0.0004000000000000001,0.00040920512302439844,0.0002749729676968844,0.000608964707010762,0.9804635518777937,0.02275200650108644,True,12,16,0.0,1.0
L8_06,E8_relax_constitutive_Cvcal_norm,4,4,swe+ceus+relax,constitutive,mu,5999.999999999995,5989.39868456696,5973.746647078265,6005.091732545724,0.002272846212975508,-0.0017684486895195306,True,12,16,0.0,1.0
L8_06,E8_relax_constitutive_Cvcal_norm,4,4,swe+ceus+relax,constitutive,eta_s,0.5,0.4999891302700144,0.48683861379352134,0.5134948693576536,0.01157554574641366,-2.1739696276723564e-05,True,12,16,0.0,1.0
L8_06,E8_relax_constitutive_Cvcal_norm,4,4,swe+ceus+relax,constitutive,phi,0.06,0.03308945959153021,0.01182236051531533,0.0926136818988984,0.6871255500267659,-0.5951297718957926,True,12,16,0.0,1.0
L8_06,E8_relax_constitutive_Cvcal_norm,4,4,swe+ceus+relax,constitutive,k,1.9999999999999983e-12,1.077772135837055e-12,3.8190139541330745e-13,3.041603908070693e-12,0.30038380410266746,-0.6182511071908898,True,12,16,0.0,1.0
L8_06,E8_relax_constitutive_Cvcal_norm,4,4,swe+ceus+relax,constitutive,D,3.0000000000000015e-07,2.8669188654006333e-07,2.6753110027719776e-07,3.0722498327386417e-07,0.030041126786670366,-0.045374401643899276,True,12,16,0.0,1.0
L8_06,E8_relax_constitutive_Cvcal_norm,4,4,swe+ceus+relax,constitutive,vmag,0.002999999999999999,0.0029622014076514987,0.00291409634262979,0.0030111005772629866,0.007110678146844499,-0.012679577952741106,True,12,16,0.0,1.0
L8_06,E8_relax_constitutive_Cvcal_norm,4,4,swe+ceus+relax,constitutive,S_v,2.4000000000000004e-05,1.3630250896425133e-05,4.906815413804002e-06,3.7862386055290706e-05,0.6583858286274771,-0.565762177147505,True,12,16,0.0,1.0
L8_06,E8_relax_constitutive_Cvcal_norm,4,4,swe+ceus+relax,constitutive,C_v,0.0004000000000000001,0.0004119212300437212,0.0002767971096125739,0.0006130089291691948,0.9804724312118315,0.02936759474828765,True,12,16,0.0,1.0
L8_06,E8_relax_independent_matched,0,0,swe+ceus+relax,independent,mu,5999.999999999995,6001.359619545454,5985.57244890437,6017.188429438084,0.0022879198845478736,0.0002265775869361164,True,15,16,0.0,1.0
L8_06,E8_relax_independent_matched,0,0,swe+ceus+relax,independent,eta_s,0.5,0.5058568669454665,0.49104000723635954,0.5211208171734804,0.012910772376961116,0.011645659200266723,True,15,16,0.0,1.0
L8_06,E8_relax_independent_matched,0,0,swe+ceus+relax,independent,phi,0.06,0.060192258773840275,0.05439268366656571,0.06661020880137261,0.06763895408823306,0.003199190027367571,True,15,16,0.0,1.0
L8_06,E8_relax_independent_matched,0,0,swe+ceus+relax,independent,k,1.9999999999999983e-12,1.5338883626386538e-12,5.455732958860793e-13,4.312552551196676e-12,0.2992937651540022,-0.2653412555964749,True,15,16,0.0,1.0
L8_06,E8_relax_independent_matched,0,0,swe+ceus+relax,independent,D,3.0000000000000015e-07,3.025561215734677e-07,2.883075939199949e-07,3.175088295696481e-07,0.02094986267183661,0.008484311469603156,True,15,16,0.0,1.0
L8_06,E8_relax_independent_matched,0,0,swe+ceus+relax,independent,vmag,0.002999999999999999,0.002999077840328719,0.0029558548425617707,0.003042932881154433,0.006304635193124492,-0.00030743381002462655,True,15,16,0.0,1.0
L8_06,E8_relax_independent_matched,0,0,swe+ceus+relax,independent,S_v,2.4000000000000004e-05,1.710140187962513e-05,6.169052309409162e-06,4.7407272880857764e-05,0.6570639216478649,-0.33889338893498433,True,15,16,0.0,1.0
L8_06,E8_relax_independent_matched,1,1,swe+ceus+relax,independent,mu,5999.999999999995,5976.097839560329,5960.386560421569,5991.85053284055,0.0022865445286586648,-0.0039916494498442034,False,15,16,0.0,1.0
L8_06,E8_relax_independent_matched,1,1,swe+ceus+relax,independent,eta_s,0.5,0.5027810839700994,0.4885726517852448,0.5174027188678235,0.01244977658516376,0.005546756206125769,True,15,16,0.0,1.0
L8_06,E8_relax_independent_matched,1,1,swe+ceus+relax,independent,phi,0.06,0.06048369862076278,0.05465953488621406,0.06692844727754776,0.06759630297545474,0.008029322223149116,True,15,16,0.0,1.0
L8_06,E8_relax_independent_matched,1,1,swe+ceus+relax,independent,k,1.9999999999999983e-12,1.5946899055704823e-12,5.68000705744634e-13,4.477170308432172e-12,0.2988849132104565,-0.22646787979471839,True,15,16,0.0,1.0
L8_06,E8_relax_independent_matched,1,1,swe+ceus+relax,independent,D,3.0000000000000015e-07,3.028499176635062e-07,2.8869478403316946e-07,3.176990984993155e-07,0.020788522551276126,0.00945488689852425,True,15,16,0.0,1.0
L8_06,E8_relax_independent_matched,1,1,swe+ceus+relax,independent,vmag,0.002999999999999999,0.0030212580314167574,0.0029777992017271057,0.003065351111353,0.006292408745620772,0.0070610226731417924,True,15,16,0.0,1.0
L8_06,E8_relax_independent_matched,1,1,swe+ceus+relax,independent,S_v,2.4000000000000004e-05,1.8559730203337947e-05,6.699526674540231e-06,5.1416107727391715e-05,0.6566399559059539,-0.2570596395536313,True,15,16,0.0,1.0
L8_06,E8_relax_independent_matched,2,2,swe+ceus+relax,independent,mu,5999.999999999995,6005.59620542958,5989.835148445944,6021.398734492344,0.002282517006363049,0.0009322662097144274,True,15,16,0.0,1.0
L8_06,E8_relax_independent_matched,2,2,swe+ceus+relax,independent,eta_s,0.5,0.4931481976151858,0.4782825503499286,0.5084758886419253,0.013292913808824688,-0.013798365869817641,True,15,16,0.0,1.0
L8_06,E8_relax_independent_matched,2,2,swe+ceus+relax,independent,phi,0.06,0.05979187609059909,0.054036195147941495,0.06616062505225717,0.0675732599669554,-0.0034747618219164167,True,15,16,0.0,1.0
L8_06,E8_relax_independent_matched,2,2,swe+ceus+relax,independent,k,1.9999999999999983e-12,1.494613244166085e-12,5.313639917869027e-13,4.204027341266542e-12,0.2994244703346485,-0.29127970674025505,True,15,16,0.0,1.0
L8_06,E8_relax_independent_matched,2,2,swe+ceus+relax,independent,D,3.0000000000000015e-07,3.022477867326351e-07,2.879704357596196e-07,3.172329976992259e-07,0.021015225766445655,0.007464692173792642,True,15,16,0.0,1.0
L8_06,E8_relax_independent_matched,2,2,swe+ceus+relax,independent,vmag,0.002999999999999999,0.0030073237071988595,0.0029641058881666547,0.0030511716588755688,0.006286463819124453,0.0024382607577617676,True,15,16,0.0,1.0
L8_06,E8_relax_independent_matched,2,2,swe+ceus+relax,independent,S_v,2.4000000000000004e-05,1.8592296045951863e-05,6.705815920729159e-06,5.154830916127061e-05,0.6571650280003619,-0.2553065265074643,True,15,16,0.0,1.0
L8_06,E8_relax_independent_matched,3,3,swe+ceus+relax,independent,mu,5999.999999999995,6018.252626928992,6002.251268232348,6034.29664353326,0.0023124840523443095,0.0030374866512321574,False,15,16,0.0,1.0
L8_06,E8_relax_independent_matched,3,3,swe+ceus+relax,independent,eta_s,0.5,0.5049929052588726,0.489966690439476,0.5204799414692012,0.013118720423049861,0.009936281762148558,True,15,16,0.0,1.0
L8_06,E8_relax_independent_matched,3,3,swe+ceus+relax,independent,phi,0.06,0.058529328888925015,0.05292035775264174,0.06473278877289798,0.06725559459680294,-0.02481658508884177,True,15,16,0.0,1.0
L8_06,E8_relax_independent_matched,3,3,swe+ceus+relax,independent,k,1.9999999999999983e-12,1.5432506596933359e-12,5.487509931669833e-13,4.340078885140524e-12,0.2993741013469149,-0.25925617079800034,True,15,16,0.0,1.0
L8_06,E8_relax_independent_matched,3,3,swe+ceus+relax,independent,D,3.0000000000000015e-07,2.84431171809458e-07,2.7135983274477896e-07,2.981321541902299e-07,0.020431627625958584,-0.05329117721487364,False,15,16,0.0,1.0
L8_06,E8_relax_independent_matched,3,3,swe+ceus+relax,independent,vmag,0.002999999999999999,0.0029699496730199444,0.002928956884685137,0.0030115161839330004,0.006036111331308202,-0.010067281108200987,True,15,16,0.0,1.0
L8_06,E8_relax_independent_matched,3,3,swe+ceus+relax,independent,S_v,2.4000000000000004e-05,1.9312374064674388e-05,6.966597565294338e-06,5.3536577722234225e-05,0.6570664158852072,-0.21730779663425182,True,15,16,0.0,1.0
L8_06,E8_relax_independent_matched,4,4,swe+ceus+relax,independent,mu,5999.999999999995,5988.829977605362,5973.115960729615,6004.58533476782,0.002282075100018878,-0.0018634054611865736,True,15,16,0.0,1.0
L8_06,E8_relax_independent_matched,4,4,swe+ceus+relax,independent,eta_s,0.5,0.4988900541537552,0.4855531573000888,0.5125932812742751,0.011768063494245877,-0.0022223593046170054,True,15,16,0.0,1.0
L8_06,E8_relax_independent_matched,4,4,swe+ceus+relax,independent,phi,0.06,0.05893211910473724,0.053274371530977145,0.06519072046031578,0.06738310867730016,-0.01795830432532508,True,15,16,0.0,1.0
L8_06,E8_relax_independent_matched,4,4,swe+ceus+relax,independent,k,1.9999999999999983e-12,1.6908703521082437e-12,6.006592886255821e-13,4.759840731308204e-12,0.29965474121775937,-0.16790378294511044,True,15,16,0.0,1.0
L8_06,E8_relax_independent_matched,4,4,swe+ceus+relax,independent,D,3.0000000000000015e-07,2.88967249733055e-07,2.755999229117734e-07,3.0298292733926815e-07,0.020569532775629357,-0.03746911568826761,True,15,16,0.0,1.0
L8_06,E8_relax_independent_matched,4,4,swe+ceus+relax,independent,vmag,0.002999999999999999,0.0029599788071420128,0.0029184689303648173,0.0030020790859112013,0.0061335273791522345,-0.013430180107091516,True,15,16,0.0,1.0
L8_06,E8_relax_independent_matched,4,4,swe+ceus+relax,independent,S_v,2.4000000000000004e-05,2.162830713319834e-05,7.803953235873522e-06,5.9941885261130434e-05,0.656907539353522,-0.10405085820780613,True,15,16,0.0,1.0
L8_07,E2_ceus,0,0,ceus,independent,phi,0.011999999999999999,0.018472557577631752,0.005262605775198424,0.06484152490902745,0.8382991825348809,0.4313796068255127,True,6,9,0.0,1.0
L8_07,E2_ceus,0,0,ceus,independent,k,7.000000000000004e-14,3.162277660168375e-13,9.999999999999987e-15,9.999999999999985e-12,1.0,1.5079674904357532,True,6,9,0.0,1.0
L8_07,E2_ceus,0,0,ceus,independent,D,2.9999999999999997e-06,2.937301405917812e-06,2.791736798033214e-06,3.0904559324091797e-06,0.02207404209834671,-0.021121017979318424,True,6,9,0.0,1.0
L8_07,E2_ceus,0,0,ceus,independent,vmag,0.002999999999999999,0.0029865830355716386,0.002944576801273965,0.0030291885151391613,0.006151707689470732,-0.004482352224139063,True,6,9,0.0,1.0
L8_07,E2_ceus,0,0,ceus,independent,S_v,4.800000000000004e-06,2.2360679774997884e-05,1.4338978448964585e-06,0.0003486998755034075,1.0,1.5386881312972491,True,6,9,0.0,1.0
L8_07,E2_ceus,1,1,ceus,independent,phi,0.011999999999999999,0.018701462270560344,0.005327813157606093,0.06564507438814542,0.8382997797023086,0.4436950673020199,True,6,9,0.0,1.0
L8_07,E2_ceus,1,1,ceus,independent,k,7.000000000000004e-14,3.162277660168375e-13,9.999999999999987e-15,9.999999999999985e-12,1.0,1.5079674904357532,True,6,9,0.0,1.0
L8_07,E2_ceus,1,1,ceus,independent,D,2.9999999999999997e-06,3.0417922894120575e-06,2.8929909190385695e-06,3.1982472779422128e-06,0.021782484253252715,0.013834621908110023,True,6,9,0.0,1.0
L8_07,E2_ceus,1,1,ceus,independent,vmag,0.002999999999999999,0.0030203986908518923,0.0029787603833717133,0.003062619035296002,0.0060287041352349,0.0067765508435879696,True,6,9,0.0,1.0
L8_07,E2_ceus,1,1,ceus,independent,S_v,4.800000000000004e-06,2.2360679774997884e-05,1.4338978448964585e-06,0.0003486998755034075,1.0,1.5386881312972491,True,6,9,0.0,1.0
L8_07,E2_ceus,2,2,ceus,independent,phi,0.011999999999999999,0.018447661056013167,0.005255512097802588,0.06475414614302505,0.8382993048430176,0.4300309406304761,True,6,9,0.0,1.0
L8_07,E2_ceus,2,2,ceus,independent,k,7.000000000000004e-14,3.162277660168375e-13,9.999999999999987e-15,9.999999999999985e-12,1.0,1.5079674904357532,True,6,9,0.0,1.0
L8_07,E2_ceus,2,2,ceus,independent,D,2.9999999999999997e-06,2.9188083339199353e-06,2.774429420294008e-06,3.0707006016601636e-06,0.022031896483112347,-0.027436860507295435,True,6,9,0.0,1.0
L8_07,E2_ceus,2,2,ceus,independent,vmag,0.002999999999999999,0.00298579451693791,0.0029437819295396973,0.0030284066927370773,0.006154281126327359,-0.004746407412002718,True,6,9,0.0,1.0
L8_07,E2_ceus,2,2,ceus,independent,S_v,4.800000000000004e-06,2.2360679774997884e-05,1.4338978448964585e-06,0.0003486998755034075,1.0,1.5386881312972491,True,6,9,0.0,1.0
L8_07,E2_ceus,3,3,ceus,independent,phi,0.011999999999999999,0.01891670859609401,0.005389103666395058,0.06640099843336447,0.8383035559463948,0.45513893443654974,True,6,9,0.0,1.0
L8_07,E2_ceus,3,3,ceus,independent,k,7.000000000000004e-14,3.162277660168375e-13,9.999999999999987e-15,9.999999999999985e-12,1.0,1.5079674904357532,True,6,9,0.0,1.0
L8_07,E2_ceus,3,3,ceus,independent,D,2.9999999999999997e-06,3.2146502573946934e-06,3.053987437059e-06,3.3837651563227843e-06,0.0222664839210971,0.06910627846781914,False,6,9,0.0,1.0
L8_07,E2_ceus,3,3,ceus,independent,vmag,0.002999999999999999,0.0030061114237964572,0.0029642068051460293,0.0030486084427683432,0.006096574020829575,0.002035069106927523,True,6,9,0.0,1.0
L8_07,E2_ceus,3,3,ceus,independent,S_v,4.800000000000004e-06,2.2360679774997884e-05,1.4338978448964585e-06,0.0003486998755034075,1.0,1.5386881312972491,True,6,9,0.0,1.0
L8_07,E2_ceus,4,4,ceus,independent,phi,0.011999999999999999,0.01853193498464861,0.005279519423541866,0.0650499764701774,0.83829946691229,0.43458880948529677,True,6,9,0.0,1.0
L8_07,E2_ceus,4,4,ceus,independent,k,7.000000000000004e-14,3.162277660168375e-13,9.999999999999987e-15,9.999999999999985e-12,1.0,1.5079674904357532,True,6,9,0.0,1.0
L8_07,E2_ceus,4,4,ceus,independent,D,2.9999999999999997e-06,2.9494527827169426e-06,2.8046936940765953e-06,3.1016833445481913e-06,0.021856009958016516,-0.01699263290723607,True,6,9,0.0,1.0
L8_07,E2_ceus,4,4,ceus,independent,vmag,0.002999999999999999,0.00299999308942542,0.002958190145845432,0.003042386761121519,0.006094168274461965,-2.3035275127369914e-06,True,6,9,0.0,1.0
L8_07,E2_ceus,4,4,ceus,independent,S_v,4.800000000000004e-06,2.2360679774997884e-05,1.4338978448964585e-06,0.0003486998755034075,1.0,1.5386881312972491,True,6,9,0.0,1.0
L8_07,E2_ceus_Acal,0,0,ceus,independent,phi,0.011999999999999999,0.011797952131562305,0.010609355151894236,0.013119711095144525,0.07089404870125812,-0.016980681550293752,True,6,9,0.0,1.0
L8_07,E2_ceus_Acal,0,0,ceus,independent,k,7.000000000000004e-14,3.1622776601683635e-13,9.999999999999916e-15,9.99999999999995e-12,1.0,1.5079674904357496,True,6,9,0.0,1.0
L8_07,E2_ceus_Acal,0,0,ceus,independent,D,2.9999999999999997e-06,2.938663701118541e-06,2.793071709576212e-06,3.091844838305998e-06,0.02206780256060369,-0.020657334073671763,True,6,9,0.0,1.0
L8_07,E2_ceus_Acal,0,0,ceus,independent,vmag,0.002999999999999999,0.0029867333839808776,0.0029447303048607985,0.0030293355871201084,0.006150930484839882,-0.004432012212423508,True,6,9,0.0,1.0
L8_07,E2_ceus_Acal,0,0,ceus,independent,S_v,4.800000000000004e-06,2.23606797749957e-05,1.4338978448963184e-06,0.00034869987550337347,1.0,1.5386881312971514,True,6,9,0.0,1.0
L8_07,E2_ceus_Acal,1,1,ceus,independent,phi,0.011999999999999999,0.012294783877206089,0.011054825651367645,0.013673821311555995,0.07097300061372674,0.02426844762123359,True,6,9,0.0,1.0
L8_07,E2_ceus_Acal,1,1,ceus,independent,k,7.000000000000004e-14,3.162277660168375e-13,9.999999999999987e-15,9.999999999999985e-12,1.0,1.5079674904357532,True,6,9,0.0,1.0
L8_07,E2_ceus_Acal,1,1,ceus,independent,D,2.9999999999999997e-06,3.0431728276021406e-06,2.894347139141068e-06,3.199651048562299e-06,0.02177599961397131,0.01428837577102371,True,6,9,0.0,1.0
L8_07,E2_ceus_Acal,1,1,ceus,independent,vmag,0.002999999999999999,0.003020540070687663,0.002978903989194387,0.0030627580988594498,0.006028095460473232,0.006823358083779318,True,6,9,0.0,1.0
L8_07,E2_ceus_Acal,1,1,ceus,independent,S_v,4.800000000000004e-06,2.2360679774997884e-05,1.4338978448964585e-06,0.0003486998755034075,1.0,1.5386881312972491,True,6,9,0.0,1.0
L8_07,E2_ceus_Acal,2,2,ceus,independent,phi,0.011999999999999999,0.011744700115123352,0.010561212637358037,0.013060808974364582,0.07091019512780954,-0.021504564985356467,True,6,9,0.0,1.0
L8_07,E2_ceus_Acal,2,2,ceus,independent,k,7.000000000000004e-14,3.162277660168375e-13,9.999999999999987e-15,9.999999999999985e-12,1.0,1.5079674904357532,True,6,9,0.0,1.0
L8_07,E2_ceus_Acal,2,2,ceus,independent,D,2.9999999999999997e-06,2.9201295758185045e-06,2.775725480487667e-06,3.0720461369514912e-06,0.022025610818861573,-0.026984298092163073,True,6,9,0.0,1.0
L8_07,E2_ceus_Acal,2,2,ceus,independent,vmag,0.002999999999999999,0.0029859436519573527,0.002943934241568175,0.003028552529052113,0.006153502880038864,-0.004696460473521569,True,6,9,0.0,1.0
L8_07,E2_ceus_Acal,2,2,ceus,independent,S_v,4.800000000000004e-06,2.2360679774997884e-05,1.4338978448964585e-06,0.0003486998755034075,1.0,1.5386881312972491,True,6,9,0.0,1.0
L8_07,E2_ceus_Acal,3,3,ceus,independent,phi,0.011999999999999999,0.01277496073586489,0.011478015045840954,0.01421845337814092,0.07147073387671271,0.06258041278353321,True,6,9,0.0,1.0
L8_07,E2_ceus_Acal,3,3,ceus,independent,k,7.000000000000004e-14,3.162277660168375e-13,9.999999999999987e-15,9.999999999999985e-12,1.0,1.5079674904357532,True,6,9,0.0,1.0
L8_07,E2_ceus_Acal,3,3,ceus,independent,D,2.9999999999999997e-06,3.216028568661758e-06,3.05535064030814e-06,3.38515639350824e-06,0.022258839774463076,0.06953494589950182,False,6,9,0.0,1.0
L8_07,E2_ceus_Acal,3,3,ceus,independent,vmag,0.002999999999999999,0.0030062184180015324,0.002964315034873847,0.0030487141448905545,0.006096174494382866,0.002070660702166549,True,6,9,0.0,1.0
L8_07,E2_ceus_Acal,3,3,ceus,independent,S_v,4.800000000000004e-06,2.2360679774997884e-05,1.4338978448964585e-06,0.0003486998755034075,1.0,1.5386881312972491,True,6,9,0.0,1.0
L8_07,E2_ceus_Acal,4,4,ceus,independent,phi,0.011999999999999999,0.011925471747284632,0.010723423345011631,0.013262264467199369,0.0709316716325416,-0.006230054275328634,True,6,9,0.0,1.0
L8_07,E2_ceus_Acal,4,4,ceus,independent,k,7.000000000000004e-14,3.1622776601683635e-13,9.999999999999916e-15,9.99999999999995e-12,1.0,1.5079674904357496,True,6,9,0.0,1.0
L8_07,E2_ceus_Acal,4,4,ceus,independent,D,2.9999999999999997e-06,2.950821014782787e-06,2.8060358253331408e-06,3.1030767970505e-06,0.021849656231039398,-0.016528846941591624,True,6,9,0.0,1.0
L8_07,E2_ceus_Acal,4,4,ceus,independent,vmag,0.002999999999999999,0.0030001518497624617,0.0029583517116426846,0.003042542604454284,0.006093431663819318,5.0615306511403446e-05,True,6,9,0.0,1.0
L8_07,E2_ceus_Acal,4,4,ceus,independent,S_v,4.800000000000004e-06,2.23606797749957e-05,1.4338978448963184e-06,0.00034869987550337347,1.0,1.5386881312971514,True,6,9,0.0,1.0
L8_07,E3_joint_independent,0,0,swe+ceus,independent,mu,5999.999999999995,6015.964839656667,5968.284974767125,6064.025612885121,0.0069114752437201485,0.002657272930441934,True,11,13,0.0,1.0
L8_07,E3_joint_independent,0,0,swe+ceus,independent,eta_s,4.0,3.915882336471947,3.820528220237122,4.0136163350054455,0.010706221810278383,-0.0212536837692463,True,11,13,0.0,1.0
L8_07,E3_joint_independent,0,0,swe+ceus,independent,phi,0.011999999999999999,0.012283545674526096,0.011038283264524692,0.01366928993597139,0.07136224444452342,0.023353966965457218,True,11,13,0.0,1.0
L8_07,E3_joint_independent,0,0,swe+ceus,independent,k,7.000000000000004e-14,3.1127255706271546e-13,9.851308956111848e-15,9.835302619379282e-12,0.9997645958447929,1.4921736755942057,True,11,13,0.0,1.0
L8_07,E3_joint_independent,0,0,swe+ceus,independent,D,2.9999999999999997e-06,3.0498348209026005e-06,2.896981173282644e-06,3.2107534976660673e-06,0.02233064574086685,0.016475143403548387,True,11,13,0.0,1.0
L8_07,E3_joint_independent,0,0,swe+ceus,independent,vmag,0.002999999999999999,0.0029677387573189403,0.0029257676269873467,0.0030103119777704266,0.006185838201168653,-0.010811987008189305,True,11,13,0.0,1.0
L8_07,E3_joint_independent,0,0,swe+ceus,independent,S_v,4.800000000000004e-06,2.2360679774997884e-05,1.4338978448964585e-06,0.0003486998755034075,1.0,1.5386881312972491,True,11,13,0.0,1.0
L8_07,E3_joint_independent,1,1,swe+ceus,independent,mu,5999.999999999995,5959.5449070777495,5912.075719294763,6007.395234057147,0.0069462179880185135,-0.00676534893906755,True,11,13,0.0,1.0
L8_07,E3_joint_independent,1,1,swe+ceus,independent,eta_s,4.0,3.9658735295725176,3.870519673972209,4.063576516179443,0.010569581248475712,-0.008568220191225162,True,11,13,0.0,1.0
L8_07,E3_joint_independent,1,1,swe+ceus,independent,phi,0.011999999999999999,0.01256691400443073,0.011294060256616695,0.013983219852420613,0.07129511677117101,0.046160837854356984,True,11,13,0.0,1.0
L8_07,E3_joint_independent,1,1,swe+ceus,independent,k,7.000000000000004e-14,3.3527031579790496e-13,1.0613592553393105e-14,1.0590776317232124e-11,0.9996884613937431,1.56644187722614,True,11,13,0.0,1.0
L8_07,E3_joint_independent,1,1,swe+ceus,independent,D,2.9999999999999997e-06,3.1297550401481194e-06,2.974925160671363e-06,3.292643035471184e-06,0.022034302708716064,0.04234245088781918,True,11,13,0.0,1.0
L8_07,E3_joint_independent,1,1,swe+ceus,independent,vmag,0.002999999999999999,0.0030339103162767217,0.002991714016985688,0.0030767017686016847,0.006082662473749064,0.011240032255327215,True,11,13,0.0,1.0
L8_07,E3_joint_independent,1,1,swe+ceus,independent,S_v,4.800000000000004e-06,2.2360679774997884e-05,1.4338978448964585e-06,0.0003486998755034075,1.0,1.5386881312972491,True,11,13,0.0,1.0
L8_07,E3_joint_independent,2,2,swe+ceus,independent,mu,5999.999999999995,6039.1984959813035,5990.783238789235,6088.005027074555,0.00699139633794181,0.00651183457248905,True,11,13,0.0,1.0
L8_07,E3_joint_independent,2,2,swe+ceus,independent,eta_s,4.0,4.012871152235563,3.915256593899423,4.112919421305762,0.010694985706226973,0.0032126220579924425,True,11,13,0.0,1.0
L8_07,E3_joint_independent,2,2,swe+ceus,independent,phi,0.011999999999999999,0.011801967472609679,0.01061174443411335,0.013125687024347828,0.07097089430761452,-0.016640397248188776,True,11,13,0.0,1.0
L8_07,E3_joint_independent,2,2,swe+ceus,independent,k,7.000000000000004e-14,3.0822972018731566e-13,9.755058402586653e-15,9.739107290383714e-12,0.9997630921420241,1.482350107684244,True,11,13,0.0,1.0
L8_07,E3_joint_independent,2,2,swe+ceus,independent,D,2.9999999999999997e-06,2.9202233995452015e-06,2.7748704627629714e-06,3.0731901966912704e-06,0.022173362530304327,-0.02695216862084493,True,11,13,0.0,1.0
L8_07,E3_joint_independent,2,2,swe+ceus,independent,vmag,0.002999999999999999,0.00296711884259763,0.002925046941721851,0.00300979587729812,0.006202101431576762,-0.011020893359564354,True,11,13,0.0,1.0
L8_07,E3_joint_independent,2,2,swe+ceus,independent,S_v,4.800000000000004e-06,2.2360679774997884e-05,1.4338978448964585e-06,0.0003486998755034075,1.0,1.5386881312972491,True,11,13,0.0,1.0
L8_07,E3_joint_independent,3,3,swe+ceus,independent,mu,5999.999999999995,6071.991950601819,6022.577306585784,6121.812036826218,0.007097607588521087,0.0119272452059338,False,11,13,0.0,1.0
L8_07,E3_joint_independent,3,3,swe+ceus,independent,eta_s,4.0,4.160565869236676,4.060990098562083,4.262583245003816,0.010520471460989025,0.03935673016136487,False,11,13,0.0,1.0
L8_07,E3_joint_independent,3,3,swe+ceus,independent,phi,0.011999999999999999,0.012012999403959815,0.010800941305971925,0.013361072020616161,0.07100504926249218,0.001082697334972238,True,11,13,0.0,1.0
L8_07,E3_joint_independent,3,3,swe+ceus,independent,k,7.000000000000004e-14,3.165286268026128e-13,1.0021125317241608e-14,9.997916243315264e-12,0.9996643336721269,1.5089184434782261,True,11,13,0.0,1.0
L8_07,E3_joint_independent,3,3,swe+ceus,independent,D,2.9999999999999997e-06,2.983126573277301e-06,2.8349826860855665e-06,3.1390118168519127e-06,0.022121269856651988,-0.005640352497875867,True,11,13,0.0,1.0
L8_07,E3_joint_independent,3,3,swe+ceus,independent,vmag,0.002999999999999999,0.0029897327131268923,0.0029476809442475,0.003032384394717102,0.006151889562722026,-0.0034282988644065426,True,11,13,0.0,1.0
L8_07,E3_joint_independent,3,3,swe+ceus,independent,S_v,4.800000000000004e-06,2.2360679774997884e-05,1.4338978448964585e-06,0.0003486998755034075,1.0,1.5386881312972491,True,11,13,0.0,1.0
L8_07,E3_joint_independent,4,4,swe+ceus,independent,mu,5999.999999999995,5962.328113460858,5914.773748065263,6010.26481261333,0.006955470815681303,-0.006298441360220508,True,11,13,0.0,1.0
L8_07,E3_joint_independent,4,4,swe+ceus,independent,eta_s,4.0,3.9765172085756006,3.8821779816026525,4.0731489347044425,0.010427424131747512,-0.005887998145837292,True,11,13,0.0,1.0
L8_07,E3_joint_independent,4,4,swe+ceus,independent,phi,0.011999999999999999,0.011915972853799172,0.010713195525809488,0.013253786763286951,0.07103675403698277,-0.0070268930698738075,True,11,13,0.0,1.0
L8_07,E3_joint_independent,4,4,swe+ceus,independent,k,7.000000000000004e-14,3.2415376312023474e-13,1.0263485031567684e-14,1.0237815110737257e-11,0.9996374762993498,1.5327227386982578,True,11,13,0.0,1.0
L8_07,E3_joint_independent,4,4,swe+ceus,independent,D,2.9999999999999997e-06,2.938885185271519e-06,2.793525357133897e-06,3.091808746303936e-06,0.022030001776871106,-0.020581967910883847,True,11,13,0.0,1.0
L8_07,E3_joint_independent,4,4,swe+ceus,independent,vmag,0.002999999999999999,0.002984763709435422,0.0029427042316853246,0.0030274243348134603,0.006163341868686763,-0.00509170427492478,True,11,13,0.0,1.0
L8_07,E3_joint_independent,4,4,swe+ceus,independent,S_v,4.800000000000004e-06,2.2360679774997884e-05,1.4338978448964585e-06,0.0003486998755034075,1.0,1.5386881312972491,True,11,13,0.0,1.0
L8_07,E4_joint_constitutive_Cvcal,0,0,swe+ceus,constitutive,mu,5999.999999999995,6015.964836708113,5968.284971689019,6064.025610068384,0.006911475265975104,0.002657272440320213,True,11,13,0.0,1.0
L8_07,E4_joint_constitutive_Cvcal,0,0,swe+ceus,constitutive,eta_s,4.0,3.9158823337126782,3.820528217198497,4.01361633254137,0.010706221849671614,-0.02125368447388154,True,11,13,0.0,1.0
L8_07,E4_joint_constitutive_Cvcal,0,0,swe+ceus,constitutive,phi,0.011999999999999999,0.012283545305564603,0.01103828293304864,0.013669289525285382,0.07136224443959797,0.02335393692840526,True,11,13,0.0,1.0
L8_07,E4_joint_constitutive_Cvcal,0,0,swe+ceus,constitutive,k,7.000000000000004e-14,3.112752046419967e-13,9.851392885497492e-15,9.835386137888687e-12,0.9997645918043668,1.4921821812204215,True,11,13,0.0,1.0
L8_07,E4_joint_constitutive_Cvcal,0,0,swe+ceus,constitutive,D,2.9999999999999997e-06,3.049834817050788e-06,2.8969811696150947e-06,3.2107534936207574e-06,0.022330645742183772,0.01647514214059065,True,11,13,0.0,1.0
L8_07,E4_joint_constitutive_Cvcal,0,0,swe+ceus,constitutive,vmag,0.002999999999999999,0.0029677387566321165,0.0029257676262989894,0.003010311977085322,0.006185838202838095,-0.010811987239619292,True,11,13,0.0,1.0
L8_07,E4_joint_constitutive_Cvcal,0,0,swe+ceus,constitutive,S_v,4.800000000000001e-06,4.913418122225847e-06,3.230547950258828e-06,7.472935865843797e-06,0.2702183962079644,0.02335393692840526,True,11,13,0.0,1.0
L8_07,E4_joint_constitutive_Cvcal,0,0,swe+ceus,constitutive,C_v,0.0004000000000000001,0.0004000000000000001,0.0002666666666666667,0.0006000000000000003,1.0,0.0,True,11,13,0.0,1.0
L8_07,E4_joint_constitutive_Cvcal,1,1,swe+ceus,constitutive,mu,5999.999999999995,5959.5449070777495,5912.075719294763,6007.395234057147,0.0069462179880185135,-0.00676534893906755,True,11,13,0.0,1.0
L8_07,E4_joint_constitutive_Cvcal,1,1,swe+ceus,constitutive,eta_s,4.0,3.9658735295725176,3.870519673972209,4.063576516179443,0.010569581248475712,-0.008568220191225162,True,11,13,0.0,1.0
L8_07,E4_joint_constitutive_Cvcal,1,1,swe+ceus,constitutive,phi,0.011999999999999999,0.01256691400443073,0.011294060256616695,0.013983219852420613,0.07129511677117101,0.046160837854356984,True,11,13,0.0,1.0
L8_07,E4_joint_constitutive_Cvcal,1,1,swe+ceus,constitutive,k,7.000000000000004e-14,3.3527031579790496e-13,1.0613592553393105e-14,1.0590776317232124e-11,0.9996884613937431,1.56644187722614,True,11,13,0.0,1.0
L8_07,E4_joint_constitutive_Cvcal,1,1,swe+ceus,constitutive,D,2.9999999999999997e-06,3.1297550401481194e-06,2.974925160671363e-06,3.292643035471184e-06,0.022034302708716064,0.04234245088781918,True,11,13,0.0,1.0
L8_07,E4_joint_constitutive_Cvcal,1,1,swe+ceus,constitutive,vmag,0.002999999999999999,0.0030339103162767217,0.002991714016985688,0.0030767017686016847,0.006082662473749064,0.011240032255327215,True,11,13,0.0,1.0
L8_07,E4_joint_constitutive_Cvcal,1,1,swe+ceus,constitutive,S_v,4.800000000000001e-06,5.026765601772289e-06,3.3051580311892535e-06,7.645132903393766e-06,0.27020188599234896,0.04616083785435521,True,11,13,0.0,1.0
L8_07,E4_joint_constitutive_Cvcal,1,1,swe+ceus,constitutive,C_v,0.0004000000000000001,0.0004000000000000001,0.0002666666666666667,0.0006000000000000003,1.0,0.0,True,11,13,0.0,1.0
L8_07,E4_joint_constitutive_Cvcal,2,2,swe+ceus,constitutive,mu,5999.999999999995,6039.1984959813035,5990.783238789235,6088.005027074555,0.00699139633794181,0.00651183457248905,True,11,13,0.0,1.0
L8_07,E4_joint_constitutive_Cvcal,2,2,swe+ceus,constitutive,eta_s,4.0,4.012871152235563,3.915256593899423,4.112919421305762,0.010694985706226973,0.0032126220579924425,True,11,13,0.0,1.0
L8_07,E4_joint_constitutive_Cvcal,2,2,swe+ceus,constitutive,phi,0.011999999999999999,0.011801967472609679,0.01061174443411335,0.013125687024347828,0.07097089430761452,-0.016640397248188776,True,11,13,0.0,1.0
L8_07,E4_joint_constitutive_Cvcal,2,2,swe+ceus,constitutive,k,7.000000000000004e-14,3.0822972018731566e-13,9.755058402586653e-15,9.739107290383714e-12,0.9997630921420241,1.482350107684244,True,11,13,0.0,1.0
L8_07,E4_joint_constitutive_Cvcal,2,2,swe+ceus,constitutive,D,2.9999999999999997e-06,2.9202233995452015e-06,2.7748704627629714e-06,3.0731901966912704e-06,0.022173362530304327,-0.02695216862084493,True,11,13,0.0,1.0
L8_07,E4_joint_constitutive_Cvcal,2,2,swe+ceus,constitutive,vmag,0.002999999999999999,0.00296711884259763,0.002925046941721851,0.00300979587729812,0.006202101431576762,-0.011020893359564354,True,11,13,0.0,1.0
L8_07,E4_joint_constitutive_Cvcal,2,2,swe+ceus,constitutive,S_v,4.800000000000001e-06,4.720786989043877e-06,3.10435659764472e-06,7.178888473326243e-06,0.2701223473001761,-0.016640397248188776,True,11,13,0.0,1.0
L8_07,E4_joint_constitutive_Cvcal,2,2,swe+ceus,constitutive,C_v,0.0004000000000000001,0.0004000000000000001,0.0002666666666666667,0.0006000000000000003,1.0,0.0,True,11,13,0.0,1.0
L8_07,E4_joint_constitutive_Cvcal,3,3,swe+ceus,constitutive,mu,5999.999999999995,6071.991961081692,6022.57731563098,6121.812048763704,0.007097607783132413,0.011927246931870528,False,11,13,0.0,1.0
L8_07,E4_joint_constitutive_Cvcal,3,3,swe+ceus,constitutive,eta_s,4.0,4.160565819649842,4.060990037514964,4.262583207475988,0.01052047281350369,0.039356718243074296,False,11,13,0.0,1.0
L8_07,E4_joint_constitutive_Cvcal,3,3,swe+ceus,constitutive,phi,0.011999999999999999,0.012013000678833324,0.010800942452134041,0.013361073438655053,0.07100504926758154,0.0010828034594627667,True,11,13,0.0,1.0
L8_07,E4_joint_constitutive_Cvcal,3,3,swe+ceus,constitutive,k,7.000000000000004e-14,3.165293738877796e-13,1.002114900461029e-14,9.997939805874192e-12,0.9996643326592961,1.508920803720624,True,11,13,0.0,1.0
L8_07,E4_joint_constitutive_Cvcal,3,3,swe+ceus,constitutive,D,2.9999999999999997e-06,2.9831265746574186e-06,2.834982687374279e-06,3.1390118183294706e-06,0.022121269860155474,-0.005640352035234386,True,11,13,0.0,1.0
L8_07,E4_joint_constitutive_Cvcal,3,3,swe+ceus,constitutive,vmag,0.002999999999999999,0.002989732713087372,0.0029476809442054355,0.0030323843946802064,0.00615188956317847,-0.003428298877625302,True,11,13,0.0,1.0
L8_07,E4_joint_constitutive_Cvcal,3,3,swe+ceus,constitutive,S_v,4.800000000000001e-06,4.805200271533327e-06,3.1598251767774027e-06,7.3073503620515486e-06,0.27013071025876745,0.0010828034594609903,True,11,13,0.0,1.0
L8_07,E4_joint_constitutive_Cvcal,3,3,swe+ceus,constitutive,C_v,0.0004000000000000001,0.0004000000000000001,0.0002666666666666667,0.0006000000000000003,1.0,0.0,True,11,13,0.0,1.0
L8_07,E4_joint_constitutive_Cvcal,4,4,swe+ceus,constitutive,mu,5999.999999999995,5962.328114174103,5914.773749319884,6010.264812776411,0.006955470735344507,-0.006298441240595309,True,11,13,0.0,1.0
L8_07,E4_joint_constitutive_Cvcal,4,4,swe+ceus,constitutive,eta_s,4.0,3.976517231354869,3.882178008322962,4.073148953335352,0.010427423630412316,-0.005887992417390242,True,11,13,0.0,1.0
L8_07,E4_joint_constitutive_Cvcal,4,4,swe+ceus,constitutive,phi,0.011999999999999999,0.011915974081710811,0.010713196629511451,0.013253788129386638,0.07103675405358632,-0.007026790022343299,True,11,13,0.0,1.0
L8_07,E4_joint_constitutive_Cvcal,4,4,swe+ceus,constitutive,k,7.000000000000004e-14,3.2415007775884054e-13,1.0263368060691929e-14,1.0237698998001147e-11,0.9996374842969259,1.5327113694569796,True,11,13,0.0,1.0
L8_07,E4_joint_constitutive_Cvcal,4,4,swe+ceus,constitutive,D,2.9999999999999997e-06,2.93888519440269e-06,2.7935253657781256e-06,3.09180875594932e-06,0.022030001782360475,-0.020581964803865205,True,11,13,0.0,1.0
L8_07,E4_joint_constitutive_Cvcal,4,4,swe+ceus,constitutive,vmag,0.002999999999999999,0.002984763710269146,0.0029427042325273866,0.0030274243356384367,0.0061633418657224825,-0.005091703995597996,True,11,13,0.0,1.0
L8_07,E4_joint_constitutive_Cvcal,4,4,swe+ceus,constitutive,S_v,4.800000000000001e-06,4.766389632684325e-06,3.134266129121397e-06,7.2484177139511444e-06,0.2701384766531384,-0.007026790022344187,True,11,13,0.0,1.0
L8_07,E4_joint_constitutive_Cvcal,4,4,swe+ceus,constitutive,C_v,0.0004000000000000001,0.0004000000000000001,0.0002666666666666667,0.0006000000000000003,1.0,0.0,True,11,13,0.0,1.0
L8_07,E5_joint_network,0,0,swe+ceus,network,mu,5999.999999999995,6016.153785580515,5968.481607583013,6064.206736562581,0.00691013864431397,0.0026886798554812685,True,11,13,0.0,1.0
L8_07,E5_joint_network,0,0,swe+ceus,network,eta_s,4.0,3.9163093123079915,3.820974165531927,4.01402311693859,0.010702883972304643,-0.021144652771126093,True,11,13,0.0,1.0
L8_07,E5_joint_network,0,0,swe+ceus,network,phi,0.011999999999999999,0.012251125072331698,0.011011291891072285,0.013630559158966998,0.07123232909135974,0.020711125624781168,True,11,13,0.0,1.0
L8_07,E5_joint_network,0,0,swe+ceus,network,k,7.000000000000004e-14,9.881710057719537e-14,1.839552892220872e-14,5.308256918176778e-13,0.48674655164116815,0.34477543049250414,True,11,13,0.0,1.0
L8_07,E5_joint_network,0,0,swe+ceus,network,D,2.9999999999999997e-06,3.048329483409187e-06,2.8956581086756673e-06,3.20905034043248e-06,0.022314623338856022,0.015981441545457997,True,11,13,0.0,1.0
L8_07,E5_joint_network,0,0,swe+ceus,network,vmag,0.002999999999999999,0.0029676164185186422,0.0029256512135273157,0.0030101835675905965,0.006185215454397137,-0.010853210758644316,True,11,13,0.0,1.0
L8_07,E5_joint_network,0,0,swe+ceus,network,S_v,4.800000000000001e-06,1.2251125072331691e-05,1.2220893464400842e-06,0.00012281431466129933,0.8391457530334866,0.9370018574989345,True,11,13,0.0,1.0
L8_07,E5_joint_network,0,0,swe+ceus,network,C_v,0.0004000000000000001,0.0010000000000000002,0.00010000000000000009,0.009999999999999995,1.0,0.9162907318741551,True,11,13,0.0,1.0
L8_07,E5_joint_network,1,1,swe+ceus,network,mu,5999.999999999995,5959.7454370031855,5912.284322041842,6007.587548092367,0.006944797328949062,-0.0067317009751928225,True,11,13,0.0,1.0
L8_07,E5_joint_network,1,1,swe+ceus,network,eta_s,4.0,3.9663647307360357,3.8710308546501304,4.06404644342434,0.010566014712105555,-0.008444370869501228,True,11,13,0.0,1.0
L8_07,E5_joint_network,1,1,swe+ceus,network,phi,0.011999999999999999,0.012532440803949186,0.011265254904878409,0.013942167650061333,0.0711661359149404,0.043413896953149234,True,11,13,0.0,1.0
L8_07,E5_joint_network,1,1,swe+ceus,network,k,7.000000000000004e-14,1.0440367860605746e-13,1.9436116379230737e-14,5.608182156248417e-13,0.4867375401353139,0.39976966846862183,True,11,13,0.0,1.0
L8_07,E5_joint_network,1,1,swe+ceus,network,D,2.9999999999999997e-06,3.1281722408059883e-06,2.973526557122775e-06,3.2908606599490752e-06,0.0220188361880271,0.041836596695265627,True,11,13,0.0,1.0
L8_07,E5_joint_network,1,1,swe+ceus,network,vmag,0.002999999999999999,0.003033778513345603,0.0029915880591586492,0.0030765639807460413,0.006082080049614397,0.01119658805941004,True,11,13,0.0,1.0
L8_07,E5_joint_network,1,1,swe+ceus,network,S_v,4.800000000000001e-06,1.2532440803949189e-05,1.2501572352371272e-06,0.00012563385474843842,0.8391440830603494,0.9597046288273035,True,11,13,0.0,1.0
L8_07,E5_joint_network,1,1,swe+ceus,network,C_v,0.0004000000000000001,0.0010000000000000002,0.00010000000000000009,0.009999999999999995,1.0,0.9162907318741551,True,11,13,0.0,1.0
L8_07,E5_joint_network,2,2,swe+ceus,network,mu,5999.999999999995,6039.393661641734,5990.985696619265,6088.192769490491,0.006990112257517579,0.006544150534134374,True,11,13,0.0,1.0
L8_07,E5_joint_network,2,2,swe+ceus,network,eta_s,4.0,4.013321872773694,3.915724964670408,4.1133513205873165,0.010691812086085512,0.003324934467424656,True,11,13,0.0,1.0
L8_07,E5_joint_network,2,2,swe+ceus,network,phi,0.011999999999999999,0.01177326437913254,0.010587958533340403,0.01309126341064551,0.07084335486228997,-0.019075419549573702,True,11,13,0.0,1.0
L8_07,E5_joint_network,2,2,swe+ceus,network,k,7.000000000000004e-14,9.094164651907341e-14,1.6932078643312192e-14,4.884446408395771e-13,0.4867016906629256,0.26172281173752054,True,11,13,0.0,1.0
L8_07,E5_joint_network,2,2,swe+ceus,network,D,2.9999999999999997e-06,2.9189740098063487e-06,2.7737840185403044e-06,3.071763775756698e-06,0.022157586505551326,-0.027380100636268168,True,11,13,0.0,1.0
L8_07,E5_joint_network,2,2,swe+ceus,network,vmag,0.002999999999999999,0.0029669996775666045,0.0029249343238602456,0.00300967000006423,0.00620138019146186,-0.011061056032634298,True,11,13,0.0,1.0
L8_07,E5_joint_network,2,2,swe+ceus,network,S_v,4.800000000000001e-06,1.1773264379132533e-05,1.1744527838079202e-06,0.00011802071232828746,0.839135961884907,0.8972153123245796,True,11,13,0.0,1.0
L8_07,E5_joint_network,2,2,swe+ceus,network,C_v,0.0004000000000000001,0.0010000000000000002,0.00010000000000000009,0.009999999999999995,1.0,0.9162907318741551,True,11,13,0.0,1.0
L8_07,E5_joint_network,3,3,swe+ceus,network,mu,5999.999999999995,6072.179963827811,6022.772363785824,6121.99287736904,0.0070963710599361175,0.011958208737631537,False,11,13,0.0,1.0
L8_07,E5_joint_network,3,3,swe+ceus,network,eta_s,4.0,4.161109544140452,4.061560081958492,4.263098978948877,0.010516266990335539,0.039487394931989384,False,11,13,0.0,1.0
L8_07,E5_joint_network,3,3,swe+ceus,network,phi,0.011999999999999999,0.011982371366238986,0.010775464903283362,0.013324457445424457,0.07087731855099637,-0.001470132929463297,True,11,13,0.0,1.0
L8_07,E5_joint_network,3,3,swe+ceus,network,k,7.000000000000004e-14,9.456355118203229e-14,1.7606278575037782e-14,5.079020631216868e-13,0.4867041359216418,0.30077686570479045,True,11,13,0.0,1.0
L8_07,E5_joint_network,3,3,swe+ceus,network,D,2.9999999999999997e-06,2.98169251645966e-06,2.833722434158588e-06,3.1373892359896494e-06,0.02210554688552152,-0.0061211908346958666,True,11,13,0.0,1.0
L8_07,E5_joint_network,3,3,swe+ceus,network,vmag,0.002999999999999999,0.002989595570755024,0.002947550062060131,0.003032240840188221,0.006151251396248913,-0.0034741710311054774,True,11,13,0.0,1.0
L8_07,E5_joint_network,3,3,swe+ceus,network,S_v,4.800000000000001e-06,1.1982371366238977e-05,1.1953096429835726e-06,0.00012011718001377905,0.8391368146775182,0.91482059894469,True,11,13,0.0,1.0
L8_07,E5_joint_network,3,3,swe+ceus,network,C_v,0.0004000000000000001,0.0010000000000000002,0.00010000000000000009,0.009999999999999995,1.0,0.9162907318741551,True,11,13,0.0,1.0
L8_07,E5_joint_network,4,4,swe+ceus,network,mu,5999.999999999995,5962.514237117764,5914.96735353555,6010.443321649411,0.006954154149993488,-0.006267225239881213,True,11,13,0.0,1.0
L8_07,E5_joint_network,4,4,swe+ceus,network,eta_s,4.0,3.97706368826639,3.882753779500441,4.073664331752218,0.010422694667246721,-0.0057505808746138865,True,11,13,0.0,1.0
L8_07,E5_joint_network,4,4,swe+ceus,network,phi,0.011999999999999999,0.011886401749412022,0.010688656215633245,0.013218363814693492,0.07090888942267531,-0.009511613194989721,True,11,13,0.0,1.0
L8_07,E5_joint_network,4,4,swe+ceus,network,k,7.000000000000004e-14,9.315420215527841e-14,1.7343634313099837e-14,5.003395033895582e-13,0.4867082284054411,0.28576096568528087,True,11,13,0.0,1.0
L8_07,E5_joint_network,4,4,swe+ceus,network,D,2.9999999999999997e-06,2.9375453402561605e-06,2.7923526348773454e-06,3.090287565502886e-06,0.02201431585365999,-0.02103797433612975,True,11,13,0.0,1.0
L8_07,E5_joint_network,4,4,swe+ceus,network,vmag,0.002999999999999999,0.0029846420925642133,0.002942589075479086,0.0030272960961277785,0.006162641274716744,-0.005132451000900318,True,11,13,0.0,1.0
L8_07,E5_joint_network,4,4,swe+ceus,network,S_v,4.800000000000001e-06,1.1886401749412024e-05,1.1857335451475063e-06,0.00011915539298573952,0.8391376077547913,0.9067791186791645,True,11,13,0.0,1.0
L8_07,E5_joint_network,4,4,swe+ceus,network,C_v,0.0004000000000000001,0.0010000000000000002,0.00010000000000000009,0.009999999999999995,1.0,0.9162907318741551,True,11,13,0.0,1.0
L8_07,E8_relax_constitutive_Cvcal,0,0,swe+ceus+relax,constitutive,mu,5999.999999999995,6016.176227633975,5968.504076753094,6064.229149632776,0.006910108818471048,0.002692410147691504,True,14,16,5.3935310471007745e-12,0.9999999999973033
L8_07,E8_relax_constitutive_Cvcal,0,0,swe+ceus+relax,constitutive,eta_s,4.0,3.916359886489995,3.8210245973839685,4.014073809158117,0.010702760219854543,-0.021131739119158777,True,14,16,5.3935310471007745e-12,0.9999999999973033
L8_07,E8_relax_constitutive_Cvcal,0,0,swe+ceus+relax,constitutive,phi,0.011999999999999999,0.012285438596765202,0.011043366447343966,0.013667209381717902,0.07115774790546686,0.02350805736023709,True,14,16,5.3935310471007745e-12,0.9999999999973033
L8_07,E8_relax_constitutive_Cvcal,0,0,swe+ceus+relax,constitutive,k,7.000000000000004e-14,7.325867448395224e-14,4.6897381242961616e-14,1.1443780537215244e-13,0.12914030940723673,0.04550142182547745,True,14,16,5.3935310471007745e-12,0.9999999999973033
L8_07,E8_relax_constitutive_Cvcal,0,0,swe+ceus+relax,constitutive,D,2.9999999999999997e-06,3.049933261365996e-06,2.8971577451432772e-06,3.2107650728996085e-06,0.022318193801525395,0.016507420192461097,True,14,16,5.3935310471007745e-12,0.9999999999973033
L8_07,E8_relax_constitutive_Cvcal,0,0,swe+ceus+relax,constitutive,vmag,0.002999999999999999,0.0029677480722876915,0.0029257800111537487,0.0030103181329392426,0.006185363063314735,-0.010808848270283278,True,14,16,5.3935310471007745e-12,0.9999999999973033
L8_07,E8_relax_constitutive_Cvcal,0,0,swe+ceus+relax,constitutive,S_v,4.800000000000001e-06,4.9251343950862635e-06,3.3000519806301936e-06,7.350474765863995e-06,0.25803573551911985,0.02573564468027456,True,14,16,5.3935310471007745e-12,0.9999999999973033
L8_07,E8_relax_constitutive_Cvcal,0,0,swe+ceus+relax,constitutive,C_v,0.0004000000000000001,0.00040089202809438746,0.0002718616327974908,0.0005911625577168037,0.957909553124992,0.002227587320039248,True,14,16,5.3935310471007745e-12,0.9999999999973033
L8_07,E8_relax_constitutive_Cvcal,1,1,swe+ceus+relax,constitutive,mu,5999.999999999995,5959.771473625428,5912.310303168133,6007.613639427297,0.006944775020418427,-0.006727332237359107,True,14,16,5.3935310471007745e-12,0.9999999999973033
L8_07,E8_relax_constitutive_Cvcal,1,1,swe+ceus+relax,constitutive,eta_s,4.0,3.9664283974554357,3.871093657323673,4.064110978657588,0.010565939969408399,-0.00842831934304078,True,14,16,5.3935310471007745e-12,0.9999999999973033
L8_07,E8_relax_constitutive_Cvcal,1,1,swe+ceus+relax,constitutive,phi,0.011999999999999999,0.012566351036056612,0.01129700781017893,0.01397831895089218,0.07109099489425322,0.046116039188262015,True,14,16,5.3935310471007745e-12,0.9999999999973033
L8_07,E8_relax_constitutive_Cvcal,1,1,swe+ceus+relax,constitutive,k,7.000000000000004e-14,7.40115040244989e-14,4.7380173198882174e-14,1.156117075590946e-13,0.1291350572357171,0.05572529886271482,True,14,16,5.3935310471007745e-12,0.9999999999973033
L8_07,E8_relax_constitutive_Cvcal,1,1,swe+ceus+relax,constitutive,D,2.9999999999999997e-06,3.1297268270160266e-06,2.974982016971182e-06,3.292520746635051e-06,0.02202208766143613,0.04233343636147602,True,14,16,5.3935310471007745e-12,0.9999999999973033
L8_07,E8_relax_constitutive_Cvcal,1,1,swe+ceus+relax,constitutive,vmag,0.002999999999999999,0.0030339076922888406,0.0029917141620317924,0.0030766962974424633,0.006082265802450286,0.011239167368517045,True,14,16,5.3935310471007745e-12,0.9999999999973033
L8_07,E8_relax_constitutive_Cvcal,1,1,swe+ceus+relax,constitutive,S_v,4.800000000000001e-06,5.023275089092426e-06,3.3658869074790457e-06,7.4967737521506774e-06,0.2580211006058742,0.04546621124983119,True,14,16,5.3935310471007745e-12,0.9999999999973033
L8_07,E8_relax_constitutive_Cvcal,1,1,swe+ceus+relax,constitutive,C_v,0.0004000000000000001,0.00039974015326160755,0.0002710806312873056,0.0005894636934066201,0.957908343656422,-0.0006498279384290484,True,14,16,5.3935310471007745e-12,0.9999999999973033
L8_07,E8_relax_constitutive_Cvcal,2,2,swe+ceus+relax,constitutive,mu,5999.999999999995,6039.411860678139,5991.003908933285,6088.21095384566,0.006990089183657913,0.006547163917597132,True,14,16,5.3935310471007745e-12,0.9999999999973033
L8_07,E8_relax_constitutive_Cvcal,2,2,swe+ceus+relax,constitutive,eta_s,4.0,4.01336382276773,3.915766699036546,4.113393471031835,0.010691722857204584,0.0033353870989660805,True,14,16,5.3935310471007745e-12,0.9999999999973033
L8_07,E8_relax_constitutive_Cvcal,2,2,swe+ceus+relax,constitutive,phi,0.011999999999999999,0.011805727175877618,0.010618321203181643,0.013125916186213444,0.0707699042585851,-0.016321882174548108,True,14,16,5.3935310471007745e-12,0.9999999999973033
L8_07,E8_relax_constitutive_Cvcal,2,2,swe+ceus+relax,constitutive,k,7.000000000000004e-14,7.040306567293212e-14,4.5073357020511796e-14,1.0996721752700977e-13,0.12911444374517045,0.005741566657029296,True,14,16,5.3935310471007745e-12,0.9999999999973033
L8_07,E8_relax_constitutive_Cvcal,2,2,swe+ceus+relax,constitutive,D,2.9999999999999997e-06,2.9204160683505245e-06,2.7751278982098017e-06,3.0733106094972313e-06,0.022161725907412187,-0.02688619337739695,True,14,16,5.3935310471007745e-12,0.9999999999973033
L8_07,E8_relax_constitutive_Cvcal,2,2,swe+ceus+relax,constitutive,vmag,0.002999999999999999,0.0029671411631393132,0.002925073093650238,0.0030098142508326784,0.006201485583084966,-0.011013370756354668,True,14,16,5.3935310471007745e-12,0.9999999999973033
L8_07,E8_relax_constitutive_Cvcal,2,2,swe+ceus+relax,constitutive,S_v,4.800000000000001e-06,4.7442210603489005e-06,3.1792445490336117e-06,7.07955400168875e-06,0.25795216061890175,-0.011688659422766534,True,14,16,5.3935310471007745e-12,0.9999999999973033
L8_07,E8_relax_constitutive_Cvcal,2,2,swe+ceus+relax,constitutive,C_v,0.0004000000000000001,0.000401857589089697,0.0002725167069658556,0.000592585767335054,0.9579069564865966,0.004633222751781574,True,14,16,5.3935310471007745e-12,0.9999999999973033
L8_07,E8_relax_constitutive_Cvcal,3,3,swe+ceus+relax,constitutive,mu,5999.999999999995,6072.204224632955,6022.796594102361,6122.017167532396,0.007096346988024352,0.011962204132501597,False,14,16,5.3935310471007745e-12,0.9999999999973033
L8_07,E8_relax_constitutive_Cvcal,3,3,swe+ceus+relax,constitutive,eta_s,4.0,4.161179806821159,4.061630084258497,4.2631694727210325,0.010516115094426997,0.03950428035323483,False,14,16,5.3935310471007745e-12,0.9999999999973033
L8_07,E8_relax_constitutive_Cvcal,3,3,swe+ceus+relax,constitutive,phi,0.011999999999999999,0.012019736304079804,0.010810253515037591,0.013364539565944827,0.07080399569089837,0.001643340981895669,True,14,16,5.3935310471007745e-12,0.9999999999973033
L8_07,E8_relax_constitutive_Cvcal,3,3,swe+ceus+relax,constitutive,k,7.000000000000004e-14,6.550323378070922e-14,4.1940470967226956e-14,1.0230389732826454e-13,0.12908629190110055,-0.06639572992899545,True,14,16,5.3935310471007745e-12,0.9999999999973033
L8_07,E8_relax_constitutive_Cvcal,3,3,swe+ceus+relax,constitutive,D,2.9999999999999997e-06,2.9834881089593486e-06,2.835401846973838e-06,3.1393085624889067e-06,0.022109693329801217,-0.005519166297075273,True,14,16,5.3935310471007745e-12,0.9999999999973033
L8_07,E8_relax_constitutive_Cvcal,3,3,swe+ceus+relax,constitutive,vmag,0.002999999999999999,0.0029897730205342508,0.0029477248748220205,0.003032420966646084,0.006151272225079099,-0.003414817011840654,True,14,16,5.3935310471007745e-12,0.9999999999973033
L8_07,E8_relax_constitutive_Cvcal,3,3,swe+ceus+relax,constitutive,S_v,4.800000000000001e-06,4.846764119174328e-06,3.247935987537051e-06,7.232630974580658e-06,0.25795726664458973,0.009695372441147043,True,14,16,5.3935310471007745e-12,0.9999999999973033
L8_07,E8_relax_constitutive_Cvcal,3,3,swe+ceus+relax,constitutive,C_v,0.0004000000000000001,0.00040323381449967525,0.0002734508126356408,0.0005946133697273418,0.9578994819117236,0.008052031459252262,True,14,16,5.3935310471007745e-12,0.9999999999973033
L8_07,E8_relax_constitutive_Cvcal,4,4,swe+ceus+relax,constitutive,mu,5999.999999999995,5962.53580614194,5914.988932133145,6010.4648795519415,0.006954127487079245,-0.0062636078086590885,True,14,16,5.3935310471007745e-12,0.9999999999973033
L8_07,E8_relax_constitutive_Cvcal,4,4,swe+ceus+relax,constitutive,eta_s,4.0,3.9771276890004805,3.8828177704187836,4.07372830502635,0.010422526012273276,-0.005734488545159788,True,14,16,5.3935310471007745e-12,0.9999999999973033
L8_07,E8_relax_constitutive_Cvcal,4,4,swe+ceus+relax,constitutive,phi,0.011999999999999999,0.011923014543800337,0.010722758667223331,0.013257621496808933,0.07083547997475134,-0.006436122154270585,True,14,16,5.3935310471007745e-12,0.9999999999973033
L8_07,E8_relax_constitutive_Cvcal,4,4,swe+ceus+relax,constitutive,k,7.000000000000004e-14,6.585751620241067e-14,4.216558554923773e-14,1.0286143033128568e-13,0.12909814112169518,-0.0610016791070116,True,14,16,5.3935310471007745e-12,0.9999999999973033
L8_07,E8_relax_constitutive_Cvcal,4,4,swe+ceus+relax,constitutive,D,2.9999999999999997e-06,2.9392548927052424e-06,2.793950983396297e-06,3.0921155652451576e-06,0.022018467144153713,-0.020456177293679545,True,14,16,5.3935310471007745e-12,0.9999999999973033
L8_07,E8_relax_constitutive_Cvcal,4,4,swe+ceus+relax,constitutive,vmag,0.002999999999999999,0.002984804041351701,0.002942748341477887,0.003027460771856285,0.006162700449228013,-0.005078191766829221,True,14,16,5.3935310471007745e-12,0.9999999999973033
L8_07,E8_relax_constitutive_Cvcal,4,4,swe+ceus+relax,constitutive,S_v,4.800000000000001e-06,4.809969055362351e-06,3.2232429120970278e-06,7.17780289742151e-06,0.25796442352487997,0.002074732786528699,True,14,16,5.3935310471007745e-12,0.9999999999973033
L8_07,E8_relax_constitutive_Cvcal,4,4,swe+ceus+relax,constitutive,C_v,0.0004000000000000001,0.0004034188700930011,0.00027357613555380997,0.0005948866278765858,0.9579010282039635,0.008510854940800172,True,14,16,5.3935310471007745e-12,0.9999999999973033
L8_07,E8_relax_constitutive_Cvcal_norm,0,0,swe+ceus+relax,constitutive,mu,5999.999999999995,6016.156665046401,5968.4846033628,6064.2094976653725,0.006910118396704798,0.0026891584777537503,True,11,16,0.0,1.0
L8_07,E8_relax_constitutive_Cvcal_norm,0,0,swe+ceus+relax,constitutive,eta_s,4.0,3.916315615376905,3.820980756099488,4.014029114059646,0.010702833855427049,-0.02114304333138617,True,11,16,0.0,1.0
L8_07,E8_relax_constitutive_Cvcal_norm,0,0,swe+ceus+relax,constitutive,phi,0.011999999999999999,0.016504329173109584,0.005915483064626999,0.046047445065508216,0.6850075140904722,0.31871607083231623,True,11,16,0.0,1.0
L8_07,E8_relax_constitutive_Cvcal_norm,0,0,swe+ceus+relax,constitutive,k,7.000000000000004e-14,9.570618425437592e-14,3.4301349848199414e-14,2.6703537164189395e-13,0.2970858603455446,0.312787675579532,True,11,16,0.0,1.0
L8_07,E8_relax_constitutive_Cvcal_norm,0,0,swe+ceus+relax,constitutive,D,2.9999999999999997e-06,2.9415245846908337e-06,2.750201892456873e-06,3.146156980719286e-06,0.029207905907595515,-0.01968427550514562,True,11,16,0.0,1.0
L8_07,E8_relax_constitutive_Cvcal_norm,0,0,swe+ceus+relax,constitutive,vmag,0.002999999999999999,0.002964252985879465,0.0029236719318933057,0.0030053973116625256,0.005986627593626451,-0.011987232015798988,True,11,16,0.0,1.0
L8_07,E8_relax_constitutive_Cvcal_norm,0,0,swe+ceus+relax,constitutive,S_v,4.800000000000001e-06,6.456448906035091e-06,2.3328877605092614e-06,1.7868726126430477e-05,0.6560053708012208,0.296463543789379,True,11,16,0.0,1.0
L8_07,E8_relax_constitutive_Cvcal_norm,0,0,swe+ceus+relax,constitutive,C_v,0.0004000000000000001,0.00039119729365035623,0.00026288320035753384,0.0005821418879229551,0.9803610315330864,-0.022252527042936343,True,11,16,0.0,1.0
L8_07,E8_relax_constitutive_Cvcal_norm,1,1,swe+ceus+relax,constitutive,mu,5999.999999999995,5959.754297765344,5912.29324730692,6007.596342740851,0.006944777485992359,-0.00673021420773523,True,11,16,0.0,1.0
L8_07,E8_relax_constitutive_Cvcal_norm,1,1,swe+ceus+relax,constitutive,eta_s,4.0,3.966386210353299,3.8710523022340073,4.064067943644587,0.010565960384888681,-0.008438955442388263,True,11,16,0.0,1.0
L8_07,E8_relax_constitutive_Cvcal_norm,1,1,swe+ceus+relax,constitutive,phi,0.011999999999999999,0.016404779020908738,0.005879830102200131,0.04576948143861307,0.685004356258842,0.31266604630628425,True,11,16,0.0,1.0
L8_07,E8_relax_constitutive_Cvcal_norm,1,1,swe+ceus+relax,constitutive,k,7.000000000000004e-14,9.421970757889014e-14,3.3768450148444954e-14,2.628889764625568e-13,0.2970870823338624,0.29713412761859104,True,11,16,0.0,1.0
L8_07,E8_relax_constitutive_Cvcal_norm,1,1,swe+ceus+relax,constitutive,D,2.9999999999999997e-06,3.0241238790246104e-06,2.832223491807501e-06,3.2290266859732833e-06,0.028472056753605545,0.00800913409603865,True,11,16,0.0,1.0
L8_07,E8_relax_constitutive_Cvcal_norm,1,1,swe+ceus+relax,constitutive,vmag,0.002999999999999999,0.0030234284620017436,0.0029833164352425787,0.0030640798129411132,0.005800376453463156,0.007779151125502537,True,11,16,0.0,1.0
L8_07,E8_relax_constitutive_Cvcal_norm,1,1,swe+ceus+relax,constitutive,S_v,4.800000000000001e-06,6.414657323739201e-06,2.3178000711076435e-06,1.7752967175178747e-05,0.6560018321068782,0.2899696607595743,True,11,16,0.0,1.0
L8_07,E8_relax_constitutive_Cvcal_norm,1,1,swe+ceus+relax,constitutive,C_v,0.0004000000000000001,0.00039102369593417764,0.0002627665605047211,0.0005818835185433622,0.9803608700988192,-0.02269638554670994,True,11,16,0.0,1.0
L8_07,E8_relax_constitutive_Cvcal_norm,2,2,swe+ceus+relax,constitutive,mu,5999.999999999995,6039.39034783212,5990.98251843437,6088.189318071926,0.006990096445221131,0.006543601834925639,True,11,16,0.0,1.0
L8_07,E8_relax_constitutive_Cvcal_norm,2,2,swe+ceus+relax,constitutive,eta_s,4.0,4.013314041323632,3.9157175592913354,4.113343046427588,0.010691785952898483,0.0033229831019596645,True,11,16,0.0,1.0
L8_07,E8_relax_constitutive_Cvcal_norm,2,2,swe+ceus+relax,constitutive,phi,0.011999999999999999,0.01640834293036893,0.0058810766327534025,0.04577966493773406,0.6850078585757735,0.31288327095680657,True,11,16,0.0,1.0
L8_07,E8_relax_constitutive_Cvcal_norm,2,2,swe+ceus+relax,constitutive,k,7.000000000000004e-14,9.485149020922327e-14,3.3994849873609987e-14,2.646520054761162e-13,0.2970873539086014,0.3038171654283097,True,11,16,0.0,1.0
L8_07,E8_relax_constitutive_Cvcal_norm,2,2,swe+ceus+relax,constitutive,D,2.9999999999999997e-06,2.871967401215216e-06,2.6834608932342035e-06,3.073716026359474e-06,0.02948423547628673,-0.043614988098354956,True,11,16,0.0,1.0
L8_07,E8_relax_constitutive_Cvcal_norm,2,2,swe+ceus+relax,constitutive,vmag,0.002999999999999999,0.0029794088662468835,0.0029377525270139707,0.003021655878309564,0.006114897309616907,-0.006887374859385176,True,11,16,0.0,1.0
L8_07,E8_relax_constitutive_Cvcal_norm,2,2,swe+ceus+relax,constitutive,S_v,4.800000000000001e-06,6.416163179433968e-06,2.3183300601497763e-06,1.775724287613499e-05,0.6560057569876742,0.29020438553049743,True,11,16,0.0,1.0
L8_07,E8_relax_constitutive_Cvcal_norm,2,2,swe+ceus+relax,constitutive,C_v,0.0004000000000000001,0.00039103053895581276,0.0002627711399042293,0.0005818937439317033,0.9803610492462068,-0.022678885426309137,True,11,16,0.0,1.0
L8_07,E8_relax_constitutive_Cvcal_norm,3,3,swe+ceus+relax,constitutive,mu,5999.999999999995,6072.184531315025,6022.777003691898,6121.997370936975,0.007096355256136478,0.011958960936269136,False,11,16,0.0,1.0
L8_07,E8_relax_constitutive_Cvcal_norm,3,3,swe+ceus+relax,constitutive,eta_s,4.0,4.161122183677053,4.061572956911733,4.263111363794118,0.010516209484411768,0.03949043246735595,False,11,16,0.0,1.0
L8_07,E8_relax_constitutive_Cvcal_norm,3,3,swe+ceus+relax,constitutive,phi,0.011999999999999999,0.01693468637108377,0.006070027483436189,0.047245849095336336,0.6849749844307904,0.3444573167403471,True,11,16,0.0,1.0
L8_07,E8_relax_constitutive_Cvcal_norm,3,3,swe+ceus+relax,constitutive,k,7.000000000000004e-14,8.934777553506216e-14,3.202100678961012e-14,2.493058711587454e-13,0.29709917452854595,0.24404110316404015,True,11,16,0.0,1.0
L8_07,E8_relax_constitutive_Cvcal_norm,3,3,swe+ceus+relax,constitutive,D,2.9999999999999997e-06,2.986491712490511e-06,2.793232401148267e-06,3.193122328492233e-06,0.02905424275815972,-0.004512930472357013,True,11,16,0.0,1.0
L8_07,E8_relax_constitutive_Cvcal_norm,3,3,swe+ceus+relax,constitutive,vmag,0.002999999999999999,0.0030044487056604674,0.0029635530434301764,0.003045908709127356,0.005952088886664535,0.0014818034735784025,True,11,16,0.0,1.0
L8_07,E8_relax_constitutive_Cvcal_norm,3,3,swe+ceus+relax,constitutive,S_v,4.800000000000001e-06,6.637314050852158e-06,2.398374854549163e-06,1.8368245366682085e-05,0.65596891438585,0.3240914533242574,True,11,16,0.0,1.0
L8_07,E8_relax_constitutive_Cvcal_norm,3,3,swe+ceus+relax,constitutive,C_v,0.0004000000000000001,0.00039193604802658034,0.0002633798185097876,0.0005832408367954935,0.9803593664223237,-0.020365863416087926,True,11,16,0.0,1.0
L8_07,E8_relax_constitutive_Cvcal_norm,4,4,swe+ceus+relax,constitutive,mu,5999.999999999995,5962.516653295192,5914.969850114093,6010.445655971813,0.006954139514092527,-0.006266820012012175,True,11,16,0.0,1.0
L8_07,E8_relax_constitutive_Cvcal_norm,4,4,swe+ceus+relax,constitutive,eta_s,4.0,3.9770699700229155,3.8827603362849965,4.073670321251858,0.010422647243099485,-0.005749001379776297,True,11,16,0.0,1.0
L8_07,E8_relax_constitutive_Cvcal_norm,4,4,swe+ceus+relax,constitutive,phi,0.011999999999999999,0.016914261427903744,0.006062655598688831,0.047189261371426976,0.6849805804767197,0.34325048775527556,True,11,16,0.0,1.0
L8_07,E8_relax_constitutive_Cvcal_norm,4,4,swe+ceus+relax,constitutive,k,7.000000000000004e-14,9.039635747316188e-14,3.2396885165328426e-14,2.522310834117139e-13,0.2970984496123597,0.255708731098494,True,11,16,0.0,1.0
L8_07,E8_relax_constitutive_Cvcal_norm,4,4,swe+ceus+relax,constitutive,D,2.9999999999999997e-06,3.084917419850905e-06,2.887282046168624e-06,3.2960809976732574e-06,0.028754332583043198,0.027912600049248226,True,11,16,0.0,1.0
L8_07,E8_relax_constitutive_Cvcal_norm,4,4,swe+ceus+relax,constitutive,vmag,0.002999999999999999,0.0030057207654206122,0.0029656644145001436,0.0030463181456096724,0.005826625677169965,0.0019051059395938097,True,11,16,0.0,1.0
L8_07,E8_relax_constitutive_Cvcal_norm,4,4,swe+ceus+relax,constitutive,S_v,4.800000000000001e-06,6.628719600374441e-06,2.3952459624191738e-06,1.8344639435696794e-05,0.655975186145528,0.32279574551797907,True,11,16,0.0,1.0
L8_07,E8_relax_constitutive_Cvcal_norm,4,4,swe+ceus+relax,constitutive,C_v,0.0004000000000000001,0.00039190121476063603,0.00026335638006291063,0.0005831890691016229,0.9803596529816077,-0.02045474223729471,True,11,16,0.0,1.0
L8_07,E8_relax_independent_matched,0,0,swe+ceus+relax,independent,mu,5999.999999999995,6016.176035088249,5968.503850293478,6064.228991557146,0.00691011397595427,0.002692378143022367,True,14,16,9.902236523830393e-12,0.9999999999950488
L8_07,E8_relax_independent_matched,0,0,swe+ceus+relax,independent,eta_s,4.0,3.9163594804272783,3.821024101362298,4.014073497852122,0.010702771568004473,-0.021131842802872614,True,14,16,9.902236523830393e-12,0.9999999999950488
L8_07,E8_relax_independent_matched,0,0,swe+ceus+relax,independent,phi,0.011999999999999999,0.012283545495295306,0.011038283103372801,0.013669289736633573,0.07136224445001976,0.023353952374328912,True,14,16,9.902236523830393e-12,0.9999999999950488
L8_07,E8_relax_independent_matched,0,0,swe+ceus+relax,independent,k,7.000000000000004e-14,7.347376492198702e-14,2.6333177740581516e-14,2.050035200837936e-13,0.297086015942054,0.04843316061433356,True,14,16,9.902236523830393e-12,0.9999999999950488
L8_07,E8_relax_independent_matched,0,0,swe+ceus+relax,independent,D,2.9999999999999997e-06,3.049834790880749e-06,2.896981144692759e-06,3.2107534661407318e-06,0.022330645751763828,0.01647513355978525,True,14,16,9.902236523830393e-12,0.9999999999950488
L8_07,E8_relax_independent_matched,0,0,swe+ceus+relax,independent,vmag,0.002999999999999999,0.0029677387452955563,0.0029257676150110296,0.0030103119657010906,0.006185838219422771,-0.010811991059551218,True,14,16,9.902236523830393e-12,0.9999999999950488
L8_07,E8_relax_independent_matched,0,0,swe+ceus+relax,independent,S_v,4.800000000000004e-06,4.9397844149682604e-06,1.7848741031520613e-06,1.3671255593473334e-05,0.6560061621034093,0.028705771639017996,True,14,16,9.902236523830393e-12,0.9999999999950488
L8_07,E8_relax_independent_matched,1,1,swe+ceus+relax,independent,mu,5999.999999999995,5959.772927882655,5912.311710411611,6007.615141362394,0.006944780225895245,-0.006727088225142452,True,14,16,9.902236523830393e-12,0.9999999999950488
L8_07,E8_relax_independent_matched,1,1,swe+ceus+relax,independent,eta_s,4.0,3.96643199841099,3.871097073555072,4.064114771363865,0.01056595098341739,-0.008427411484998482,True,14,16,9.902236523830393e-12,0.9999999999950488
L8_07,E8_relax_independent_matched,1,1,swe+ceus+relax,independent,phi,0.011999999999999999,0.012566910755349358,0.011294057340597434,0.013983216232242126,0.07129511653618113,0.046160579311822936,True,14,16,9.902236523830393e-12,0.9999999999950488
L8_07,E8_relax_independent_matched,1,1,swe+ceus+relax,independent,k,7.000000000000004e-14,7.230120833811013e-14,2.5912818866234e-14,2.0173276995203772e-13,0.29708726416502274,0.03234559981263274,True,14,16,9.902236523830393e-12,0.9999999999950488
L8_07,E8_relax_independent_matched,1,1,swe+ceus+relax,independent,D,2.9999999999999997e-06,3.1297548796821753e-06,2.97492500849976e-06,3.292642866259725e-06,0.02203430265673874,0.042342399616730475,True,14,16,9.902236523830393e-12,0.9999999999950488
L8_07,E8_relax_independent_matched,1,1,swe+ceus+relax,independent,vmag,0.002999999999999999,0.00303391030124939,0.0029917140019236647,0.0030767017536130195,0.006082662509125235,0.01124002730220397,True,14,16,9.902236523830393e-12,0.9999999999950488
L8_07,E8_relax_independent_matched,1,1,swe+ceus+relax,independent,S_v,4.800000000000004e-06,4.905724030097897e-06,1.7725767536366505e-06,1.3576917450883551e-05,0.6560026851350225,0.021786774831490163,True,14,16,9.902236523830393e-12,0.9999999999950488
L8_07,E8_relax_independent_matched,2,2,swe+ceus+relax,independent,mu,5999.999999999995,6039.409723383663,5991.00175496244,6088.208833637674,0.00699009408514718,0.006546810026373251,True,14,16,9.902236523830393e-12,0.9999999999950488
L8_07,E8_relax_independent_matched,2,2,swe+ceus+relax,independent,eta_s,4.0,4.013358857274786,3.9157617155214273,4.1133885275552675,0.010691738248446887,0.0033341498585275353,True,14,16,9.902236523830393e-12,0.9999999999950488
L8_07,E8_relax_independent_matched,2,2,swe+ceus+relax,independent,phi,0.011999999999999999,0.01180197315659658,0.01061174953722369,0.013125693355317096,0.07097089478884033,-0.016639915634801383,True,14,16,9.902236523830393e-12,0.9999999999950488
L8_07,E8_relax_independent_matched,2,2,swe+ceus+relax,independent,k,7.000000000000004e-14,7.282196421104458e-14,2.6099435750049843e-14,2.0318594326486657e-13,0.29708751370891656,0.039522373844786074,True,14,16,9.902236523830393e-12,0.9999999999950488
L8_07,E8_relax_independent_matched,2,2,swe+ceus+relax,independent,D,2.9999999999999997e-06,2.9202236811361638e-06,2.7748707290749475e-06,3.0731904944311797e-06,0.02217336272796226,-0.026952072192965915,True,14,16,9.902236523830393e-12,0.9999999999950488
L8_07,E8_relax_independent_matched,2,2,swe+ceus+relax,independent,vmag,0.002999999999999999,0.002967118874664593,0.0029250469740233426,0.003009795909117124,0.006202101329245189,-0.01102088255212319,True,14,16,9.902236523830393e-12,0.9999999999950488
L8_07,E8_relax_independent_matched,2,2,swe+ceus+relax,independent,S_v,4.800000000000004e-06,4.909344995370045e-06,1.7738744790839636e-06,1.3587020145873634e-05,0.6560065474520903,0.022524612828762614,True,14,16,9.902236523830393e-12,0.9999999999950488
L8_07,E8_relax_independent_matched,3,3,swe+ceus+relax,independent,mu,5999.999999999995,6072.201650621019,6022.7940137904425,6122.014600097453,0.007096350917058753,0.011961780231660057,False,14,16,9.902236523830393e-12,0.9999999999950488
L8_07,E8_relax_independent_matched,3,3,swe+ceus+relax,independent,eta_s,4.0,4.1611723853815175,4.061622655332464,4.26316206359755,0.010516134879301236,0.03950249685754259,False,14,16,9.902236523830393e-12,0.9999999999950488
L8_07,E8_relax_independent_matched,3,3,swe+ceus+relax,independent,phi,0.011999999999999999,0.012013016312221911,0.010800956478712247,0.013361090862845091,0.0710050510892185,0.0010841048311043266,True,14,16,9.902236523830393e-12,0.9999999999950488
L8_07,E8_relax_independent_matched,3,3,swe+ceus+relax,independent,k,7.000000000000004e-14,6.858651968068562e-14,2.458044491343873e-14,1.9137614060586936e-13,0.29709935087872935,-0.020399232739830353,True,14,16,9.902236523830393e-12,0.9999999999950488
L8_07,E8_relax_independent_matched,3,3,swe+ceus+relax,independent,D,2.9999999999999997e-06,2.9831277201003565e-06,2.834983771574462e-06,3.1390130284551487e-06,0.022121270527970638,-0.005639968061343481,True,14,16,9.902236523830393e-12,0.9999999999950488
L8_07,E8_relax_independent_matched,3,3,swe+ceus+relax,independent,vmag,0.002999999999999999,0.0029897328678881886,0.002947681099453587,0.0030323845489893283,0.006151889176474738,-0.0034282471001496617,True,14,16,9.902236523830393e-12,0.9999999999950488
L8_07,E8_relax_independent_matched,3,3,swe+ceus+relax,independent,S_v,4.800000000000004e-06,5.07788129911649e-06,1.8348757125084173e-06,1.4052656707013166e-05,0.6559697860932235,0.056278189576817184,True,14,16,9.902236523830393e-12,0.9999999999950488
L8_07,E8_relax_independent_matched,4,4,swe+ceus+relax,independent,mu,5999.999999999995,5962.533046921971,5914.986161621812,6010.4621319838825,0.0069541323761714005,-0.006264070568246183,True,14,16,9.902236523830393e-12,0.9999999999950488
L8_07,E8_relax_independent_matched,4,4,swe+ceus+relax,independent,eta_s,4.0,3.977119337527958,3.882809366152631,4.073720013870248,0.010422554068056285,-0.005736588422745825,True,14,16,9.902236523830393e-12,0.9999999999950488
L8_07,E8_relax_independent_matched,4,4,swe+ceus+relax,independent,phi,0.011999999999999999,0.011915978097670542,0.01071320023254848,0.013253792605572077,0.07103675452462944,-0.007026452999198796,True,14,16,9.902236523830393e-12,0.9999999999950488
L8_07,E8_relax_independent_matched,4,4,swe+ceus+relax,independent,k,7.000000000000004e-14,6.937994499931924e-14,2.4864857521176937e-14,1.9358955763204872e-13,0.29709865080575737,-0.008897393253540997,True,14,16,9.902236523830393e-12,0.9999999999950488
L8_07,E8_relax_independent_matched,4,4,swe+ceus+relax,independent,D,2.9999999999999997e-06,2.9388854619121715e-06,2.7935256188751837e-06,3.091809038685829e-06,0.022030001965991072,-0.02058187377973475,True,14,16,9.902236523830393e-12,0.9999999999950488
L8_07,E8_relax_independent_matched,4,4,swe+ceus+relax,independent,vmag,0.002999999999999999,0.0029847637391170025,0.002942704261546478,0.0030274243643042356,0.0061633417804572935,-0.005091694330559449,True,14,16,9.902236523830393e-12,0.9999999999950488
L8_07,E8_relax_independent_matched,4,4,swe+ceus+relax,independent,S_v,4.800000000000004e-06,5.070579952513846e-06,1.832219468910165e-06,1.4032588066607832e-05,0.6559760909510362,0.05483928220330192,True,14,16,9.902236523830393e-12,0.9999999999950488
L8_08,E2_ceus,0,0,ceus,independent,phi,0.011999999999999999,0.018609603871653266,0.005302024228842251,0.06531795052461953,0.8382518812653721,0.43877113486063823,True,6,9,0.0,1.0
L8_08,E2_ceus,0,0,ceus,independent,k,1.9999999999999983e-12,3.162277660168375e-13,9.999999999999987e-15,9.999999999999985e-12,1.0,-1.8444397270569688,True,6,9,0.0,1.0
L8_08,E2_ceus,0,0,ceus,independent,D,3.0000000000000015e-07,3.0143633024894564e-07,2.96623224240653e-07,3.063275352985604e-07,0.006990442656535789,0.00477634258970383,True,6,9,0.0,1.0
L8_08,E2_ceus,0,0,ceus,independent,vmag,0.0004000000000000001,0.0003984872905027649,0.0003965799602711707,0.00040040379393768954,0.0020837094798736673,-0.0037889427294404143,True,6,9,0.0,1.0
L8_08,E2_ceus,0,0,ceus,independent,S_v,2.9999999999999977e-05,2.2360679774997884e-05,1.4338978448964585e-06,0.0003486998755034075,1.0,-0.2938933324510593,True,6,9,0.0,1.0
L8_08,E2_ceus,1,1,ceus,independent,phi,0.011999999999999999,0.018555988584050002,0.005286749743775711,0.06512975438960024,0.8382517629381138,0.43588592188520536,True,6,9,0.0,1.0
L8_08,E2_ceus,1,1,ceus,independent,k,1.9999999999999983e-12,3.162277660168577e-13,1.0000000000000626e-14,1.0000000000000625e-11,1.0,-1.8444397270569048,True,6,9,0.0,1.0
L8_08,E2_ceus,1,1,ceus,independent,D,3.0000000000000015e-07,2.979260788684093e-07,2.9319957754581353e-07,3.0272877339339467e-07,0.006945180494023614,-0.006937076410704179,True,6,9,0.0,1.0
L8_08,E2_ceus,1,1,ceus,independent,vmag,0.0004000000000000001,0.0003994731476343234,0.00039757068668694307,0.00040138471226509263,0.002073235686656146,-0.0013179990935352492,True,6,9,0.0,1.0
L8_08,E2_ceus,1,1,ceus,independent,S_v,2.9999999999999977e-05,2.2360679774997884e-05,1.4338978448964585e-06,0.0003486998755034075,1.0,-0.2938933324510593,True,6,9,0.0,1.0
L8_08,E2_ceus,2,2,ceus,independent,phi,0.011999999999999999,0.018616709923272398,0.005304049047172045,0.06534288904286353,0.8382518500904482,0.4391529105983376,True,6,9,0.0,1.0
L8_08,E2_ceus,2,2,ceus,independent,k,1.9999999999999983e-12,3.162277660168577e-13,1.0000000000000626e-14,1.0000000000000625e-11,1.0,-1.8444397270569048,True,6,9,0.0,1.0
L8_08,E2_ceus,2,2,ceus,independent,D,3.0000000000000015e-07,3.031121029793554e-07,2.9827679887087033e-07,3.0802579121261995e-07,0.006983804118959005,0.010320239258172492,True,6,9,0.0,1.0
L8_08,E2_ceus,2,2,ceus,independent,vmag,0.0004000000000000001,0.00040120841175252667,0.00039929012891612165,0.0004031359104667458,0.002081456000140504,0.00301647524187576,True,6,9,0.0,1.0
L8_08,E2_ceus,2,2,ceus,independent,S_v,2.9999999999999977e-05,2.2360679774997884e-05,1.4338978448964585e-06,0.0003486998755034075,1.0,-0.2938933324510593,True,6,9,0.0,1.0
L8_08,E2_ceus,3,3,ceus,independent,phi,0.011999999999999999,0.018655238848455807,0.005315026210223241,0.06547812235121933,0.8382518544666534,0.4412203602583067,True,6,9,0.0,1.0
L8_08,E2_ceus,3,3,ceus,independent,k,1.9999999999999983e-12,3.162277660168375e-13,9.999999999999987e-15,9.999999999999985e-12,1.0,-1.8444397270569688,True,6,9,0.0,1.0
L8_08,E2_ceus,3,3,ceus,independent,D,3.0000000000000015e-07,3.0334971076670297e-07,2.98519364061749e-07,3.0825821739057343e-07,0.0069710774274819795,0.011103826267675032,True,6,9,0.0,1.0
L8_08,E2_ceus,3,3,ceus,independent,vmag,0.0004000000000000001,0.0003991304296744935,0.0003972265419352367,0.00040104344265625303,0.002076580086908453,-0.002176292220705811,True,6,9,0.0,1.0
L8_08,E2_ceus,3,3,ceus,independent,S_v,2.9999999999999977e-05,2.2360679774997884e-05,1.4338978448964585e-06,0.0003486998755034075,1.0,-0.2938933324510593,True,6,9,0.0,1.0
L8_08,E2_ceus,4,4,ceus,independent,phi,0.011999999999999999,0.01857765871256658,0.005292923220026283,0.06520582084674317,0.8382518281364056,0.4370530644932793,True,6,9,0.0,1.0
L8_08,E2_ceus,4,4,ceus,independent,k,1.9999999999999983e-12,3.162277660168521e-13,1.0000000000000413e-14,1.0000000000000447e-11,1.0,-1.8444397270569226,True,6,9,0.0,1.0
L8_08,E2_ceus,4,4,ceus,independent,D,3.0000000000000015e-07,2.993546732752033e-07,2.945879338927032e-07,3.0419854346221534e-07,0.006971087892335555,-0.002153405997967539,True,6,9,0.0,1.0
L8_08,E2_ceus,4,4,ceus,independent,vmag,0.0004000000000000001,0.0003986082489466616,0.0003967041657170159,0.00040052147131135733,0.00207952096417849,-0.003485444744973698,True,6,9,0.0,1.0
L8_08,E2_ceus,4,4,ceus,independent,S_v,2.9999999999999977e-05,2.2360679774997884e-05,1.4338978448964585e-06,0.0003486998755034075,1.0,-0.2938933324510593,True,6,9,0.0,1.0
L8_08,E2_ceus_Acal,0,0,ceus,independent,phi,0.011999999999999999,0.012088870098000682,0.010978600119005625,0.013311422099557406,0.0643163404844346,0.007378552903088753,True,6,9,0.0,1.0
L8_08,E2_ceus_Acal,0,0,ceus,independent,k,1.9999999999999983e-12,3.162277660168577e-13,1.0000000000000626e-14,1.0000000000000625e-11,1.0,-1.8444397270569048,True,6,9,0.0,1.0
L8_08,E2_ceus_Acal,0,0,ceus,independent,D,3.0000000000000015e-07,3.0144979366795767e-07,2.9663660607359563e-07,3.063410794280355e-07,0.006990247368784184,0.004821005813752777,True,6,9,0.0,1.0
L8_08,E2_ceus_Acal,0,0,ceus,independent,vmag,0.0004000000000000001,0.00039848898084897996,0.00039658164703014037,0.0004004054878666394,0.002083704548143983,-0.0037847008309652708,True,6,9,0.0,1.0
L8_08,E2_ceus_Acal,0,0,ceus,independent,S_v,2.9999999999999977e-05,2.2360679774997884e-05,1.4338978448964585e-06,0.0003486998755034075,1.0,-0.2938933324510593,True,6,9,0.0,1.0
L8_08,E2_ceus_Acal,1,1,ceus,independent,phi,0.011999999999999999,0.011972536262239031,0.01087323258130262,0.013182981553904748,0.06429902990150246,-0.0022912677637201284,True,6,9,0.0,1.0
L8_08,E2_ceus_Acal,1,1,ceus,independent,k,1.9999999999999983e-12,3.162277660168577e-13,1.0000000000000626e-14,1.0000000000000625e-11,1.0,-1.8444397270569048,True,6,9,0.0,1.0
L8_08,E2_ceus_Acal,1,1,ceus,independent,D,3.0000000000000015e-07,2.9793970185927295e-07,2.93213109213171e-07,3.027424871357186e-07,0.006944995644391647,-0.006891351378971677,True,6,9,0.0,1.0
L8_08,E2_ceus_Acal,1,1,ceus,independent,vmag,0.0004000000000000001,0.000399474983521524,0.00039757251883879306,0.0004013865518814397,0.0020732302161722447,-0.0013134033328618955,True,6,9,0.0,1.0
L8_08,E2_ceus_Acal,1,1,ceus,independent,S_v,2.9999999999999977e-05,2.2360679774997884e-05,1.4338978448964585e-06,0.0003486998755034075,1.0,-0.2938933324510593,True,6,9,0.0,1.0
L8_08,E2_ceus_Acal,2,2,ceus,independent,phi,0.011999999999999999,0.012104291969680587,0.010992680646266875,0.01332831261108547,0.06431178331030626,0.008653448158665533,True,6,9,0.0,1.0
L8_08,E2_ceus_Acal,2,2,ceus,independent,k,1.9999999999999983e-12,3.162277660168375e-13,9.999999999999987e-15,9.999999999999985e-12,1.0,-1.8444397270569688,True,6,9,0.0,1.0
L8_08,E2_ceus_Acal,2,2,ceus,independent,D,3.0000000000000015e-07,3.031255925340754e-07,2.982902061047747e-07,3.080393622339031e-07,0.006983610671390548,0.010364741785224396,True,6,9,0.0,1.0
L8_08,E2_ceus_Acal,2,2,ceus,independent,vmag,0.0004000000000000001,0.0004012101420590235,0.0003992918555490262,0.0004031376444422807,0.00208145099748612,0.0030207879699117868,True,6,9,0.0,1.0
L8_08,E2_ceus_Acal,2,2,ceus,independent,S_v,2.9999999999999977e-05,2.2360679774997884e-05,1.4338978448964585e-06,0.0003486998755034075,1.0,-0.2938933324510593,True,6,9,0.0,1.0
L8_08,E2_ceus_Acal,3,3,ceus,independent,phi,0.011999999999999999,0.01218838634344357,0.011069041833886078,0.01342092331806528,0.06431240359891582,0.015576909507468706,True,6,9,0.0,1.0
L8_08,E2_ceus_Acal,3,3,ceus,independent,k,1.9999999999999983e-12,3.162277660168375e-13,9.999999999999987e-15,9.999999999999985e-12,1.0,-1.8444397270569688,True,6,9,0.0,1.0
L8_08,E2_ceus_Acal,3,3,ceus,independent,D,3.0000000000000015e-07,3.0336320549277054e-07,2.9853277746297765e-07,3.0827179256141104e-07,0.006970883134299653,0.011148310984278709,True,6,9,0.0,1.0
L8_08,E2_ceus_Acal,3,3,ceus,independent,vmag,0.0004000000000000001,0.0003991320782854467,0.0003972281868198518,0.0004010450949914778,0.002076575563128224,-0.0021721617224379486,True,6,9,0.0,1.0
L8_08,E2_ceus_Acal,3,3,ceus,independent,S_v,2.9999999999999977e-05,2.2360679774997884e-05,1.4338978448964585e-06,0.0003486998755034075,1.0,-0.2938933324510593,True,6,9,0.0,1.0
L8_08,E2_ceus_Acal,4,4,ceus,independent,phi,0.011999999999999999,0.01201946012809649,0.010915691332070855,0.013234839404669557,0.0643086090744548,0.0016203638425302813,True,6,9,0.0,1.0
L8_08,E2_ceus_Acal,4,4,ceus,independent,k,1.9999999999999983e-12,3.162277660168577e-13,1.0000000000000626e-14,1.0000000000000625e-11,1.0,-1.8444397270569048,True,6,9,0.0,1.0
L8_08,E2_ceus_Acal,4,4,ceus,independent,D,3.0000000000000015e-07,2.993682920778056e-07,2.9460146477823653e-07,3.042122494843856e-07,0.006970897811488543,-0.0021079131627406156,True,6,9,0.0,1.0
L8_08,E2_ceus_Acal,4,4,ceus,independent,vmag,0.0004000000000000001,0.0003986100248007956,0.0003967059378307729,0.0004005232509009489,0.002079515772238255,-0.0034809896184606615,True,6,9,0.0,1.0
L8_08,E2_ceus_Acal,4,4,ceus,independent,S_v,2.9999999999999977e-05,2.2360679774997884e-05,1.4338978448964585e-06,0.0003486998755034075,1.0,-0.2938933324510593,True,6,9,0.0,1.0
L8_08,E3_joint_independent,0,0,swe+ceus,independent,mu,5999.999999999995,6017.816670407073,5970.086429354874,6065.92850993994,0.0069166691367375955,0.0029650449742462115,True,12,13,0.0,1.0
L8_08,E3_joint_independent,0,0,swe+ceus,independent,eta_s,4.0,3.919962253209681,3.824440821885485,4.017869482685076,0.010713939872586916,-0.02021233664712585,True,12,13,0.0,1.0
L8_08,E3_joint_independent,0,0,swe+ceus,independent,phi,0.011999999999999999,0.012016985444283123,0.010913626726929004,0.013231892823656022,0.06429742513815713,0.0014144528799748812,True,12,13,0.0,1.0
L8_08,E3_joint_independent,0,0,swe+ceus,independent,k,1.9999999999999983e-12,3.121229381437904e-13,9.878237711092014e-15,9.862156729243439e-12,0.9997641423952163,-1.8575053168308742,True,12,13,0.0,1.0
L8_08,E3_joint_independent,0,0,swe+ceus,independent,D,3.0000000000000015e-07,2.9865177067366077e-07,2.9392059706201983e-07,3.034591009206898e-07,0.006935072798969705,-0.004504226569761016,True,12,13,0.0,1.0
L8_08,E3_joint_independent,0,0,swe+ceus,independent,vmag,0.0004000000000000001,0.0003998227058972079,0.0003979217199509236,0.0004017327733974431,0.002069808932760257,-0.00044333351476222305,True,12,13,0.0,1.0
L8_08,E3_joint_independent,0,0,swe+ceus,independent,S_v,2.9999999999999977e-05,2.2360679774997884e-05,1.4338978448964585e-06,0.0003486998755034075,1.0,-0.2938933324510593,True,12,13,0.0,1.0
L8_08,E3_joint_independent,1,1,swe+ceus,independent,mu,5999.999999999995,5961.366601887031,5913.844063690739,6009.271022258824,0.006951922575863537,-0.006459718816389071,True,12,13,0.0,1.0
L8_08,E3_joint_independent,1,1,swe+ceus,independent,eta_s,4.0,3.970215504166688,3.8746570685833293,4.068130642407729,0.010580810240793272,-0.00747398472865668,True,12,13,0.0,1.0
L8_08,E3_joint_independent,1,1,swe+ceus,independent,phi,0.011999999999999999,0.011768258274117383,0.010687673102652121,0.01295809681641234,0.06430140649899897,-0.01950071957492483,True,12,13,0.0,1.0
L8_08,E3_joint_independent,1,1,swe+ceus,independent,k,1.9999999999999983e-12,3.364320544744998e-13,1.0650332132829476e-14,1.0627511505395852e-11,0.9996894774195926,-1.7825062491977093,True,12,13,0.0,1.0
L8_08,E3_joint_independent,1,1,swe+ceus,independent,D,3.0000000000000015e-07,2.9407724408816856e-07,2.893949385621076e-07,2.988353076255767e-07,0.006970488624793094,-0.01994000683254349,False,12,13,0.0,1.0
L8_08,E3_joint_independent,1,1,swe+ceus,independent,vmag,0.0004000000000000001,0.00039884266768229823,0.0003969333649183072,0.00040076115444886187,0.0020840065843901892,-0.0028975245670652683,True,12,13,0.0,1.0
L8_08,E3_joint_independent,1,1,swe+ceus,independent,S_v,2.9999999999999977e-05,2.2360679774997884e-05,1.4338978448964585e-06,0.0003486998755034075,1.0,-0.2938933324510593,True,12,13,0.0,1.0
L8_08,E3_joint_independent,2,2,swe+ceus,independent,mu,5999.999999999995,6041.084217242979,5992.616740110101,6089.943692803507,0.006996774064961464,0.006824032775421429,True,12,13,0.0,1.0
L8_08,E3_joint_independent,2,2,swe+ceus,independent,eta_s,4.0,4.017148309570931,3.919353406362097,4.117383371168672,0.010703440411747091,0.004277914056400212,True,12,13,0.0,1.0
L8_08,E3_joint_independent,2,2,swe+ceus,independent,phi,0.011999999999999999,0.012043952027679316,0.010938171095512036,0.013261520520972464,0.06429414355052807,0.003655977734823068,True,12,13,0.0,1.0
L8_08,E3_joint_independent,2,2,swe+ceus,independent,k,1.9999999999999983e-12,3.090572163664093e-13,9.781243542518477e-15,9.765257615041412e-12,0.9997632107631156,-1.8673760335511531,True,12,13,0.0,1.0
L8_08,E3_joint_independent,2,2,swe+ceus,independent,D,3.0000000000000015e-07,2.9935767484583e-07,2.9462197872576615e-07,3.041694916200235e-07,0.006925254966635267,-0.002143379244264665,True,12,13,0.0,1.0
L8_08,E3_joint_independent,2,2,swe+ceus,independent,vmag,0.0004000000000000001,0.00040038919684750175,0.0003984885237422714,0.0004022989356046586,0.002066532531129934,0.0009725190687470686,True,12,13,0.0,1.0
L8_08,E3_joint_independent,2,2,swe+ceus,independent,S_v,2.9999999999999977e-05,2.2360679774997884e-05,1.4338978448964585e-06,0.0003486998755034075,1.0,-0.2938933324510593,True,12,13,0.0,1.0
L8_08,E3_joint_independent,3,3,swe+ceus,independent,mu,5999.999999999995,6073.875845614649,6024.409013488994,6123.748853263092,0.007102921512703743,0.012237456886078135,False,12,13,0.0,1.0
L8_08,E3_joint_independent,3,3,swe+ceus,independent,eta_s,4.0,4.165709183908878,4.065952395688313,4.267913471713215,0.0105266581482289,0.04059217225127121,False,12,13,0.0,1.0
L8_08,E3_joint_independent,3,3,swe+ceus,independent,phi,0.011999999999999999,0.012152351950031792,0.0110362597745268,0.013381314044302072,0.06431584900290287,0.012616077399418835,True,12,13,0.0,1.0
L8_08,E3_joint_independent,3,3,swe+ceus,independent,k,1.9999999999999983e-12,3.177847214076252e-13,1.0060936703061977e-14,1.0037547411404272e-11,0.9996630643110447,-1.8395282827196873,True,12,13,0.0,1.0
L8_08,E3_joint_independent,3,3,swe+ceus,independent,D,3.0000000000000015e-07,3.038144510881341e-07,2.9896504356728227e-07,3.087425191541209e-07,0.006988015964403479,0.012634682142870446,True,12,13,0.0,1.0
L8_08,E3_joint_independent,3,3,swe+ceus,independent,vmag,0.0004000000000000001,0.0004006045495358168,0.00039868833943403125,0.00040252996949099166,0.0020823432291240673,0.0015102328635832052,True,12,13,0.0,1.0
L8_08,E3_joint_independent,3,3,swe+ceus,independent,S_v,2.9999999999999977e-05,2.2360679774997884e-05,1.4338978448964585e-06,0.0003486998755034075,1.0,-0.2938933324510593,True,12,13,0.0,1.0
L8_08,E3_joint_independent,4,4,swe+ceus,independent,mu,5999.999999999995,5964.0551631510925,5916.452316278499,6012.041015059345,0.00696056608401277,-0.006008823013694098,True,12,13,0.0,1.0
L8_08,E3_joint_independent,4,4,swe+ceus,independent,eta_s,4.0,3.981357830963447,3.886851151209784,4.078162389429362,0.010433302817486853,-0.004671436447943211,True,12,13,0.0,1.0
L8_08,E3_joint_independent,4,4,swe+ceus,independent,phi,0.011999999999999999,0.012204338680260211,0.011083757745961589,0.013438211663978723,0.06429863464666022,0.016884868259543495,True,12,13,0.0,1.0
L8_08,E3_joint_independent,4,4,swe+ceus,independent,k,1.9999999999999983e-12,3.2558574160300945e-13,1.0308895680086212e-14,1.0282970982037828e-11,0.9996354884692825,-1.815276617518105,True,12,13,0.0,1.0
L8_08,E3_joint_independent,4,4,swe+ceus,independent,D,3.0000000000000015e-07,3.026957240746492e-07,2.979071223952361e-07,3.0756129842211975e-07,0.006925399592764294,0.008945615320754996,True,12,13,0.0,1.0
L8_08,E3_joint_independent,4,4,swe+ceus,independent,vmag,0.0004000000000000001,0.000400166484686311,0.0003982693259367197,0.0004020726805650176,0.0020638531385104597,0.0004161251237073671,True,12,13,0.0,1.0
L8_08,E3_joint_independent,4,4,swe+ceus,independent,S_v,2.9999999999999977e-05,2.2360679774997884e-05,1.4338978448964585e-06,0.0003486998755034075,1.0,-0.2938933324510593,True,12,13,0.0,1.0
L8_08,E4_joint_constitutive_Cvcal,0,0,swe+ceus,constitutive,mu,5999.999999999995,6017.816665507247,5970.086424296712,6065.928505201307,0.006916669165426933,0.002965044160026409,True,12,13,0.0,1.0
L8_08,E4_joint_constitutive_Cvcal,0,0,swe+ceus,constitutive,eta_s,4.0,3.919962243388292,3.824440811732163,4.017869473218536,0.010713939937457888,-0.02021233915260634,True,12,13,0.0,1.0
L8_08,E4_joint_constitutive_Cvcal,0,0,swe+ceus,constitutive,phi,0.011999999999999999,0.012016987300028122,0.010913628412292722,0.013231894867006941,0.06429742513773412,0.0014146073067955456,True,12,13,0.0,1.0
L8_08,E4_joint_constitutive_Cvcal,0,0,swe+ceus,constitutive,k,1.9999999999999983e-12,3.1212646608923546e-13,9.878349548964418e-15,9.862268018605177e-12,0.999764137016259,-1.8574940138310758,True,12,13,0.0,1.0
L8_08,E4_joint_constitutive_Cvcal,0,0,swe+ceus,constitutive,D,3.0000000000000015e-07,2.9865177049246597e-07,2.939205968840907e-07,3.0345910073617027e-07,0.006935072798385518,-0.004504227176470366,True,12,13,0.0,1.0
L8_08,E4_joint_constitutive_Cvcal,0,0,swe+ceus,constitutive,vmag,0.0004000000000000001,0.0003998227058572139,0.00039792171991115367,0.0004017327733572238,0.0020698089327229976,-0.0004433336147915412,True,12,13,0.0,1.0
L8_08,E4_joint_constitutive_Cvcal,0,0,swe+ceus,constitutive,S_v,3e-05,3.0042468250070287e-05,1.980364130748596e-05,4.55749467758391e-05,0.268560988023292,0.0014146073067955456,True,12,13,0.0,1.0
L8_08,E4_joint_constitutive_Cvcal,0,0,swe+ceus,constitutive,C_v,0.0025000000000000005,0.0025000000000000005,0.0016666666666666668,0.003750000000000002,1.0,0.0,True,12,13,0.0,1.0
L8_08,E4_joint_constitutive_Cvcal,1,1,swe+ceus,constitutive,mu,5999.999999999995,5961.36660192007,5913.844063718568,6009.271022297156,0.006951922576590413,-0.006459718810846837,True,12,13,0.0,1.0
L8_08,E4_joint_constitutive_Cvcal,1,1,swe+ceus,constitutive,eta_s,4.0,3.970215508274904,3.8746570728991085,4.0681306462955185,0.01058081020644532,-0.007473983693897734,True,12,13,0.0,1.0
L8_08,E4_joint_constitutive_Cvcal,1,1,swe+ceus,constitutive,phi,0.011999999999999999,0.011768257108506127,0.010687672044060374,0.01295809553296232,0.06430140649957793,-0.019500818621978944,True,12,13,0.0,1.0
L8_08,E4_joint_constitutive_Cvcal,1,1,swe+ceus,constitutive,k,1.9999999999999983e-12,3.3643256788425384e-13,1.0650348421265812e-14,1.0627527687938366e-11,0.9996894764525581,-1.7825047231559559,True,12,13,0.0,1.0
L8_08,E4_joint_constitutive_Cvcal,1,1,swe+ceus,constitutive,D,3.0000000000000015e-07,2.9407724433651566e-07,2.8939493880597715e-07,2.988353078784823e-07,0.006970488625578234,-0.01994000598804746,False,12,13,0.0,1.0
L8_08,E4_joint_constitutive_Cvcal,1,1,swe+ceus,constitutive,vmag,0.0004000000000000001,0.00039884266778453747,0.0003969333650199915,0.00040076115455165914,0.0020840065844618047,-0.00289752431072543,True,12,13,0.0,1.0
L8_08,E4_joint_constitutive_Cvcal,1,1,swe+ceus,constitutive,S_v,3e-05,2.9420642771265324e-05,1.939371454567722e-05,4.463168822227197e-05,0.26856187616786964,-0.019500818621978055,True,12,13,0.0,1.0
L8_08,E4_joint_constitutive_Cvcal,1,1,swe+ceus,constitutive,C_v,0.0025000000000000005,0.0025000000000000005,0.0016666666666666668,0.003750000000000002,1.0,0.0,True,12,13,0.0,1.0
L8_08,E4_joint_constitutive_Cvcal,2,2,swe+ceus,constitutive,mu,5999.999999999995,6041.084210450201,5992.61673351604,6089.943685809228,0.006996774044057402,0.0068240316509911025,True,12,13,0.0,1.0
L8_08,E4_joint_constitutive_Cvcal,2,2,swe+ceus,constitutive,eta_s,4.0,4.0171483266717285,3.9193534248733273,4.117383386777125,0.010703440209330173,0.004277918313349671,True,12,13,0.0,1.0
L8_08,E4_joint_constitutive_Cvcal,2,2,swe+ceus,constitutive,phi,0.011999999999999999,0.012043947400874569,0.010938166893516432,0.013261515426411644,0.06429414354977597,0.003655593574737992,True,12,13,0.0,1.0
L8_08,E4_joint_constitutive_Cvcal,2,2,swe+ceus,constitutive,k,1.9999999999999983e-12,3.0905763297667354e-13,9.781256750874364e-15,9.765270755478925e-12,0.9997632100762781,-1.8673746855483842,True,12,13,0.0,1.0
L8_08,E4_joint_constitutive_Cvcal,2,2,swe+ceus,constitutive,D,3.0000000000000015e-07,2.99357674465111e-07,2.9462197835202615e-07,3.041694912321978e-07,0.006925254965225679,-0.0021433805160508967,True,12,13,0.0,1.0
L8_08,E4_joint_constitutive_Cvcal,2,2,swe+ceus,constitutive,vmag,0.0004000000000000001,0.00040038919673686575,0.0003984885236323287,0.00040229893549332516,0.0020665325309465335,0.0009725187924258805,True,12,13,0.0,1.0
L8_08,E4_joint_constitutive_Cvcal,2,2,swe+ceus,constitutive,S_v,3e-05,3.0109868502186404e-05,1.9848093305524843e-05,4.5677142245527325e-05,0.26856025602031147,0.003655593574737992,True,12,13,0.0,1.0
L8_08,E4_joint_constitutive_Cvcal,2,2,swe+ceus,constitutive,C_v,0.0025000000000000005,0.0025000000000000005,0.0016666666666666668,0.003750000000000002,1.0,0.0,True,12,13,0.0,1.0
L8_08,E4_joint_constitutive_Cvcal,3,3,swe+ceus,constitutive,mu,5999.999999999995,6073.875839280942,6024.409007726012,6123.748846349678,0.007102921437854671,0.012237455843299827,False,12,13,0.0,1.0
L8_08,E4_joint_constitutive_Cvcal,3,3,swe+ceus,constitutive,eta_s,4.0,4.165709194596069,4.065952410635715,4.267913477922151,0.010526657665848878,0.040592174816786564,False,12,13,0.0,1.0
L8_08,E4_joint_constitutive_Cvcal,3,3,swe+ceus,constitutive,phi,0.011999999999999999,0.012152350735244432,0.011036258671309898,0.013381312706660917,0.06431584900275969,0.012615977436265524,True,12,13,0.0,1.0
L8_08,E4_joint_constitutive_Cvcal,3,3,swe+ceus,constitutive,k,1.9999999999999983e-12,3.177841217592477e-13,1.0060917681446211e-14,1.0037528507815038e-11,0.999663065375499,-1.83953016968562,True,12,13,0.0,1.0
L8_08,E4_joint_constitutive_Cvcal,3,3,swe+ceus,constitutive,D,3.0000000000000015e-07,3.0381445110813367e-07,2.989650435870348e-07,3.087425191743703e-07,0.006988015964298502,0.012634682208698678,True,12,13,0.0,1.0
L8_08,E4_joint_constitutive_Cvcal,3,3,swe+ceus,constitutive,vmag,0.0004000000000000001,0.0004006045495596944,0.00039868833945782574,0.0004025299695149525,0.002082343229090306,0.0015102329231870826,True,12,13,0.0,1.0
L8_08,E4_joint_constitutive_Cvcal,3,3,swe+ceus,constitutive,S_v,3e-05,3.038087683811106e-05,2.002658852703358e-05,4.608861245671138e-05,0.2685650983744658,0.012615977436265524,True,12,13,0.0,1.0
L8_08,E4_joint_constitutive_Cvcal,3,3,swe+ceus,constitutive,C_v,0.0025000000000000005,0.0025000000000000005,0.0016666666666666668,0.003750000000000002,1.0,0.0,True,12,13,0.0,1.0
L8_08,E4_joint_constitutive_Cvcal,4,4,swe+ceus,constitutive,mu,5999.999999999995,5964.0551631510925,5916.452316278499,6012.041015059345,0.00696056608401277,-0.006008823013694098,True,12,13,0.0,1.0
L8_08,E4_joint_constitutive_Cvcal,4,4,swe+ceus,constitutive,eta_s,4.0,3.981357830963447,3.886851151209784,4.078162389429362,0.010433302817486853,-0.004671436447943211,True,12,13,0.0,1.0
L8_08,E4_joint_constitutive_Cvcal,4,4,swe+ceus,constitutive,phi,0.011999999999999999,0.012204338680260211,0.011083757745961589,0.013438211663978723,0.06429863464666022,0.016884868259543495,True,12,13,0.0,1.0
L8_08,E4_joint_constitutive_Cvcal,4,4,swe+ceus,constitutive,k,1.9999999999999983e-12,3.2558574160300945e-13,1.0308895680086212e-14,1.0282970982037828e-11,0.9996354884692825,-1.815276617518105,True,12,13,0.0,1.0
L8_08,E4_joint_constitutive_Cvcal,4,4,swe+ceus,constitutive,D,3.0000000000000015e-07,3.026957240746492e-07,2.979071223952361e-07,3.0756129842211975e-07,0.006925399592764294,0.008945615320754996,True,12,13,0.0,1.0
L8_08,E4_joint_constitutive_Cvcal,4,4,swe+ceus,constitutive,vmag,0.0004000000000000001,0.000400166484686311,0.0003982693259367197,0.0004020726805650176,0.0020638531385104597,0.0004161251237073671,True,12,13,0.0,1.0
L8_08,E4_joint_constitutive_Cvcal,4,4,swe+ceus,constitutive,S_v,3e-05,3.0510846700650562e-05,2.011238244612221e-05,4.628550440925435e-05,0.2685612578296847,0.01688486825954527,True,12,13,0.0,1.0
L8_08,E4_joint_constitutive_Cvcal,4,4,swe+ceus,constitutive,C_v,0.0025000000000000005,0.0025000000000000005,0.0016666666666666668,0.003750000000000002,1.0,0.0,True,12,13,0.0,1.0
L8_08,E5_joint_network,0,0,swe+ceus,network,mu,5999.999999999995,6018.022790225277,5970.300250639423,6066.1267914946175,0.006915310843864083,0.0029992959824785004,True,12,13,0.0,1.0
L8_08,E5_joint_network,0,0,swe+ceus,network,eta_s,4.0,3.9204280104768854,3.8249254407951008,4.018315134042662,0.010710509582134299,-0.020093526931770356,True,12,13,0.0,1.0
L8_08,E5_joint_network,0,0,swe+ceus,network,phi,0.011999999999999999,0.012074718470208471,0.010967315180831034,0.013293939649844719,0.06422094700145745,0.006207234382228144,True,12,13,0.0,1.0
L8_08,E5_joint_network,0,0,swe+ceus,network,k,1.9999999999999983e-12,8.03053589475493e-14,1.4990618657685454e-14,4.3019910138188065e-13,0.4859499808257898,-3.215066104233969,False,12,13,0.0,1.0
L8_08,E5_joint_network,0,0,swe+ceus,network,D,3.0000000000000015e-07,2.9869837288243365e-07,2.939666698917843e-07,3.0350623761345975e-07,0.006934764204126674,-0.004348196779293545,True,12,13,0.0,1.0
L8_08,E5_joint_network,0,0,swe+ceus,network,vmag,0.0004000000000000001,0.0003998310871281097,0.00039793007982856987,0.0004017411759948295,0.002069788746618535,-0.00042237136595435487,True,12,13,0.0,1.0
L8_08,E5_joint_network,0,0,swe+ceus,network,S_v,3e-05,1.2074718470208485e-05,1.2050491153498622e-06,0.0001209899449554503,0.8389774750809453,-0.9100834974919252,True,12,13,0.0,1.0
L8_08,E5_joint_network,0,0,swe+ceus,network,C_v,0.0025000000000000005,0.0010000000000000002,0.00010000000000000009,0.009999999999999995,1.0,-0.9162907318741551,True,12,13,0.0,1.0
L8_08,E5_joint_network,1,1,swe+ceus,network,mu,5999.999999999995,5961.592357881215,5914.077911599753,6009.488541204221,0.00695046981695671,-0.006421849694307369,True,12,13,0.0,1.0
L8_08,E5_joint_network,1,1,swe+ceus,network,eta_s,4.0,3.970764992520084,3.875225838966113,4.068659551988731,0.010577167119544215,-0.007335591653770734,True,12,13,0.0,1.0
L8_08,E5_joint_network,1,1,swe+ceus,network,phi,0.011999999999999999,0.011826030497584778,0.0107413714997188,0.013020217886837502,0.06422489487169886,-0.014603573533835679,True,12,13,0.0,1.0
L8_08,E5_joint_network,1,1,swe+ceus,network,k,1.9999999999999983e-12,7.719957519055904e-14,1.44108437887774e-14,4.135617939488052e-13,0.48595033334003435,-3.254508505239457,False,12,13,0.0,1.0
L8_08,E5_joint_network,1,1,swe+ceus,network,D,3.0000000000000015e-07,2.941254006899397e-07,2.8944252677599296e-07,2.9888403855031897e-07,0.006970190990955123,-0.01977626529786569,False,12,13,0.0,1.0
L8_08,E5_joint_network,1,1,swe+ceus,network,vmag,0.0004000000000000001,0.00039885162705091047,0.00039694230156368067,0.000400770136552547,0.002083984520529987,-0.0028750614037411637,True,12,13,0.0,1.0
L8_08,E5_joint_network,1,1,swe+ceus,network,S_v,3e-05,1.1826030497584792e-05,1.1802299247606731e-06,0.00011849809464724884,0.8389775649397256,-0.930894305407989,True,12,13,0.0,1.0
L8_08,E5_joint_network,1,1,swe+ceus,network,C_v,0.0025000000000000005,0.0010000000000000002,0.00010000000000000009,0.009999999999999995,1.0,-0.9162907318741551,True,12,13,0.0,1.0
L8_08,E5_joint_network,2,2,swe+ceus,network,mu,5999.999999999995,6041.289307633216,5992.829134195862,6090.141347475734,0.0069954769944164065,0.006857981467677021,True,12,13,0.0,1.0
L8_08,E5_joint_network,2,2,swe+ceus,network,eta_s,4.0,4.017621418082657,3.9198441025514206,4.11783770903801,0.010700215723483375,0.004395679351065551,True,12,13,0.0,1.0
L8_08,E5_joint_network,2,2,swe+ceus,network,phi,0.011999999999999999,0.012101649559953891,0.010991830044328504,0.013323524970939351,0.06421768582532786,0.008435120791894235,True,12,13,0.0,1.0
L8_08,E5_joint_network,2,2,swe+ceus,network,k,1.9999999999999983e-12,8.063557710821348e-14,1.5052282164419898e-14,4.3196747340706176e-13,0.4859495651290796,-3.2109625040915795,False,12,13,0.0,1.0
L8_08,E5_joint_network,2,2,swe+ceus,network,D,3.0000000000000015e-07,2.994048315784696e-07,2.946685953662757e-07,3.042171937634018e-07,0.0069249514954723155,-0.0019858652642437136,True,12,13,0.0,1.0
L8_08,E5_joint_network,2,2,swe+ceus,network,vmag,0.0004000000000000001,0.000400397534369429,0.0003984968395584583,0.0004023072948502014,0.0020665130525577696,0.0009933423956143272,True,12,13,0.0,1.0
L8_08,E5_joint_network,2,2,swe+ceus,network,S_v,3e-05,1.2101649559953895e-05,1.2077370669794239e-06,0.00012125977257467692,0.8389774008563957,-0.90785561108226,True,12,13,0.0,1.0
L8_08,E5_joint_network,2,2,swe+ceus,network,C_v,0.0025000000000000005,0.0010000000000000002,0.00010000000000000009,0.009999999999999995,1.0,-0.9162907318741551,True,12,13,0.0,1.0
L8_08,E5_joint_network,3,3,swe+ceus,network,mu,5999.999999999995,6074.0753793990825,6024.615594882787,6123.941209786003,0.007101671146653917,0.01227030749286051,False,12,13,0.0,1.0
L8_08,E5_joint_network,3,3,swe+ceus,network,eta_s,4.0,4.166285224557264,4.06655448073806,4.268461827963458,0.010522403463039311,0.040730444223398,False,12,13,0.0,1.0
L8_08,E5_joint_network,3,3,swe+ceus,network,phi,0.011999999999999999,0.012210249854254507,0.011090112168163739,0.013443525118827362,0.06423927544090575,0.01736910120915436,True,12,13,0.0,1.0
L8_08,E5_joint_network,3,3,swe+ceus,network,k,1.9999999999999983e-12,8.227038270473186e-14,1.535737179257362e-14,4.4072748656485964e-13,0.48595107943852206,-3.1908912865581343,False,12,13,0.0,1.0
L8_08,E5_joint_network,3,3,swe+ceus,network,D,3.0000000000000015e-07,3.038620476881164e-07,2.9901210710516454e-07,3.0879065372674457e-07,0.006987686752626891,0.012791333256334525,True,12,13,0.0,1.0
L8_08,E5_joint_network,3,3,swe+ceus,network,vmag,0.0004000000000000001,0.000400612820070008,0.00039869658701726095,0.00040253826300624046,0.0020823251366871,0.0015308777834395215,True,12,13,0.0,1.0
L8_08,E5_joint_network,3,3,swe+ceus,network,S_v,3e-05,1.2210249854254499e-05,1.218573663476121e-06,0.00012234812385328038,0.8389778923072428,-0.8989216306650007,True,12,13,0.0,1.0
L8_08,E5_joint_network,3,3,swe+ceus,network,C_v,0.0025000000000000005,0.0010000000000000002,0.00010000000000000009,0.009999999999999995,1.0,-0.9162907318741551,True,12,13,0.0,1.0
L8_08,E5_joint_network,4,4,swe+ceus,network,mu,5999.999999999995,5964.250485111326,5916.6551431073785,6012.2286982689375,0.006959235472311003,-0.005976073691869033,True,12,13,0.0,1.0
L8_08,E5_joint_network,4,4,swe+ceus,network,eta_s,4.0,3.981930653929983,3.8874531607148133,4.078704251137974,0.010428523113824424,-0.004527570514011314,True,12,13,0.0,1.0
L8_08,E5_joint_network,4,4,swe+ceus,network,phi,0.011999999999999999,0.01226254547878217,0.01113789586814098,0.013500756641954423,0.06422215938411807,0.02164288386579205,True,12,13,0.0,1.0
L8_08,E5_joint_network,4,4,swe+ceus,network,k,1.9999999999999983e-12,8.313409003999337e-14,1.5518706114588262e-14,4.4535136342847696e-13,0.485949092491568,-3.1804476126801795,False,12,13,0.0,1.0
L8_08,E5_joint_network,4,4,swe+ceus,network,D,3.0000000000000015e-07,3.0274270297527715e-07,2.9795357445627387e-07,3.0760880909729593e-07,0.006925084228697731,0.009100805010154644,True,12,13,0.0,1.0
L8_08,E5_joint_network,4,4,swe+ceus,network,vmag,0.0004000000000000001,0.00040017469105042147,0.00039827750975282713,0.0004020809095062479,0.0020638353015066248,0.00043663228830048695,True,12,13,0.0,1.0
L8_08,E5_joint_network,4,4,swe+ceus,network,S_v,3e-05,1.2262545478782185e-05,1.223794036896239e-06,0.00012287200058644403,0.8389775026758014,-0.8946478480083613,True,12,13,0.0,1.0
L8_08,E5_joint_network,4,4,swe+ceus,network,C_v,0.0025000000000000005,0.0010000000000000002,0.00010000000000000009,0.009999999999999995,1.0,-0.9162907318741551,True,12,13,0.0,1.0
L8_08,E8_relax_constitutive_Cvcal,0,0,swe+ceus+relax,constitutive,mu,5999.999999999995,6016.144665752103,5968.426302198538,6064.244543980549,0.006916870549143248,0.0026871639641576905,True,15,16,0.0,1.0
L8_08,E8_relax_constitutive_Cvcal,0,0,swe+ceus+relax,constitutive,eta_s,4.0,3.9162027676821856,3.8207273807855566,4.014063969790049,0.01071911929688125,-0.021171858506584762,True,15,16,0.0,1.0
L8_08,E8_relax_constitutive_Cvcal,0,0,swe+ceus+relax,constitutive,phi,0.011999999999999999,0.011988303257944609,0.010889988138355126,0.013197389490100343,0.06414965653252663,-0.0009752038613655145,True,15,16,0.0,1.0
L8_08,E8_relax_constitutive_Cvcal,0,0,swe+ceus+relax,constitutive,k,1.9999999999999983e-12,2.013475837658113e-12,1.2232317932610206e-12,3.3142409894573064e-12,0.14429177461291506,0.006715320507627354,True,15,16,0.0,1.0
L8_08,E8_relax_constitutive_Cvcal,0,0,swe+ceus+relax,constitutive,D,3.0000000000000015e-07,2.986343217915517e-07,2.939036978221982e-07,3.0344108908031635e-07,0.006934669066548064,-0.0045626537869161155,True,15,16,0.0,1.0
L8_08,E8_relax_constitutive_Cvcal,0,0,swe+ceus+relax,constitutive,vmag,0.0004000000000000001,0.0003998204328627176,0.0003979194700704151,0.00040173047703909284,0.00206979545743819,-0.00044901863698765254,True,15,16,0.0,1.0
L8_08,E8_relax_constitutive_Cvcal,0,0,swe+ceus+relax,constitutive,S_v,3e-05,2.8723015657520767e-05,1.928381024609447e-05,4.278260457521728e-05,0.2567594559686311,-0.043498640991643356,True,15,16,0.0,1.0
L8_08,E8_relax_constitutive_Cvcal,0,0,swe+ceus+relax,constitutive,C_v,0.0025000000000000005,0.0023959200096549207,0.00162441488950831,0.003533846389700597,0.9584538941225901,-0.04252343713027873,True,15,16,0.0,1.0
L8_08,E8_relax_constitutive_Cvcal,1,1,swe+ceus+relax,constitutive,mu,5999.999999999995,5959.8147617743725,5912.308430795978,6007.7028136168665,0.006951358972409536,-0.00672006887299581,True,15,16,0.0,1.0
L8_08,E8_relax_constitutive_Cvcal,1,1,swe+ceus+relax,constitutive,eta_s,4.0,3.9664981204789584,3.871021182527455,4.064329952720821,0.010581705013784443,-0.0084107412088259,True,15,16,0.0,1.0
L8_08,E8_relax_constitutive_Cvcal,1,1,swe+ceus+relax,constitutive,phi,0.011999999999999999,0.011742356630650137,0.010666514455011501,0.012926710015996936,0.06415338651293466,-0.021704120383579273,True,15,16,0.0,1.0
L8_08,E8_relax_constitutive_Cvcal,1,1,swe+ceus+relax,constitutive,k,1.9999999999999983e-12,1.945822589661121e-12,1.1882655810573435e-12,3.186346226629277e-12,0.14279314885523134,-0.027462367621581052,True,15,16,0.0,1.0
L8_08,E8_relax_constitutive_Cvcal,1,1,swe+ceus+relax,constitutive,D,3.0000000000000015e-07,2.940610060637446e-07,2.89379231328979e-07,2.988185257459497e-07,0.006970080038750084,-0.01999522522523911,False,15,16,0.0,1.0
L8_08,E8_relax_constitutive_Cvcal,1,1,swe+ceus+relax,constitutive,vmag,0.0004000000000000001,0.0003988404433158991,0.0003969311638531606,0.00040075890660797324,0.0020839927403882874,-0.002903101634871952,True,15,16,0.0,1.0
L8_08,E8_relax_constitutive_Cvcal,1,1,swe+ceus+relax,constitutive,S_v,3e-05,2.822516743210571e-05,1.895004661890073e-05,4.2040006158919644e-05,0.25674322055871657,-0.06098333959421964,True,15,16,0.0,1.0
L8_08,E8_relax_constitutive_Cvcal,1,1,swe+ceus+relax,constitutive,C_v,0.0025000000000000005,0.0024037055183992457,0.0016297327536006544,0.003545243971085314,0.9583943435879266,-0.03927921921064126,True,15,16,0.0,1.0
L8_08,E8_relax_constitutive_Cvcal,2,2,swe+ceus+relax,constitutive,mu,5999.999999999995,6039.541896688656,5991.087629825068,6088.38804831881,0.006996652822722385,0.006568694923201335,True,15,16,0.0,1.0
L8_08,E8_relax_constitutive_Cvcal,2,2,swe+ceus+relax,constitutive,eta_s,4.0,4.013608035629028,3.9158675753462084,4.11378810792438,0.010706960872118232,0.003396235166128081,True,15,16,0.0,1.0
L8_08,E8_relax_constitutive_Cvcal,2,2,swe+ceus+relax,constitutive,phi,0.011999999999999999,0.012018076233645422,0.01091708554413171,0.013230102097656548,0.06414647056203343,0.0015052193924693924,True,15,16,0.0,1.0
L8_08,E8_relax_constitutive_Cvcal,2,2,swe+ceus+relax,constitutive,k,1.9999999999999983e-12,1.8742078475690918e-12,1.1373696544778944e-12,3.088402299164592e-12,0.14461074339680646,-0.0649610917044221,True,15,16,0.0,1.0
L8_08,E8_relax_constitutive_Cvcal,2,2,swe+ceus+relax,constitutive,D,3.0000000000000015e-07,2.993417197332916e-07,2.9460654585733666e-07,3.041530014620788e-07,0.006924857178922785,-0.0021966784882145873,True,15,16,0.0,1.0
L8_08,E8_relax_constitutive_Cvcal,2,2,swe+ceus+relax,constitutive,vmag,0.0004000000000000001,0.0004003871603187406,0.00039848650911676955,0.00040229687700952724,0.0020665191959008244,0.0009674326829092195,True,15,16,0.0,1.0
L8_08,E8_relax_constitutive_Cvcal,2,2,swe+ceus+relax,constitutive,S_v,3e-05,2.8927926682209998e-05,1.942121608870297e-05,4.308818450447527e-05,0.25676494919020376,-0.03638993194778806,True,15,16,0.0,1.0
L8_08,E8_relax_constitutive_Cvcal,2,2,swe+ceus+relax,constitutive,C_v,0.0025000000000000005,0.0024070347133615506,0.0016319362568564032,0.003550271088705476,0.9584755267027198,-0.037895151340259225,True,15,16,0.0,1.0
L8_08,E8_relax_constitutive_Cvcal,3,3,swe+ceus+relax,constitutive,mu,5999.999999999995,6072.368599582374,6022.913774462754,6122.229503855573,0.007102960205378622,0.011989273828868718,False,15,16,0.0,1.0
L8_08,E8_relax_constitutive_Cvcal,3,3,swe+ceus+relax,constitutive,eta_s,4.0,4.1615746123511705,4.061872645946666,4.26372384457895,0.01053138283388034,0.039599154119880575,False,15,16,0.0,1.0
L8_08,E8_relax_constitutive_Cvcal,3,3,swe+ceus+relax,constitutive,phi,0.011999999999999999,0.012127063488867966,0.011015734542384043,0.013350509518651337,0.06416791257674467,0.01053295720468661,True,15,16,0.0,1.0
L8_08,E8_relax_constitutive_Cvcal,3,3,swe+ceus+relax,constitutive,k,1.9999999999999983e-12,1.909411715508706e-12,1.1587978583660803e-12,3.146237346747084e-12,0.14459459935438282,-0.046351988295334934,True,15,16,0.0,1.0
L8_08,E8_relax_constitutive_Cvcal,3,3,swe+ceus+relax,constitutive,D,3.0000000000000015e-07,3.037987361017221e-07,2.9894985869607715e-07,3.0872626085042836e-07,0.0069876102496374175,0.012582955199654577,True,15,16,0.0,1.0
L8_08,E8_relax_constitutive_Cvcal,3,3,swe+ceus+relax,constitutive,vmag,0.0004000000000000001,0.00040060259037360445,0.0003986864018891251,0.0004025279885484336,0.002082329889332337,0.0015053423374888908,True,15,16,0.0,1.0
L8_08,E8_relax_constitutive_Cvcal,3,3,swe+ceus+relax,constitutive,S_v,3e-05,2.92338471225402e-05,1.962666054996897e-05,4.354372030882263e-05,0.25676297952856225,-0.025870195649098093,True,15,16,0.0,1.0
L8_08,E8_relax_constitutive_Cvcal,3,3,swe+ceus+relax,constitutive,C_v,0.0025000000000000005,0.002410628685944903,0.0016343869254872763,0.003555541573956191,0.9584543930890201,-0.03640315285378559,True,15,16,0.0,1.0
L8_08,E8_relax_constitutive_Cvcal,4,4,swe+ceus+relax,constitutive,mu,5999.999999999995,5962.676598958099,5915.084412178171,6010.651707786922,0.006960616464186434,-0.0062399951783120855,True,15,16,0.0,1.0
L8_08,E8_relax_constitutive_Cvcal,4,4,swe+ceus+relax,constitutive,eta_s,4.0,3.977527238097946,3.8830689200476973,4.074283319600915,0.010438063529945725,-0.005634031868795297,True,15,16,0.0,1.0
L8_08,E8_relax_constitutive_Cvcal,4,4,swe+ceus+relax,constitutive,phi,0.011999999999999999,0.012185771307445543,0.011069339930303141,0.013414803709374971,0.06415117106481721,0.015362335035151276,True,15,16,0.0,1.0
L8_08,E8_relax_constitutive_Cvcal,4,4,swe+ceus+relax,constitutive,k,1.9999999999999983e-12,1.853473782079647e-12,1.1153061486729353e-12,3.0801991587191138e-12,0.14706156714656515,-0.07608558213919991,True,15,16,0.0,1.0
L8_08,E8_relax_constitutive_Cvcal,4,4,swe+ceus+relax,constitutive,D,3.0000000000000015e-07,3.0268438980768514e-07,2.9789623028038667e-07,3.075495106031315e-07,0.006925016397312819,0.008908170195930154,True,15,16,0.0,1.0
L8_08,E8_relax_constitutive_Cvcal,4,4,swe+ceus+relax,constitutive,vmag,0.0004000000000000001,0.0004001650563352692,0.00039826791572168506,0.0004020712339371862,0.00206384074621307,0.000412555725355368,True,15,16,0.0,1.0
L8_08,E8_relax_constitutive_Cvcal,4,4,swe+ceus+relax,constitutive,S_v,3e-05,2.9663495402437985e-05,1.9914342398503657e-05,4.418538869536439e-05,0.25678790016408837,-0.011280202859001776,True,15,16,0.0,1.0
L8_08,E8_relax_constitutive_Cvcal,4,4,swe+ceus+relax,constitutive,C_v,0.0025000000000000005,0.002434273108696326,0.0016503511884489448,0.0035905603663007224,0.95855371882494,-0.026642537894154827,True,15,16,0.0,1.0
L8_08,E8_relax_constitutive_Cvcal_norm,0,0,swe+ceus+relax,constitutive,mu,5999.999999999995,6016.10819360417,5968.357545669393,6064.240877025384,0.006921611057921119,0.0026811015669725435,True,12,16,0.0,1.0
L8_08,E8_relax_constitutive_Cvcal_norm,0,0,swe+ceus+relax,constitutive,eta_s,4.0,3.916120679509945,3.820559949499015,4.01407159662458,0.010729047881524397,-0.02119281989123567,True,12,16,0.0,1.0
L8_08,E8_relax_constitutive_Cvcal_norm,0,0,swe+ceus+relax,constitutive,phi,0.011999999999999999,0.012245538704707504,0.004372495934884823,0.034294650104103416,0.6875298531641543,0.0202550334995939,True,12,16,0.0,1.0
L8_08,E8_relax_constitutive_Cvcal_norm,0,0,swe+ceus+relax,constitutive,k,1.9999999999999983e-12,2.0516555154770513e-12,7.263523163251823e-13,5.795108323579624e-12,0.30063807749595617,0.025499855207751665,True,12,16,0.0,1.0
L8_08,E8_relax_constitutive_Cvcal_norm,0,0,swe+ceus+relax,constitutive,D,3.0000000000000015e-07,2.968955343618296e-07,2.9048547181857495e-07,3.034470459818701e-07,0.009479248671484974,-0.010402133882628561,True,12,16,0.0,1.0
L8_08,E8_relax_constitutive_Cvcal_norm,0,0,swe+ceus+relax,constitutive,vmag,0.0004000000000000001,0.00040012694125821015,0.00039830740559690814,0.0004019547888664562,0.001979413005926266,0.0003173027996670186,True,12,16,0.0,1.0
L8_08,E8_relax_constitutive_Cvcal_norm,0,0,swe+ceus+relax,constitutive,S_v,3e-05,2.9287798489779714e-05,1.0536199623487024e-05,8.141219519662599e-05,0.6588289153013958,-0.024026386167680158,True,12,16,0.0,1.0
L8_08,E8_relax_constitutive_Cvcal_norm,0,0,swe+ceus+relax,constitutive,C_v,0.0025000000000000005,0.002391711724247848,0.0016071395038527137,0.003559295853403929,0.9804873740196961,-0.04428141966727406,True,12,16,0.0,1.0
L8_08,E8_relax_constitutive_Cvcal_norm,1,1,swe+ceus+relax,constitutive,mu,5999.999999999995,5959.724747805544,5912.187972409173,6007.643741261563,0.006955937114463056,-0.006735172471378448,True,12,16,0.0,1.0
L8_08,E8_relax_constitutive_Cvcal_norm,1,1,swe+ceus+relax,constitutive,eta_s,4.0,3.966280918372702,3.8707145083953334,4.064206825206828,0.010592330260978512,-0.008465501868424985,True,12,16,0.0,1.0
L8_08,E8_relax_constitutive_Cvcal_norm,1,1,swe+ceus+relax,constitutive,phi,0.011999999999999999,0.01239243797627688,0.004427000180690471,0.0346899735097632,0.6872204572359749,0.0321797961717305,True,12,16,0.0,1.0
L8_08,E8_relax_constitutive_Cvcal_norm,1,1,swe+ceus+relax,constitutive,k,1.9999999999999983e-12,2.0420738681707062e-12,7.24063289943085e-13,5.759255773612633e-12,0.30019661235945316,0.020818712950731566,True,12,16,0.0,1.0
L8_08,E8_relax_constitutive_Cvcal_norm,1,1,swe+ceus+relax,constitutive,D,3.0000000000000015e-07,2.9704606943021413e-07,2.9062075605739684e-07,3.036134395938091e-07,0.009497181817476337,-0.009895231956086548,True,12,16,0.0,1.0
L8_08,E8_relax_constitutive_Cvcal_norm,1,1,swe+ceus+relax,constitutive,vmag,0.0004000000000000001,0.00039810222906927327,0.00039628994194671147,0.00039992280402421974,0.0019815594642515087,-0.004755717847672258,False,12,16,0.0,1.0
L8_08,E8_relax_constitutive_Cvcal_norm,1,1,swe+ceus+relax,constitutive,S_v,3e-05,2.9662355939876553e-05,1.0676618318861463e-05,8.240955456369223e-05,0.6584864262252015,-0.011318616553396055,True,12,16,0.0,1.0
L8_08,E8_relax_constitutive_Cvcal_norm,1,1,swe+ceus+relax,constitutive,C_v,0.0025000000000000005,0.0023935851845020215,0.00160840744149954,0.003562063869914777,0.9804735068976204,-0.043498412725127444,True,12,16,0.0,1.0
L8_08,E8_relax_constitutive_Cvcal_norm,2,2,swe+ceus+relax,constitutive,mu,5999.999999999995,6039.465300594324,5990.982310059364,6088.340647549243,0.00700090634307296,0.006556012408308831,True,12,16,0.0,1.0
L8_08,E8_relax_constitutive_Cvcal_norm,2,2,swe+ceus+relax,constitutive,eta_s,4.0,4.0134316806350645,3.9156136299379516,4.113693376682941,0.01071604293703914,0.003352294934056088,True,12,16,0.0,1.0
L8_08,E8_relax_constitutive_Cvcal_norm,2,2,swe+ceus+relax,constitutive,phi,0.011999999999999999,0.012597042259909845,0.004497546905951121,0.035282672313652376,0.6875981128818259,0.04855539533638975,True,12,16,0.0,1.0
L8_08,E8_relax_constitutive_Cvcal_norm,2,2,swe+ceus+relax,constitutive,k,1.9999999999999983e-12,1.954139173540626e-12,6.915213914053642e-13,5.5221139317259005e-12,0.3007665812243089,-0.023197404531703825,True,12,16,0.0,1.0
L8_08,E8_relax_constitutive_Cvcal_norm,2,2,swe+ceus+relax,constitutive,D,3.0000000000000015e-07,3.039325956222196e-07,2.973988389564721e-07,3.106098968166444e-07,0.009438010313702797,0.013023477238505166,True,12,16,0.0,1.0
L8_08,E8_relax_constitutive_Cvcal_norm,2,2,swe+ceus+relax,constitutive,vmag,0.0004000000000000001,0.00040175755964788786,0.00039994338009764253,0.0004035799684815876,0.001965544690451974,0.004384274128842236,True,12,16,0.0,1.0
L8_08,E8_relax_constitutive_Cvcal_norm,2,2,swe+ceus+relax,constitutive,S_v,3e-05,3.0203055337160576e-05,1.0864156830914562e-05,8.396643806759106e-05,0.6589062450729087,0.006745707705974269,True,12,16,0.0,1.0
L8_08,E8_relax_constitutive_Cvcal_norm,2,2,swe+ceus+relax,constitutive,C_v,0.0025000000000000005,0.0023976307067955097,0.0016111140569710469,0.003568110514147195,0.9804916273689767,-0.04180968763041726,True,12,16,0.0,1.0
L8_08,E8_relax_constitutive_Cvcal_norm,3,3,swe+ceus+relax,constitutive,mu,5999.999999999995,6072.2870088579175,6022.80463504723,6122.17592172579,0.0071070290081426775,0.011975837346668072,False,12,16,0.0,1.0
L8_08,E8_relax_constitutive_Cvcal_norm,3,3,swe+ceus+relax,constitutive,eta_s,4.0,4.161347335034374,4.061545457323535,4.263601583375867,0.0105426482727743,0.03954453932995716,False,12,16,0.0,1.0
L8_08,E8_relax_constitutive_Cvcal_norm,3,3,swe+ceus+relax,constitutive,phi,0.011999999999999999,0.012762177049828391,0.004557587426867266,0.03573670624309232,0.6874395800863251,0.0615792287658401,True,12,16,0.0,1.0
L8_08,E8_relax_constitutive_Cvcal_norm,3,3,swe+ceus+relax,constitutive,k,1.9999999999999983e-12,1.998421847402745e-12,7.073994321753842e-13,5.645593844902114e-12,0.3006816413546337,-0.0007893877831968155,True,12,16,0.0,1.0
L8_08,E8_relax_constitutive_Cvcal_norm,3,3,swe+ceus+relax,constitutive,D,3.0000000000000015e-07,3.0419904360924603e-07,2.976523093471451e-07,3.108897704699348e-07,0.009448587921378116,0.013899761210222294,True,12,16,0.0,1.0
L8_08,E8_relax_constitutive_Cvcal_norm,3,3,swe+ceus+relax,constitutive,vmag,0.0004000000000000001,0.00040043097487089366,0.0003986217430467539,0.00040224841828873244,0.001966680602773041,0.0010768571583836817,True,12,16,0.0,1.0
L8_08,E8_relax_constitutive_Cvcal_norm,3,3,swe+ceus+relax,constitutive,S_v,3e-05,3.063765502218528e-05,1.1023351504743328e-05,8.515249693838835e-05,0.6587385913156938,0.02103242706292363,True,12,16,0.0,1.0
L8_08,E8_relax_constitutive_Cvcal_norm,3,3,swe+ceus+relax,constitutive,C_v,0.0025000000000000005,0.0024006605536472546,0.0016131520831569345,0.0035726148538700896,0.9804884356821251,-0.04054680170291647,True,12,16,0.0,1.0
L8_08,E8_relax_constitutive_Cvcal_norm,4,4,swe+ceus+relax,constitutive,mu,5999.999999999995,5962.503600033458,5914.88283351462,6010.5077617044335,0.006965016102808176,-0.006269009234580736,True,12,16,0.0,1.0
L8_08,E8_relax_constitutive_Cvcal_norm,4,4,swe+ceus+relax,constitutive,eta_s,4.0,3.977038447683399,3.8824733585363114,4.073906851047888,0.01045130522176163,-0.005756927432040371,True,12,16,0.0,1.0
L8_08,E8_relax_constitutive_Cvcal_norm,4,4,swe+ceus+relax,constitutive,phi,0.011999999999999999,0.013658933566577066,0.004875216383899976,0.03826834574815735,0.6877979721267559,0.12948713151033786,True,12,16,0.0,1.0
L8_08,E8_relax_constitutive_Cvcal_norm,4,4,swe+ceus+relax,constitutive,k,1.9999999999999983e-12,2.0520027775868956e-12,7.246435906175765e-13,5.810739864042346e-12,0.3013689926812067,0.025669100347514018,True,12,16,0.0,1.0
L8_08,E8_relax_constitutive_Cvcal_norm,4,4,swe+ceus+relax,constitutive,D,3.0000000000000015e-07,2.975804618714913e-07,2.91162976297788e-07,3.041393944162771e-07,0.009468263366996911,-0.008097826166009625,True,12,16,0.0,1.0
L8_08,E8_relax_constitutive_Cvcal_norm,4,4,swe+ceus+relax,constitutive,vmag,0.0004000000000000001,0.0004010577670746136,0.0003992360978944352,0.00040288774832531745,0.0019771293366670144,0.0026409273659728782,True,12,16,0.0,1.0
L8_08,E8_relax_constitutive_Cvcal_norm,4,4,swe+ceus+relax,constitutive,S_v,3e-05,3.2948605712797936e-05,1.1847426461227985e-05,9.1632610843393e-05,0.659140940385902,0.09375156314970923,True,12,16,0.0,1.0
L8_08,E8_relax_constitutive_Cvcal_norm,4,4,swe+ceus+relax,constitutive,C_v,0.0025000000000000005,0.0024122385215652555,0.0016209195855297891,0.0035898725247504822,0.980507377774459,-0.03573556836063041,True,12,16,0.0,1.0
L8_08,E8_relax_independent_matched,0,0,swe+ceus+relax,independent,mu,5999.999999999995,6016.592439126095,5968.853094388273,6064.713606803762,0.006919406901036742,0.0027615898192721033,True,15,16,0.0,1.0
L8_08,E8_relax_independent_matched,0,0,swe+ceus+relax,independent,eta_s,4.0,3.917207721180054,3.8216739542174563,4.015129630286487,0.010722969366315123,-0.020915277160615364,True,15,16,0.0,1.0
L8_08,E8_relax_independent_matched,0,0,swe+ceus+relax,independent,phi,0.011999999999999999,0.0120170395244582,0.010913675876332296,0.013231952329238626,0.06429742301633559,0.0014189531811226175,True,15,16,0.0,1.0
L8_08,E8_relax_independent_matched,0,0,swe+ceus+relax,independent,k,1.9999999999999983e-12,1.5831743248834001e-12,5.603036939439852e-13,4.473361446766731e-12,0.30073683494327147,-0.23371528261400343,True,15,16,0.0,1.0
L8_08,E8_relax_independent_matched,0,0,swe+ceus+relax,independent,D,3.0000000000000015e-07,2.98651804093197e-07,2.9392062989034246e-07,3.034591349419668e-07,0.006935072890268521,-0.004504114668417714,True,15,16,0.0,1.0
L8_08,E8_relax_independent_matched,0,0,swe+ceus+relax,independent,vmag,0.0004000000000000001,0.0003998227102750585,0.00039792172430424416,0.00040173277779995874,0.002069808936814773,-0.00044332256528267777,True,15,16,0.0,1.0
L8_08,E8_relax_independent_matched,0,0,swe+ceus+relax,independent,S_v,2.9999999999999977e-05,2.2386411499470904e-05,8.050752826980248e-06,6.224901330272485e-05,0.6590444458903781,-0.2927432363631812,True,15,16,0.0,1.0
L8_08,E8_relax_independent_matched,1,1,swe+ceus+relax,independent,mu,5999.999999999995,5960.20979291475,5912.682916724531,6008.118696010895,0.006953914542853293,-0.006653788616825196,True,15,16,0.0,1.0
L8_08,E8_relax_independent_matched,1,1,swe+ceus+relax,independent,eta_s,4.0,3.967435879905274,3.871892192958454,4.0653372244676635,0.010586660066737096,-0.008174349166583772,True,15,16,0.0,1.0
L8_08,E8_relax_independent_matched,1,1,swe+ceus+relax,independent,phi,0.011999999999999999,0.011768349974593717,0.010687756431474788,0.012958197729568707,0.06430140347137454,-0.019492927417672057,True,15,16,0.0,1.0
L8_08,E8_relax_independent_matched,1,1,swe+ceus+relax,independent,k,1.9999999999999983e-12,1.5592735968184676e-12,5.526511039710014e-13,4.399401597617685e-12,0.300314188760823,-0.24892711080898167,True,15,16,0.0,1.0
L8_08,E8_relax_independent_matched,1,1,swe+ceus+relax,independent,D,3.0000000000000015e-07,2.940773005432636e-07,2.893949940049776e-07,2.988353651111376e-07,0.006970488794890311,-0.019939814858867422,False,15,16,0.0,1.0
L8_08,E8_relax_independent_matched,1,1,swe+ceus+relax,independent,vmag,0.0004000000000000001,0.00039884267541815267,0.0003969333726118252,0.0004007611622272821,0.002084006590193321,-0.0028975051713109323,True,15,16,0.0,1.0
L8_08,E8_relax_independent_matched,1,1,swe+ceus+relax,independent,S_v,2.9999999999999977e-05,2.2472354688327338e-05,8.085481240202268e-06,6.245846230240642e-05,0.658739839846288,-0.28891150841733904,True,15,16,0.0,1.0
L8_08,E8_relax_independent_matched,2,2,swe+ceus+relax,independent,mu,5999.999999999995,6039.9216247343675,5991.448100675459,6088.787321519337,0.006999002908160269,0.006631566597123495,True,15,16,0.0,1.0
L8_08,E8_relax_independent_matched,2,2,swe+ceus+relax,independent,eta_s,4.0,4.014477571156292,3.9166813715835738,4.114715658578316,0.010710793439056966,0.0036128585489005882,True,15,16,0.0,1.0
L8_08,E8_relax_independent_matched,2,2,swe+ceus+relax,independent,phi,0.011999999999999999,0.012043845732651468,0.01093807459418394,0.013261403438319582,0.06429414144317094,0.0036471521021184117,True,15,16,0.0,1.0
L8_08,E8_relax_independent_matched,2,2,swe+ceus+relax,independent,k,1.9999999999999983e-12,1.5093595667193513e-12,5.339599211210064e-13,4.266549251232936e-12,0.30085603435880603,-0.2814617477012611,True,15,16,0.0,1.0
L8_08,E8_relax_independent_matched,2,2,swe+ceus+relax,independent,D,3.0000000000000015e-07,2.9935761147512563e-07,2.9462191648606836e-07,3.041694270980342e-07,0.006925254777198741,-0.002143590933211925,True,15,16,0.0,1.0
L8_08,E8_relax_independent_matched,2,2,swe+ceus+relax,independent,vmag,0.0004000000000000001,0.00040038918874502814,0.0003984885156862387,0.00040229892745548436,0.002066532522435221,0.0009724988322528105,True,15,16,0.0,1.0
L8_08,E8_relax_independent_matched,2,2,swe+ceus+relax,independent,S_v,2.9999999999999977e-05,2.3133484443505663e-05,8.31864696743851e-06,6.433234931025148e-05,0.6591043476889366,-0.2599162706988256,True,15,16,0.0,1.0
L8_08,E8_relax_independent_matched,3,3,swe+ceus+relax,independent,mu,5999.999999999995,6072.743397054573,6023.270020418813,6122.623133522689,0.007105195255233872,0.012050993716247405,False,15,16,0.0,1.0
L8_08,E8_relax_independent_matched,3,3,swe+ceus+relax,independent,eta_s,4.0,4.162571408943549,4.062803746739224,4.264789001551159,0.010535852614535655,0.03983864934127457,False,15,16,0.0,1.0
L8_08,E8_relax_independent_matched,3,3,swe+ceus+relax,independent,phi,0.011999999999999999,0.012152111305342913,0.011036041307745081,0.013381048970322874,0.06431584436303045,0.012596274889372872,True,15,16,0.0,1.0
L8_08,E8_relax_independent_matched,3,3,swe+ceus+relax,independent,k,1.9999999999999983e-12,1.5386363788297621e-12,5.443987816684097e-13,4.348653938943484e-12,0.30081256791991245,-0.2622506246853895,True,15,16,0.0,1.0
L8_08,E8_relax_independent_matched,3,3,swe+ceus+relax,independent,D,3.0000000000000015e-07,3.038143047068446e-07,2.989648997943564e-07,3.087423701176771e-07,0.00698801556947793,0.012634200331277157,True,15,16,0.0,1.0
L8_08,E8_relax_independent_matched,3,3,swe+ceus+relax,independent,vmag,0.0004000000000000001,0.00040060453128876845,0.0003986883212955439,0.00040252995113475765,0.0020823432059436727,0.001510187314802458,True,15,16,0.0,1.0
L8_08,E8_relax_independent_matched,3,3,swe+ceus+relax,independent,S_v,2.9999999999999977e-05,2.340912487521875e-05,8.418811403549867e-06,6.509079502511738e-05,0.6590242780840857,-0.24807148337756857,True,15,16,0.0,1.0
L8_08,E8_relax_independent_matched,4,4,swe+ceus+relax,independent,mu,5999.999999999995,5962.9457767694885,5915.334557215863,6010.940208499104,0.006963095695074126,-0.006194852408743401,True,15,16,0.0,1.0
L8_08,E8_relax_independent_matched,4,4,swe+ceus+relax,independent,eta_s,4.0,3.9782488873740793,3.8837229064802385,4.075075537311284,0.010443713427488009,-0.005452616688998546,True,15,16,0.0,1.0
L8_08,E8_relax_independent_matched,4,4,swe+ceus+relax,independent,phi,0.011999999999999999,0.012204179570823785,0.01108361333302222,0.01343803636248829,0.06429862938528327,0.016871831053860475,True,15,16,0.0,1.0
L8_08,E8_relax_independent_matched,4,4,swe+ceus+relax,independent,k,1.9999999999999983e-12,1.5755120252913889e-12,5.561030969427248e-13,4.4636294159919584e-12,0.3015109391040739,-0.23856686569131114,True,15,16,0.0,1.0
L8_08,E8_relax_independent_matched,4,4,swe+ceus+relax,independent,D,3.0000000000000015e-07,3.026956277299897e-07,2.979070277604258e-07,3.075612003370939e-07,0.0069253993220609635,0.008945297031901944,True,15,16,0.0,1.0
L8_08,E8_relax_independent_matched,4,4,swe+ceus+relax,independent,vmag,0.0004000000000000001,0.0004001664725786176,0.00039826931390023494,0.0004020726683857103,0.002063853123454624,0.0004160948670666187,True,15,16,0.0,1.0
L8_08,E8_relax_independent_matched,4,4,swe+ceus+relax,independent,S_v,2.9999999999999977e-05,2.5084829135037625e-05,9.015452051691972e-06,6.979668341932322e-05,0.6594534661533409,-0.17893413518873658,True,15,16,0.0,1.0
